{
"type": "FeatureCollection",
"name": "省界线",
"crs": { "type": "name", "properties": { "name": "urn:ogc:def:crs:OGC:1.3:CRS84" } },
"features": [
{ "type": "Feature", "properties": { "OBJECTID": 2, "Id": 0, "Shape_Leng": 40.079227292299997, "Shape_Area": 15.9904326474 }, "geometry": { "type": "MultiLineString", "coordinates": [ [ [ 109.574724849000063, 26.772410104000073 ], [ 109.575527917000045, 26.772201901000074 ], [ 109.576687904000039, 26.772588564000046 ], [ 109.57766943200005, 26.772053185000061 ], [ 109.579037622000044, 26.770833711000023 ], [ 109.579543257000068, 26.768573223000033 ], [ 109.580227352000065, 26.767353750000041 ], [ 109.581982205000088, 26.766610168000057 ], [ 109.584242693000078, 26.765420438000035 ], [ 109.58587857200007, 26.765182492000065 ], [ 109.587841627000046, 26.764795829000036 ], [ 109.590726724000035, 26.763754815000027 ], [ 109.591648765000059, 26.763189693000072 ], [ 109.592422090000071, 26.761107665000054 ], [ 109.593165671000065, 26.759174352000059 ], [ 109.59123235900006, 26.758460514000035 ], [ 109.588460287000089, 26.756366588000049 ], [ 109.586604308000062, 26.755652750000024 ], [ 109.581274315000087, 26.754225074000033 ], [ 109.579799049000087, 26.753701592000027 ], [ 109.579703871000049, 26.751322131000052 ], [ 109.580417709000074, 26.749418562000074 ], [ 109.578181016000087, 26.747848118000036 ], [ 109.57527807300005, 26.744849997000074 ], [ 109.57366004000005, 26.742280179000034 ], [ 109.57489736000008, 26.740233843000055 ], [ 109.574611824000044, 26.737378490000026 ], [ 109.574040754000066, 26.736807419000058 ], [ 109.57047156200008, 26.735474921000048 ], [ 109.568948707000061, 26.734761083000024 ], [ 109.566474068000048, 26.731715372000053 ], [ 109.563475947000086, 26.729526268000029 ], [ 109.561905503000048, 26.729621447000056 ], [ 109.559526042000073, 26.728907608000043 ], [ 109.553815335000081, 26.726908861000027 ], [ 109.550436500000046, 26.726956450000046 ], [ 109.548628110000038, 26.726242612000078 ], [ 109.548104629000079, 26.72481493600003 ], [ 109.546201060000044, 26.722102350000057 ], [ 109.543202939000082, 26.720293960000049 ], [ 109.541822852000053, 26.72038913800003 ], [ 109.539824104000047, 26.72176922500006 ], [ 109.539633748000085, 26.722911367000052 ], [ 109.540204818000063, 26.726813683000046 ], [ 109.539062677000061, 26.729145555000059 ], [ 109.53911026600008, 26.729859393000027 ], [ 109.539633748000085, 26.729906982000045 ], [ 109.542774636000047, 26.728526895000073 ], [ 109.54510650800006, 26.72900278700007 ], [ 109.545487222000077, 26.729716625000037 ], [ 109.544630616000063, 26.730953945000067 ], [ 109.542822225000066, 26.732000908000032 ], [ 109.541632495000044, 26.733333406000042 ], [ 109.540728300000069, 26.734237601000075 ], [ 109.538348839000037, 26.733952066000029 ], [ 109.53625491300005, 26.734380369000064 ], [ 109.535207950000085, 26.735332153000058 ], [ 109.533923041000037, 26.735332153000058 ], [ 109.533114024000042, 26.735617689000037 ], [ 109.532019472000059, 26.736997776000067 ], [ 109.531162866000045, 26.738187506000031 ], [ 109.528926173000059, 26.73956759400005 ], [ 109.524690732000067, 26.741756698000074 ], [ 109.520740827000054, 26.744516873000066 ], [ 109.520883595000043, 26.745183122000071 ], [ 109.521787790000076, 26.746610798000063 ], [ 109.52126430900006, 26.748228832000052 ], [ 109.521882968000057, 26.748371600000041 ], [ 109.522882342000059, 26.747895707000055 ], [ 109.52445278600004, 26.746991512000079 ], [ 109.525880463000078, 26.74694392300006 ], [ 109.529259298000056, 26.74708669100005 ], [ 109.530591796000067, 26.746563209000044 ], [ 109.531686348000051, 26.74561142500005 ], [ 109.533732684000086, 26.743565088000025 ], [ 109.535826610000072, 26.742756072000077 ], [ 109.537920536000058, 26.741328395000039 ], [ 109.540014461000055, 26.741233217000058 ], [ 109.543536064000079, 26.740519378000045 ], [ 109.546153471000082, 26.738473042000066 ], [ 109.549722662000079, 26.738948934000064 ], [ 109.552102123000054, 26.739044112000045 ], [ 109.555623725000089, 26.738330274000077 ], [ 109.557812830000046, 26.740995270000042 ], [ 109.56000193400007, 26.742422947000023 ], [ 109.56295246500008, 26.743374731000074 ], [ 109.563380768000059, 26.744659640000066 ], [ 109.561191664000035, 26.745659014000069 ], [ 109.561667556000089, 26.74694392300006 ], [ 109.56161996700007, 26.74865713500003 ], [ 109.560477826000067, 26.748990259000038 ], [ 109.558431489000043, 26.749133027000028 ], [ 109.555243012000062, 26.749561330000063 ], [ 109.55395810300007, 26.750655882000046 ], [ 109.553101497000057, 26.753273289000049 ], [ 109.551531053000076, 26.756794891000027 ], [ 109.552054534000035, 26.75741355100007 ], [ 109.553291854000065, 26.75741355100007 ], [ 109.555005066000035, 26.755843107000032 ], [ 109.558003186000064, 26.752892575000033 ], [ 109.56014470100007, 26.752607040000044 ], [ 109.561572378000051, 26.752226326000027 ], [ 109.56457049900007, 26.751274542000033 ], [ 109.566045765000069, 26.752035969000076 ], [ 109.56761620900005, 26.753606414000046 ], [ 109.568663172000072, 26.753701592000027 ], [ 109.569900492000045, 26.753606414000046 ], [ 109.570947454000077, 26.754415430000051 ], [ 109.571185400000047, 26.755843107000032 ], [ 109.573517272000061, 26.756794891000027 ], [ 109.575896733000036, 26.760697208000067 ], [ 109.576087090000044, 26.763885685000048 ], [ 109.572089596000069, 26.769548802000031 ], [ 109.571851650000042, 26.773927011000069 ], [ 109.572898612000074, 26.774926384000025 ], [ 109.573416145000067, 26.775116741000033 ], [ 109.573951524000051, 26.774997768000048 ], [ 109.574129983000034, 26.773659321000025 ], [ 109.574724849000063, 26.772410104000073 ] ], [ [ 107.570477, 29.203133 ], [ 107.570813, 29.194127 ], [ 107.571034, 29.192139 ], [ 107.572042, 29.188234 ], [ 107.572278, 29.187903 ], [ 107.573194, 29.187575 ], [ 107.575429, 29.18726 ], [ 107.575856, 29.186947 ], [ 107.57594, 29.186703 ], [ 107.576074, 29.181227 ], [ 107.576531, 29.177437 ], [ 107.57697, 29.175631 ], [ 107.577405, 29.174461 ], [ 107.578599, 29.172157 ], [ 107.581006, 29.162368 ], [ 107.580838, 29.161452 ], [ 107.581212, 29.15955 ], [ 107.582238, 29.156719 ], [ 107.582883, 29.155223 ], [ 107.583489, 29.1546 ], [ 107.58493, 29.153815 ], [ 107.588017, 29.152829 ], [ 107.592194, 29.15154 ], [ 107.59462, 29.150894 ], [ 107.595848, 29.150742 ], [ 107.596787, 29.150968 ], [ 107.598362, 29.152382 ], [ 107.599095, 29.153384 ], [ 107.599984, 29.155492 ], [ 107.600235, 29.156795 ], [ 107.600189, 29.159425 ], [ 107.599892, 29.16043 ], [ 107.599491, 29.160893 ], [ 107.599083, 29.161081 ], [ 107.598213, 29.161076 ], [ 107.597927, 29.160946 ], [ 107.597557, 29.160725 ], [ 107.596642, 29.161617 ], [ 107.596443, 29.16207 ], [ 107.596424, 29.162721 ], [ 107.596661, 29.163237 ], [ 107.597561, 29.164229 ], [ 107.599423, 29.16532 ], [ 107.600437, 29.166359 ], [ 107.600682, 29.166657 ], [ 107.6017, 29.167915 ], [ 107.602516, 29.168559 ], [ 107.603371, 29.168869 ], [ 107.603993, 29.16893 ], [ 107.605179, 29.16875 ], [ 107.607195946000047, 29.166904403000046 ], [ 107.608623622000039, 29.165655186000038 ], [ 107.61162769200007, 29.16559570000004 ], [ 107.613739463000059, 29.167350552000073 ], [ 107.613442031000034, 29.169075662000068 ], [ 107.615702519000081, 29.171008974000074 ], [ 107.618617358000051, 29.173091002000035 ], [ 107.620996819000084, 29.173834584000076 ], [ 107.621442968000053, 29.172525880000023 ], [ 107.622751672000049, 29.170443852000062 ], [ 107.625101390000054, 29.167558755000073 ], [ 107.62929519000005, 29.164168023000059 ], [ 107.633756679000044, 29.16291880600005 ], [ 107.636641775000044, 29.163216239000064 ], [ 107.637861249000082, 29.162115738000068 ], [ 107.639407899000048, 29.162502400000051 ], [ 107.645178092000037, 29.164049050000074 ], [ 107.650393870000073, 29.165230453000049 ], [ 107.653363438000042, 29.164088311000057 ], [ 107.65444847200007, 29.161518493000074 ], [ 107.655476399000065, 29.157064142000024 ], [ 107.657067, 29.152762 ], [ 107.657284, 29.152063 ], [ 107.65730506400007, 29.152033312000071 ], [ 107.657582, 29.151643 ], [ 107.658356, 29.151007 ], [ 107.659329, 29.150613 ], [ 107.661439, 29.150115 ], [ 107.661458498000059, 29.150110976000065 ], [ 107.66829, 29.148701 ], [ 107.67741, 29.147627 ], [ 107.685696, 29.145932 ], [ 107.691727, 29.144854 ], [ 107.692822, 29.144604 ], [ 107.694309, 29.144286 ], [ 107.695049, 29.144246 ], [ 107.696137, 29.144453 ], [ 107.696675, 29.144743 ], [ 107.69714, 29.145165 ], [ 107.697511, 29.146162 ], [ 107.697251, 29.148408 ], [ 107.697338, 29.149481 ], [ 107.6987, 29.153363 ], [ 107.699875, 29.155229 ], [ 107.701511355000036, 29.157264969000039 ], [ 107.702558318000058, 29.159025770000028 ], [ 107.702843853000047, 29.161881123000057 ], [ 107.703510103000042, 29.163832281000055 ], [ 107.704842601000053, 29.164998217000061 ], [ 107.706389250000086, 29.164974423000046 ], [ 107.70693652600005, 29.163451567000038 ], [ 107.706579607000037, 29.161095901000067 ], [ 107.704961574000038, 29.159263716000055 ], [ 107.703938405000088, 29.157312558000058 ], [ 107.704747422000082, 29.157074612000031 ], [ 107.706769964000046, 29.157407737000028 ], [ 107.709, 29.157539 ], [ 107.7118, 29.157695 ], [ 107.713146, 29.158185 ], [ 107.714134, 29.159131 ], [ 107.715169, 29.161443 ], [ 107.71753, 29.166693 ], [ 107.718853, 29.169631 ], [ 107.721371, 29.175231 ], [ 107.722844, 29.178654 ], [ 107.722848, 29.17899 ], [ 107.722119, 29.179412 ], [ 107.719681, 29.179922 ], [ 107.719052, 29.180359 ], [ 107.718937, 29.182567 ], [ 107.719231, 29.183803 ], [ 107.719883, 29.184813 ], [ 107.720375, 29.185161 ], [ 107.725186, 29.187303 ], [ 107.731206, 29.18952 ], [ 107.73256, 29.19025 ], [ 107.735017, 29.191967 ], [ 107.737241, 29.193953 ], [ 107.741414, 29.198159 ], [ 107.744363, 29.202045 ], [ 107.744916, 29.202429 ], [ 107.745591, 29.2026 ], [ 107.746301060000064, 29.202777266000055 ], [ 107.746304, 29.202778 ], [ 107.7472, 29.202544 ], [ 107.748871, 29.200935 ], [ 107.750004, 29.199526 ], [ 107.750904, 29.198407 ], [ 107.752007, 29.197293 ], [ 107.752995, 29.196652 ], [ 107.754387, 29.195806 ], [ 107.754982, 29.195221 ], [ 107.756092, 29.193283 ], [ 107.756493, 29.191943 ], [ 107.75684, 29.18923 ], [ 107.756825, 29.187852 ], [ 107.756272, 29.18513 ], [ 107.754757, 29.183316 ], [ 107.754876, 29.182118 ], [ 107.755166, 29.181493 ], [ 107.755875, 29.180636 ], [ 107.756539, 29.180163 ], [ 107.757954, 29.179545 ], [ 107.75982, 29.179082 ], [ 107.762353, 29.178602 ], [ 107.763509, 29.178055 ], [ 107.764958, 29.176784 ], [ 107.765702, 29.175797 ], [ 107.766869, 29.173643 ], [ 107.76833, 29.169585 ], [ 107.768826, 29.168204 ], [ 107.769612, 29.166853 ], [ 107.76978, 29.16666 ], [ 107.77015, 29.166243 ], [ 107.770828, 29.165765 ], [ 107.772565, 29.16538 ], [ 107.776406, 29.165266 ], [ 107.777505, 29.16493 ], [ 107.777974, 29.16463 ], [ 107.780484, 29.162367 ], [ 107.781541, 29.16109 ], [ 107.78524, 29.155716 ], [ 107.78759, 29.152396 ], [ 107.788952, 29.150809 ], [ 107.790806, 29.149456 ], [ 107.795269, 29.147686 ], [ 107.797192, 29.146983 ], [ 107.801011, 29.145875 ], [ 107.801831, 29.14598 ], [ 107.802949, 29.146374 ], [ 107.80349, 29.146303 ], [ 107.804227, 29.145832 ], [ 107.805265835000057, 29.144494787000042 ], [ 107.805268, 29.144492 ], [ 107.806321, 29.142376 ], [ 107.806283, 29.141328 ], [ 107.805474, 29.139176 ], [ 107.801125, 29.12656 ], [ 107.797829, 29.119555 ], [ 107.79762, 29.11837 ], [ 107.79765, 29.116724 ], [ 107.797547, 29.115936 ], [ 107.797082, 29.115234 ], [ 107.796227, 29.114367 ], [ 107.796029, 29.113879 ], [ 107.796506, 29.111371 ], [ 107.796464, 29.109754 ], [ 107.796258, 29.108968 ], [ 107.795365, 29.107658 ], [ 107.793907, 29.106102 ], [ 107.793389, 29.10523 ], [ 107.789086, 29.094305 ], [ 107.785851, 29.086337 ], [ 107.785462, 29.085376 ], [ 107.785302, 29.084341 ], [ 107.785351, 29.083332 ], [ 107.785374, 29.082935 ], [ 107.785362, 29.082233 ], [ 107.78489, 29.077741 ], [ 107.784486, 29.072838 ], [ 107.783803, 29.069857 ], [ 107.782452, 29.065939 ], [ 107.782036, 29.063943 ], [ 107.782219, 29.060558 ], [ 107.781815, 29.057508 ], [ 107.780937, 29.053451 ], [ 107.780693, 29.051419 ], [ 107.780865, 29.050254 ], [ 107.781288, 29.049715 ], [ 107.781922, 29.049232 ], [ 107.783245, 29.048597 ], [ 107.78459545000004, 29.048247179000043 ], [ 107.7846, 29.048246 ], [ 107.787384, 29.047908 ], [ 107.793946, 29.047361 ], [ 107.797433, 29.046549 ], [ 107.799126, 29.045969 ], [ 107.803631, 29.043859 ], [ 107.805733, 29.042676 ], [ 107.809674, 29.040037 ], [ 107.810056, 29.039335 ], [ 107.810712, 29.03788 ], [ 107.812463, 29.03788 ], [ 107.81442, 29.037933 ], [ 107.815469, 29.038071 ], [ 107.816693, 29.037801 ], [ 107.818368, 29.037463 ], [ 107.819344, 29.037318 ], [ 107.820119, 29.037175 ], [ 107.820508, 29.037064 ], [ 107.820157, 29.036545 ], [ 107.819718, 29.03524 ], [ 107.819268, 29.033704 ], [ 107.818879, 29.032168 ], [ 107.818299, 29.030581 ], [ 107.81804, 29.029043 ], [ 107.817971, 29.027272 ], [ 107.817838, 29.0255 ], [ 107.817586, 29.023959 ], [ 107.817387, 29.022245 ], [ 107.817326, 29.02076 ], [ 107.817593, 29.019146 ], [ 107.817719, 29.017482 ], [ 107.817673, 29.016391 ], [ 107.817498, 29.015193 ], [ 107.816945, 29.014179 ], [ 107.816312, 29.013052 ], [ 107.816212, 29.012137 ], [ 107.816693, 29.011147 ], [ 107.817044, 29.010049 ], [ 107.81667, 29.008985 ], [ 107.816441, 29.008133 ], [ 107.816022, 29.007343 ], [ 107.815133, 29.006168 ], [ 107.814637, 29.00515 ], [ 107.814202, 29.004075 ], [ 107.813732, 29.003095 ], [ 107.813717, 29.003062 ], [ 107.813351, 29.002098 ], [ 107.813191, 29.0013 ], [ 107.812893, 29.000392 ], [ 107.812748, 29.000061 ], [ 107.812721, 28.999982 ], [ 107.812531, 28.999423 ], [ 107.812386, 28.998515 ], [ 107.810963, 28.99703 ], [ 107.809807, 28.995941 ], [ 107.808975, 28.994919 ], [ 107.808125, 28.993655 ], [ 107.807415, 28.991885 ], [ 107.806526, 28.990179 ], [ 107.806007, 28.988694 ], [ 107.805687, 28.988007 ], [ 107.806137, 28.987379 ], [ 107.807034, 28.986692 ], [ 107.807674, 28.986008 ], [ 107.80877, 28.985792 ], [ 107.809487, 28.985121 ], [ 107.812218, 28.983937 ], [ 107.813142, 28.983087 ], [ 107.816579, 28.981946 ], [ 107.81923, 28.981208 ], [ 107.821465, 28.980254 ], [ 107.823811, 28.979282 ], [ 107.825372, 28.978091 ], [ 107.826222, 28.977175 ], [ 107.82729, 28.975675 ], [ 107.828805, 28.974917 ], [ 107.829892, 28.97406 ], [ 107.831231, 28.973086 ], [ 107.832448, 28.972224 ], [ 107.833508, 28.971849 ], [ 107.834855, 28.971447 ], [ 107.835873, 28.971218 ], [ 107.836903, 28.971269 ], [ 107.837983, 28.971498 ], [ 107.838242, 28.97104 ], [ 107.837762, 28.967816 ], [ 107.840115, 28.967203 ], [ 107.845265, 28.965669 ], [ 107.846211, 28.965447 ], [ 107.84945, 28.966019 ], [ 107.850919, 28.966128 ], [ 107.852326, 28.966301 ], [ 107.854497, 28.966352 ], [ 107.856095, 28.966293 ], [ 107.857255, 28.966062 ], [ 107.858563, 28.965968 ], [ 107.859642, 28.965506 ], [ 107.860863, 28.965163 ], [ 107.861821, 28.964476 ], [ 107.862652, 28.962988 ], [ 107.862774, 28.961801 ], [ 107.863327, 28.963698 ], [ 107.863186, 28.967771 ], [ 107.86343, 28.970981 ], [ 107.864213, 28.974183 ], [ 107.865235, 28.976762 ], [ 107.866284, 28.979575 ], [ 107.866841, 28.982212 ], [ 107.867211, 28.983987 ], [ 107.867821, 28.986273 ], [ 107.868649, 28.987308 ], [ 107.870373, 28.988168 ], [ 107.870766, 28.988221 ], [ 107.872559, 28.988487 ], [ 107.874989, 28.988436 ], [ 107.876283, 28.988724 ], [ 107.877133, 28.988899 ], [ 107.878865, 28.989766 ], [ 107.880025, 28.990733 ], [ 107.881257, 28.992173 ], [ 107.881886, 28.993778 ], [ 107.882329, 28.995387 ], [ 107.882253, 28.99704 ], [ 107.882314, 28.998935 ], [ 107.882459, 28.999977 ], [ 107.88247, 29.000056 ], [ 107.883675, 29.002354 ], [ 107.883423, 29.003231 ], [ 107.883389, 29.003333 ], [ 107.881661, 29.004991 ], [ 107.880399, 29.006285 ], [ 107.878667, 29.009296 ], [ 107.877526, 29.011179 ], [ 107.87719, 29.012156 ], [ 107.87737, 29.013044 ], [ 107.877744, 29.01343 ], [ 107.878182, 29.013684 ], [ 107.879079, 29.013791 ], [ 107.879983, 29.013494 ], [ 107.881825, 29.012334 ], [ 107.883218, 29.011599 ], [ 107.883931, 29.011483 ], [ 107.884972, 29.011623 ], [ 107.887078, 29.012358 ], [ 107.888634, 29.012523 ], [ 107.889134, 29.01234 ], [ 107.88976, 29.011544 ], [ 107.891769498000087, 29.009698761000038 ], [ 107.896802058000048, 29.008199701000024 ], [ 107.901837, 29.008033 ], [ 107.903614, 29.009226 ], [ 107.906445, 29.011874 ], [ 107.9114, 29.017522 ], [ 107.918156, 29.026758 ], [ 107.919468, 29.029189 ], [ 107.919470720000049, 29.029196267000032 ], [ 107.921399, 29.034348 ], [ 107.922879, 29.036864 ], [ 107.923932, 29.03806 ], [ 107.926072, 29.039624 ], [ 107.927678, 29.040275 ], [ 107.927682016000063, 29.040275951000069 ], [ 107.928784, 29.040537 ], [ 107.931031, 29.040659 ], [ 107.933377, 29.040375 ], [ 107.938019, 29.03936 ], [ 107.940144, 29.038574 ], [ 107.944371, 29.036618 ], [ 107.946286, 29.036165 ], [ 107.946469, 29.036124 ], [ 107.947537, 29.036172 ], [ 107.949898, 29.036709 ], [ 107.954629, 29.038316 ], [ 107.960137, 29.040247 ], [ 107.964703, 29.041821 ], [ 107.966969, 29.042167 ], [ 107.967713, 29.042118 ], [ 107.96917, 29.041696 ], [ 107.973363, 29.039279 ], [ 107.978486, 29.036207 ], [ 107.979478, 29.035828 ], [ 107.981618, 29.035355 ], [ 107.983144, 29.034971 ], [ 107.984417, 29.034182 ], [ 107.9869, 29.032064 ], [ 107.988121, 29.031435 ], [ 107.988735, 29.03139 ], [ 107.990036, 29.031952 ], [ 107.990063213000042, 29.031978194000033 ], [ 107.992466, 29.034291 ], [ 107.992821, 29.034732 ], [ 107.993298, 29.035861 ], [ 107.994072, 29.039571 ], [ 107.994518, 29.040304 ], [ 107.994846, 29.040469 ], [ 107.995514, 29.040406 ], [ 107.99572, 29.040332 ], [ 108.000028, 29.038738 ], [ 108.000432, 29.038594 ], [ 108.004666, 29.038548 ], [ 108.005364, 29.038708 ], [ 108.006646, 29.039384 ], [ 108.009003, 29.041019 ], [ 108.010308, 29.041392 ], [ 108.011822, 29.0411 ], [ 108.015603, 29.040881 ], [ 108.017468, 29.04113 ], [ 108.019635, 29.041995 ], [ 108.020916, 29.042771 ], [ 108.021649, 29.043216 ], [ 108.022747, 29.044757 ], [ 108.023941, 29.04614 ], [ 108.024239, 29.046418 ], [ 108.02443, 29.046867 ], [ 108.024735, 29.046964 ], [ 108.025632, 29.048068 ], [ 108.02694, 29.04909 ], [ 108.029366, 29.050593 ], [ 108.030972, 29.052256 ], [ 108.031361, 29.053069 ], [ 108.031922, 29.054979 ], [ 108.032098, 29.056067 ], [ 108.032288, 29.056792 ], [ 108.032372, 29.057245 ], [ 108.033063, 29.058524 ], [ 108.036839, 29.061915 ], [ 108.037812, 29.063835 ], [ 108.038407, 29.064662 ], [ 108.038413253000044, 29.064670267000054 ], [ 108.039304, 29.065848 ], [ 108.040196, 29.067043 ], [ 108.041902, 29.068437 ], [ 108.04353, 29.069291 ], [ 108.044854, 29.069683 ], [ 108.046048, 29.070315 ], [ 108.047448, 29.071879 ], [ 108.048947, 29.073448 ], [ 108.050561, 29.074842 ], [ 108.052762, 29.077059 ], [ 108.055062, 29.079459 ], [ 108.05555, 29.080369 ], [ 108.055932, 29.081463 ], [ 108.056023, 29.081826 ], [ 108.056218, 29.082282 ], [ 108.056294, 29.083187 ], [ 108.05631, 29.08336 ], [ 108.056371, 29.08409 ], [ 108.056752, 29.084863 ], [ 108.059414, 29.086161 ], [ 108.062313, 29.087585 ], [ 108.065003, 29.089033 ], [ 108.066002, 29.089277 ], [ 108.067723, 29.088694 ], [ 108.070008, 29.087601 ], [ 108.071151453000084, 29.087170711000056 ], [ 108.071156, 29.087169 ], [ 108.075501, 29.086134 ], [ 108.080864, 29.084858 ], [ 108.086537, 29.083341 ], [ 108.088074, 29.082929 ], [ 108.09121, 29.082665 ], [ 108.091614, 29.082512 ], [ 108.09224, 29.08191 ], [ 108.093296, 29.080396 ], [ 108.094036, 29.079977 ], [ 108.096047, 29.07995 ], [ 108.098802, 29.08036 ], [ 108.100148, 29.080321 ], [ 108.103635, 29.079541 ], [ 108.105321, 29.07889 ], [ 108.106835, 29.077751 ], [ 108.108525, 29.075923 ], [ 108.109555, 29.075252 ], [ 108.115845, 29.073734 ], [ 108.119812, 29.071783 ], [ 108.120492, 29.071344 ], [ 108.121697, 29.070561 ], [ 108.12428, 29.068547 ], [ 108.125001, 29.067786 ], [ 108.125348, 29.067423 ], [ 108.126107, 29.066171 ], [ 108.126336, 29.065482 ], [ 108.126775, 29.062127 ], [ 108.126832, 29.058938 ], [ 108.12584, 29.054797 ], [ 108.125752, 29.05436 ], [ 108.125718, 29.053907 ], [ 108.125974, 29.05348 ], [ 108.126069, 29.053325 ], [ 108.127164, 29.053236 ], [ 108.129155, 29.053846 ], [ 108.13215, 29.054785 ], [ 108.13411, 29.055356 ], [ 108.136109, 29.055679 ], [ 108.145622, 29.056216 ], [ 108.147968, 29.056623 ], [ 108.149094, 29.057058 ], [ 108.150299, 29.057981 ], [ 108.151596, 29.059476 ], [ 108.152382, 29.060086 ], [ 108.161873, 29.065249 ], [ 108.166982, 29.068255 ], [ 108.167908768000075, 29.068548604000057 ], [ 108.168797, 29.06883 ], [ 108.169755, 29.068916 ], [ 108.171763845000044, 29.068731467000077 ], [ 108.174534, 29.068477 ], [ 108.176662, 29.068296 ], [ 108.177036, 29.068378 ], [ 108.17738, 29.069059 ], [ 108.177624, 29.071132 ], [ 108.178188, 29.071731 ], [ 108.182777, 29.072918 ], [ 108.185437, 29.073441 ], [ 108.188893, 29.074942 ], [ 108.189564, 29.075054 ], [ 108.19098, 29.074939 ], [ 108.192029, 29.07456 ], [ 108.193364, 29.073584 ], [ 108.193814, 29.072943 ], [ 108.194436, 29.071154 ], [ 108.194962, 29.068725 ], [ 108.195443, 29.067586 ], [ 108.199379, 29.061404 ], [ 108.200386, 29.059746 ], [ 108.201191, 29.059022 ], [ 108.201809, 29.058737 ], [ 108.203072, 29.058666 ], [ 108.205643, 29.0594 ], [ 108.206921, 29.059571 ], [ 108.209446641000056, 29.059405024000057 ], [ 108.209447, 29.059405 ], [ 108.210694, 29.059113 ], [ 108.212113, 29.058198 ], [ 108.213628, 29.056598 ], [ 108.214528, 29.055993 ], [ 108.220071, 29.054121 ], [ 108.223294, 29.052458 ], [ 108.224808, 29.051367 ], [ 108.22609, 29.049973 ], [ 108.226365, 29.049198 ], [ 108.226269, 29.047557 ], [ 108.224984, 29.044221 ], [ 108.223546, 29.041884 ], [ 108.223191, 29.041586 ], [ 108.222127, 29.041271 ], [ 108.219876, 29.040854 ], [ 108.219502, 29.040506 ], [ 108.219445, 29.040249 ], [ 108.219903, 29.037067 ], [ 108.220292, 29.034562 ], [ 108.220791, 29.033356 ], [ 108.221047, 29.033046 ], [ 108.221791, 29.032705 ], [ 108.223714, 29.032527 ], [ 108.224564, 29.032329 ], [ 108.225602, 29.031632 ], [ 108.226979, 29.030615 ], [ 108.227742, 29.030411 ], [ 108.228882, 29.030579 ], [ 108.230431, 29.031083 ], [ 108.231217, 29.03125 ], [ 108.233968, 29.031543 ], [ 108.237973, 29.031401 ], [ 108.238938, 29.03166 ], [ 108.240556, 29.032886 ], [ 108.24093, 29.033941 ], [ 108.240914, 29.035457 ], [ 108.24122, 29.036091 ], [ 108.242444, 29.037286 ], [ 108.245133, 29.039473 ], [ 108.245698, 29.039806 ], [ 108.247311, 29.04075 ], [ 108.249989, 29.042225 ], [ 108.250267, 29.042378 ], [ 108.251541, 29.043456 ], [ 108.252663, 29.045015 ], [ 108.254036, 29.048454 ], [ 108.254037371000038, 29.048458162000031 ], [ 108.255532, 29.052996 ], [ 108.255849, 29.055312 ], [ 108.255849, 29.060051 ], [ 108.255921, 29.066759 ], [ 108.256085, 29.067595 ], [ 108.257051, 29.069073 ], [ 108.260109, 29.071678 ], [ 108.261399, 29.073033 ], [ 108.262269, 29.074933 ], [ 108.263314, 29.077596 ], [ 108.264256, 29.078701 ], [ 108.264794, 29.07905 ], [ 108.26603, 29.079447 ], [ 108.268739, 29.079772 ], [ 108.269982, 29.080141 ], [ 108.269302755000069, 29.083443006000039 ], [ 108.26473419000007, 29.086298359000068 ], [ 108.264163119000045, 29.090010318000054 ], [ 108.265400439000075, 29.092770493000046 ], [ 108.268017846000077, 29.093674688000078 ], [ 108.271349091000047, 29.094721651000043 ], [ 108.273538195000071, 29.094816829000024 ], [ 108.277392922000047, 29.092104244000041 ], [ 108.280676578000055, 29.090248264000024 ], [ 108.28281809300006, 29.09053379900007 ], [ 108.284864430000084, 29.091913887000032 ], [ 108.28576862500006, 29.090248264000024 ], [ 108.285816214000079, 29.088772998000024 ], [ 108.286577642000054, 29.088154338000038 ], [ 108.289004692000049, 29.08905853400006 ], [ 108.290242012000078, 29.091200048000076 ], [ 108.29176486700004, 29.090628978000041 ], [ 108.293049776000089, 29.088297106000027 ], [ 108.293987283000035, 29.087832318000039 ], [ 108.294867684000053, 29.087499193000042 ], [ 108.297066, 29.08627 ], [ 108.303784, 29.083355 ], [ 108.303288, 29.081671 ], [ 108.302910262000069, 29.080201387000045 ], [ 108.302468, 29.078897 ], [ 108.302311, 29.078243 ], [ 108.301922, 29.077108 ], [ 108.301533, 29.076017 ], [ 108.301285, 29.075056 ], [ 108.300961, 29.074204 ], [ 108.300781, 29.073487 ], [ 108.300553, 29.072765 ], [ 108.30037, 29.072197 ], [ 108.300064, 29.071612 ], [ 108.299786, 29.070936 ], [ 108.299557, 29.070216 ], [ 108.299332, 29.069494 ], [ 108.299095, 29.068861 ], [ 108.298722, 29.068159 ], [ 108.298393, 29.067457 ], [ 108.298088, 29.066887 ], [ 108.297898, 29.066536 ], [ 108.297737, 29.066076 ], [ 108.297505, 29.065529 ], [ 108.297295, 29.065092 ], [ 108.297039, 29.064479 ], [ 108.296879, 29.063998 ], [ 108.296742, 29.063474 ], [ 108.29644, 29.062689 ], [ 108.296185, 29.062182 ], [ 108.295952, 29.061636 ], [ 108.295693, 29.061062 ], [ 108.29551, 29.060625 ], [ 108.2953, 29.060167 ], [ 108.295163, 29.059686 ], [ 108.295002, 29.059209 ], [ 108.294838, 29.058708 ], [ 108.294709, 29.05825 ], [ 108.294422, 29.057681 ], [ 108.294239, 29.057134 ], [ 108.29403, 29.05661 ], [ 108.293801, 29.055997 ], [ 108.293541, 29.055471 ], [ 108.293488, 29.05471 ], [ 108.29345, 29.054275 ], [ 108.29345, 29.053388 ], [ 108.293362, 29.052996 ], [ 108.293313, 29.052312 ], [ 108.293278, 29.051705 ], [ 108.293278, 29.05086 ], [ 108.29329, 29.050296 ], [ 108.293454, 29.04967 ], [ 108.293595, 29.049108 ], [ 108.293832, 29.048485 ], [ 108.294072, 29.047859 ], [ 108.294286, 29.047193 ], [ 108.294541, 29.0465 ], [ 108.294979, 29.045795 ], [ 108.295163, 29.045322 ], [ 108.295483, 29.044593 ], [ 108.295869, 29.043714 ], [ 108.296155, 29.043114 ], [ 108.296418, 29.042468 ], [ 108.296708, 29.041781 ], [ 108.296845, 29.041199 ], [ 108.296979, 29.040789 ], [ 108.297356, 29.040002 ], [ 108.297722, 29.039163 ], [ 108.298111, 29.038629 ], [ 108.298321, 29.038092 ], [ 108.29858, 29.037576 ], [ 108.298786, 29.037192 ], [ 108.299122, 29.036698 ], [ 108.299458, 29.036035 ], [ 108.300022, 29.0352 ], [ 108.300518, 29.034323 ], [ 108.300874, 29.03364 ], [ 108.30108, 29.033231 ], [ 108.301675, 29.032183 ], [ 108.301965, 29.031474 ], [ 108.3023, 29.030937 ], [ 108.302587, 29.030294 ], [ 108.302926, 29.02976 ], [ 108.303159, 29.02933 ], [ 108.303472, 29.02873 ], [ 108.303731, 29.028127 ], [ 108.303914, 29.027743 ], [ 108.304406, 29.02693 ], [ 108.304639, 29.026393 ], [ 108.304849, 29.025966 ], [ 108.305142, 29.025299 ], [ 108.305272, 29.024824 ], [ 108.305463, 29.024351 ], [ 108.3056, 29.023835 ], [ 108.305707, 29.023382 ], [ 108.305772, 29.022906 ], [ 108.305779, 29.022494 ], [ 108.305879, 29.021633 ], [ 108.305913, 29.021201 ], [ 108.30597, 29.020855 ], [ 108.305985, 29.020379 ], [ 108.306073, 29.019838 ], [ 108.306085, 29.019382 ], [ 108.305982, 29.018622 ], [ 108.305875, 29.017882 ], [ 108.305745, 29.017208 ], [ 108.305581, 29.016748 ], [ 108.305451, 29.016094 ], [ 108.305341, 29.015527 ], [ 108.305191, 29.014973 ], [ 108.305035, 29.014449 ], [ 108.304924, 29.013925 ], [ 108.304791, 29.013381 ], [ 108.304726, 29.012946 ], [ 108.304722, 29.012228 ], [ 108.304592, 29.011466 ], [ 108.304486, 29.010921 ], [ 108.304352, 29.010291 ], [ 108.304314, 29.009835 ], [ 108.304329, 29.009255 ], [ 108.304318, 29.008798 ], [ 108.304333, 29.008236 ], [ 108.304379, 29.007455 ], [ 108.304417, 29.006893 ], [ 108.304405, 29.006415 ], [ 108.304589, 29.005985 ], [ 108.304844, 29.005558 ], [ 108.305157, 29.004958 ], [ 108.305489, 29.004444 ], [ 108.305805, 29.003648 ], [ 108.3061, 29.003007 ], [ 108.306272, 29.002618 ], [ 108.306584, 29.002038 ], [ 108.30684, 29.001588 ], [ 108.307321, 29.001123 ], [ 108.30782, 29.000538 ], [ 108.308034, 29.000314 ], [ 108.308247, 29.000091 ], [ 108.308259, 29.000012 ], [ 108.308434, 28.998631 ], [ 108.308762, 28.9972 ], [ 108.308923, 28.996625 ], [ 108.309091, 28.995908 ], [ 108.309251, 28.995344 ], [ 108.309426, 28.994482 ], [ 108.309586, 28.993619 ], [ 108.309747, 28.9929 ], [ 108.309903, 28.992043 ], [ 108.310071, 28.990893 ], [ 108.310231, 28.989612 ], [ 108.310399, 28.988437 ], [ 108.310567, 28.988 ], [ 108.310731, 28.987298 ], [ 108.310906, 28.986449 ], [ 108.311067, 28.985729 ], [ 108.311387, 28.984869 ], [ 108.31154, 28.984585 ], [ 108.311722, 28.984159 ], [ 108.312702, 28.981423 ], [ 108.314763, 28.966551 ], [ 108.315686, 28.962671 ], [ 108.315838, 28.962238 ], [ 108.315998, 28.961664 ], [ 108.316159, 28.961379 ], [ 108.316334, 28.961089 ], [ 108.316494, 28.960662 ], [ 108.317311, 28.959223 ], [ 108.317642, 28.958796 ], [ 108.317963, 28.958226 ], [ 108.318299, 28.957789 ], [ 108.318733, 28.957262 ], [ 108.319252, 28.956967 ], [ 108.319676, 28.956833 ], [ 108.320088, 28.956624 ], [ 108.320668, 28.956187 ], [ 108.321572, 28.955915 ], [ 108.321816, 28.955851 ], [ 108.322068, 28.955638 ], [ 108.32232, 28.9555 ], [ 108.322648, 28.955363 ], [ 108.324132, 28.955251 ], [ 108.324795, 28.955119 ], [ 108.325615, 28.954994 ], [ 108.328965, 28.955134 ], [ 108.329323339000041, 28.955073238000068 ], [ 108.329655, 28.955017 ], [ 108.332295, 28.953911 ], [ 108.335129, 28.952603 ], [ 108.336296, 28.952041 ], [ 108.336712, 28.9517 ], [ 108.337925, 28.950663 ], [ 108.33812, 28.950442 ], [ 108.33878, 28.949986 ], [ 108.339562, 28.949445 ], [ 108.339936, 28.949218 ], [ 108.340042, 28.948974 ], [ 108.340416, 28.948316 ], [ 108.340454, 28.948249 ], [ 108.340546, 28.948122 ], [ 108.340615, 28.948033 ], [ 108.340722, 28.947919 ], [ 108.340981, 28.947687 ], [ 108.341153, 28.947448 ], [ 108.341389, 28.947141 ], [ 108.341599, 28.946874 ], [ 108.341938, 28.94639 ], [ 108.34219, 28.946092 ], [ 108.34235, 28.945902 ], [ 108.342819, 28.945403 ], [ 108.343029, 28.94509 ], [ 108.343472, 28.944538 ], [ 108.343643, 28.944315 ], [ 108.344002, 28.943732 ], [ 108.344063, 28.943636 ], [ 108.344162, 28.943524 ], [ 108.344368, 28.943214 ], [ 108.344513, 28.94301 ], [ 108.344757, 28.942651 ], [ 108.345066, 28.942229 ], [ 108.345181, 28.942059 ], [ 108.34531, 28.941777 ], [ 108.345379, 28.941609 ], [ 108.345436, 28.941522 ], [ 108.345631, 28.941242 ], [ 108.345715, 28.941119 ], [ 108.345795, 28.940865 ], [ 108.345841, 28.940545 ], [ 108.345906, 28.940129 ], [ 108.345944, 28.940042 ], [ 108.346097, 28.939689 ], [ 108.34618, 28.939567 ], [ 108.346253, 28.939485 ], [ 108.346303, 28.939396 ], [ 108.346436, 28.939162 ], [ 108.34647, 28.939094 ], [ 108.34657, 28.938893 ], [ 108.3466, 28.938829 ], [ 108.34665, 28.938768 ], [ 108.346787, 28.938656 ], [ 108.346928, 28.938537 ], [ 108.347066, 28.938381 ], [ 108.347138, 28.938257 ], [ 108.347249, 28.938112 ], [ 108.34739, 28.937903 ], [ 108.347458, 28.937705 ], [ 108.347535, 28.93727 ], [ 108.347588, 28.937077 ], [ 108.347645, 28.936909 ], [ 108.347699, 28.93681 ], [ 108.347733, 28.936746 ], [ 108.347783, 28.936685 ], [ 108.347909, 28.936568 ], [ 108.348, 28.936474 ], [ 108.348065, 28.936413 ], [ 108.348164, 28.936337 ], [ 108.34834, 28.936154 ], [ 108.348736, 28.935653 ], [ 108.348809, 28.935576 ], [ 108.348855, 28.93551 ], [ 108.348946, 28.935373 ], [ 108.34903, 28.935218 ], [ 108.349152, 28.934986 ], [ 108.349328, 28.934676 ], [ 108.349511, 28.934338 ], [ 108.349881, 28.933646 ], [ 108.349961, 28.933461 ], [ 108.350057, 28.933201 ], [ 108.350045, 28.933041 ], [ 108.349961, 28.932746 ], [ 108.34982, 28.932583 ], [ 108.349694, 28.932472 ], [ 108.349374, 28.932248 ], [ 108.349069, 28.932075 ], [ 108.348947, 28.931981 ], [ 108.348813, 28.931823 ], [ 108.348691, 28.931683 ], [ 108.34858, 28.931531 ], [ 108.348489, 28.931342 ], [ 108.348443, 28.931248 ], [ 108.348412, 28.931111 ], [ 108.348416, 28.930852 ], [ 108.348401, 28.930722 ], [ 108.348424, 28.930457 ], [ 108.348535, 28.930226 ], [ 108.348626, 28.930028 ], [ 108.348679, 28.929941 ], [ 108.348744, 28.929816 ], [ 108.348847, 28.92956 ], [ 108.348943, 28.929336 ], [ 108.348988, 28.929173 ], [ 108.349069, 28.928893 ], [ 108.349088, 28.928728 ], [ 108.349076, 28.928601 ], [ 108.34905, 28.928316 ], [ 108.34903, 28.928219 ], [ 108.349004, 28.928095 ], [ 108.3489, 28.927858 ], [ 108.348843, 28.927713 ], [ 108.348736, 28.927471 ], [ 108.348595, 28.927158 ], [ 108.348527, 28.926983 ], [ 108.348416, 28.926762 ], [ 108.348404, 28.926721 ], [ 108.348363, 28.926589 ], [ 108.348305, 28.926406 ], [ 108.348298, 28.926327 ], [ 108.348275, 28.926011 ], [ 108.348267, 28.9258 ], [ 108.34826, 28.925615 ], [ 108.348248, 28.925345 ], [ 108.348252, 28.925274 ], [ 108.34826, 28.925154 ], [ 108.348275, 28.924918 ], [ 108.348279, 28.924775 ], [ 108.348301, 28.924653 ], [ 108.348378, 28.924501 ], [ 108.348588, 28.923926 ], [ 108.348794, 28.9234 ], [ 108.348988, 28.922899 ], [ 108.348809, 28.92239 ], [ 108.348641, 28.921925 ], [ 108.348454, 28.921363 ], [ 108.348268, 28.920839 ], [ 108.348172, 28.920569 ], [ 108.348107, 28.92045 ], [ 108.347985, 28.920134 ], [ 108.347848, 28.919659 ], [ 108.347794, 28.919496 ], [ 108.347768, 28.919351 ], [ 108.347547, 28.918092 ], [ 108.34747, 28.917688 ], [ 108.347375, 28.917233 ], [ 108.34726, 28.916683 ], [ 108.347218, 28.916437 ], [ 108.347112, 28.915895 ], [ 108.347058, 28.915602 ], [ 108.346932, 28.914955 ], [ 108.346921, 28.914805 ], [ 108.346928, 28.914716 ], [ 108.346997, 28.91432 ], [ 108.347035, 28.914225 ], [ 108.347092, 28.914124 ], [ 108.34731, 28.913798 ], [ 108.3476, 28.913353 ], [ 108.34768, 28.912992 ], [ 108.347733, 28.912806 ], [ 108.347764, 28.912664 ], [ 108.347752, 28.912331 ], [ 108.347714, 28.912201 ], [ 108.347672, 28.912077 ], [ 108.347542, 28.911972 ], [ 108.347477, 28.911929 ], [ 108.34734, 28.911794 ], [ 108.347268, 28.911692 ], [ 108.347237, 28.911644 ], [ 108.347191, 28.911537 ], [ 108.347169, 28.911474 ], [ 108.347157, 28.911392 ], [ 108.347169, 28.911232 ], [ 108.347199, 28.91112 ], [ 108.347527, 28.910721 ], [ 108.347722, 28.91022 ], [ 108.347939, 28.909744 ], [ 108.348137, 28.90931 ], [ 108.348168, 28.908975 ], [ 108.348203, 28.90871 ], [ 108.348317, 28.908245 ], [ 108.348378, 28.907879 ], [ 108.348401, 28.907757 ], [ 108.348458, 28.907576 ], [ 108.34876, 28.907322 ], [ 108.349015, 28.907126 ], [ 108.349069, 28.906978 ], [ 108.349114, 28.906785 ], [ 108.349141, 28.90662 ], [ 108.349194, 28.906505 ], [ 108.349256, 28.906449 ], [ 108.349324, 28.906426 ], [ 108.349492, 28.906391 ], [ 108.349618, 28.906373 ], [ 108.349931, 28.906287 ], [ 108.350167, 28.906055 ], [ 108.350488, 28.905707 ], [ 108.350598, 28.905526 ], [ 108.350694, 28.905315 ], [ 108.350701, 28.905053 ], [ 108.350678, 28.90484 ], [ 108.350648, 28.904677 ], [ 108.350572, 28.904496 ], [ 108.35048, 28.904135 ], [ 108.350446, 28.903927 ], [ 108.350442, 28.903825 ], [ 108.350415, 28.903675 ], [ 108.350388, 28.903543 ], [ 108.350381, 28.903395 ], [ 108.350404, 28.90322 ], [ 108.350442, 28.903059 ], [ 108.350671, 28.902581 ], [ 108.3509, 28.902095 ], [ 108.351125, 28.901714 ], [ 108.351312, 28.901439 ], [ 108.351376, 28.901256 ], [ 108.351479, 28.900951 ], [ 108.351525, 28.900745 ], [ 108.351567, 28.900556 ], [ 108.351777, 28.900228 ], [ 108.351941, 28.900025 ], [ 108.352258, 28.899715 ], [ 108.352334, 28.899631 ], [ 108.352494, 28.899493 ], [ 108.35278, 28.899249 ], [ 108.353032, 28.899031 ], [ 108.35307, 28.898964 ], [ 108.353257, 28.898708 ], [ 108.353459, 28.898428 ], [ 108.353673, 28.89813 ], [ 108.353776, 28.897823 ], [ 108.353898, 28.896813 ], [ 108.353921, 28.896539 ], [ 108.353951, 28.896211 ], [ 108.353944, 28.896091 ], [ 108.353208, 28.895137 ], [ 108.353032, 28.8937 ], [ 108.352872, 28.893128 ], [ 108.352712, 28.892111 ], [ 108.352551, 28.891394 ], [ 108.352387, 28.890814 ], [ 108.352235, 28.89038 ], [ 108.352075, 28.890098 ], [ 108.351914, 28.889665 ], [ 108.351739, 28.889225 ], [ 108.351418, 28.888353 ], [ 108.351259480000067, 28.887494022000055 ], [ 108.351258, 28.887486 ], [ 108.351098, 28.886764 ], [ 108.350938, 28.884055 ], [ 108.350778, 28.882491 ], [ 108.350938, 28.881351 ], [ 108.351098, 28.880634 ], [ 108.351258, 28.880207 ], [ 108.351434, 28.879635 ], [ 108.351594, 28.879355 ], [ 108.351754, 28.878495 ], [ 108.351922, 28.878211 ], [ 108.352082, 28.877499 ], [ 108.35225, 28.87607 ], [ 108.351922, 28.874918 ], [ 108.351602, 28.874061 ], [ 108.351273, 28.873628 ], [ 108.351109, 28.873338 ], [ 108.350614, 28.872769 ], [ 108.350461, 28.872474 ], [ 108.34982, 28.87162 ], [ 108.349484, 28.871188 ], [ 108.34916, 28.870756 ], [ 108.348992, 28.870473 ], [ 108.348832, 28.870183 ], [ 108.347856, 28.869034 ], [ 108.347531, 28.868602 ], [ 108.347039, 28.868024 ], [ 108.346879, 28.867739 ], [ 108.346063, 28.866875 ], [ 108.345742, 28.86644 ], [ 108.345059, 28.865635 ], [ 108.344792, 28.865313 ], [ 108.344471, 28.864739 ], [ 108.344304, 28.864456 ], [ 108.343823, 28.863584 ], [ 108.343655, 28.863157 ], [ 108.343331, 28.862577 ], [ 108.343011385000068, 28.861426983000058 ], [ 108.34301, 28.861422 ], [ 108.342835, 28.860705 ], [ 108.342675, 28.860125 ], [ 108.342522, 28.859276 ], [ 108.34237, 28.85654 ], [ 108.342538, 28.85537 ], [ 108.342698, 28.854655 ], [ 108.34287, 28.853788 ], [ 108.34303, 28.853381 ], [ 108.34319, 28.852828 ], [ 108.343358, 28.852401 ], [ 108.343518, 28.852124 ], [ 108.34369, 28.85128 ], [ 108.344327, 28.85013 ], [ 108.344991, 28.848988 ], [ 108.345311, 28.848391 ], [ 108.345635, 28.847951 ], [ 108.346265, 28.846778 ], [ 108.346745, 28.845906 ], [ 108.346906, 28.845474 ], [ 108.347058, 28.845186 ], [ 108.347234, 28.844901 ], [ 108.347394, 28.844611 ], [ 108.347562, 28.844034 ], [ 108.347882, 28.843459 ], [ 108.348214, 28.8426 ], [ 108.348542, 28.842028 ], [ 108.349023, 28.841166 ], [ 108.349366, 28.840311 ], [ 108.349526, 28.840031 ], [ 108.349686, 28.839601 ], [ 108.349854, 28.839317 ], [ 108.350014, 28.838604 ], [ 108.350182, 28.838177 ], [ 108.350346, 28.837605 ], [ 108.350506, 28.836613 ], [ 108.350594, 28.836384 ], [ 108.350674, 28.836183 ], [ 108.35051, 28.835749 ], [ 108.350674, 28.835466 ], [ 108.350503, 28.834201 ], [ 108.350671, 28.833919 ], [ 108.350648, 28.833352 ], [ 108.350507, 28.829418 ], [ 108.350343, 28.828268 ], [ 108.350190196000085, 28.826996949000034 ], [ 108.350189, 28.826987 ], [ 108.349869, 28.825555 ], [ 108.349716, 28.824693 ], [ 108.349556, 28.824266 ], [ 108.349396, 28.822971 ], [ 108.349229, 28.820097 ], [ 108.349069, 28.818673 ], [ 108.349389, 28.818098 ], [ 108.349709, 28.817664 ], [ 108.349877, 28.817381 ], [ 108.350404, 28.817318 ], [ 108.350976, 28.817015 ], [ 108.351239, 28.816842 ], [ 108.351613, 28.816667 ], [ 108.352063, 28.816542 ], [ 108.352941, 28.816336 ], [ 108.353299, 28.816341 ], [ 108.354386, 28.816323 ], [ 108.355401, 28.816163 ], [ 108.356496, 28.815644 ], [ 108.357121, 28.815257 ], [ 108.357388, 28.815124 ], [ 108.35775, 28.814906 ], [ 108.358055, 28.814644 ], [ 108.358505, 28.814411 ], [ 108.359398, 28.81393 ], [ 108.359741, 28.813757 ], [ 108.360016, 28.813538 ], [ 108.360378, 28.813503 ], [ 108.36079, 28.813238 ], [ 108.361202, 28.813157 ], [ 108.361622, 28.813083 ], [ 108.361931, 28.812956 ], [ 108.362496, 28.812969 ], [ 108.362999, 28.812844 ], [ 108.363369, 28.812714 ], [ 108.364704, 28.812562 ], [ 108.365418, 28.812351 ], [ 108.365837, 28.812269 ], [ 108.366638, 28.812155 ], [ 108.367287, 28.812002 ], [ 108.369244, 28.811583 ], [ 108.369564, 28.811435 ], [ 108.369892, 28.8113 ], [ 108.370541, 28.811158 ], [ 108.370598, 28.811143 ], [ 108.372956, 28.810416 ], [ 108.373276, 28.810281 ], [ 108.374264, 28.809994 ], [ 108.375012, 28.809884 ], [ 108.375233, 28.809851 ], [ 108.375561, 28.809711 ], [ 108.37605, 28.809569 ], [ 108.37637, 28.809421 ], [ 108.376702, 28.809289 ], [ 108.377358, 28.808998 ], [ 108.378014, 28.808858 ], [ 108.378502, 28.808568 ], [ 108.37867, 28.808281 ], [ 108.379319, 28.807854 ], [ 108.380288, 28.807142 ], [ 108.380784, 28.806567 ], [ 108.381436, 28.805855 ], [ 108.382084, 28.804705 ], [ 108.382008, 28.804192 ], [ 108.382138, 28.803515 ], [ 108.38226, 28.802439 ], [ 108.382512, 28.801071 ], [ 108.382703, 28.800758 ], [ 108.382832, 28.800463 ], [ 108.382977, 28.800206 ], [ 108.383183, 28.799795 ], [ 108.38342, 28.799409 ], [ 108.38387, 28.798859 ], [ 108.383999, 28.798638 ], [ 108.38419, 28.798244 ], [ 108.384694, 28.797496 ], [ 108.384984, 28.796807 ], [ 108.384953, 28.796472 ], [ 108.385076, 28.796032 ], [ 108.385236, 28.795205 ], [ 108.385312, 28.790864 ], [ 108.385182, 28.788772 ], [ 108.385083, 28.788075 ], [ 108.385075, 28.787658 ], [ 108.385022, 28.787162 ], [ 108.384999, 28.786641 ], [ 108.384838, 28.785781 ], [ 108.384518, 28.784339 ], [ 108.384358, 28.78334 ], [ 108.384045, 28.781906 ], [ 108.383885, 28.781047 ], [ 108.383725, 28.780622 ], [ 108.383549, 28.78004 ], [ 108.382599, 28.778344 ], [ 108.38242, 28.778057 ], [ 108.382008, 28.777267 ], [ 108.381558, 28.776056 ], [ 108.380841, 28.775321 ], [ 108.378655, 28.773884 ], [ 108.378129, 28.773559 ], [ 108.377045, 28.773177 ], [ 108.376641, 28.773004 ], [ 108.37629, 28.772798 ], [ 108.375794, 28.772572 ], [ 108.375008, 28.772412 ], [ 108.374661, 28.772358 ], [ 108.373868, 28.771893 ], [ 108.373387, 28.771665 ], [ 108.373089, 28.771487 ], [ 108.372715, 28.771189 ], [ 108.372399, 28.770922 ], [ 108.371506, 28.770225 ], [ 108.371193, 28.769958 ], [ 108.370812, 28.769401 ], [ 108.370598, 28.769063 ], [ 108.370552, 28.768989 ], [ 108.370201, 28.768783 ], [ 108.369927, 28.768587 ], [ 108.369774, 28.76816 ], [ 108.36961, 28.767446 ], [ 108.36945, 28.767018 ], [ 108.36929, 28.766146 ], [ 108.369137, 28.76558 ], [ 108.368641, 28.764721 ], [ 108.368626, 28.764459 ], [ 108.368481, 28.76422 ], [ 108.368374, 28.763884 ], [ 108.368123, 28.763276 ], [ 108.367352, 28.762429 ], [ 108.366677, 28.761974 ], [ 108.366341, 28.761471 ], [ 108.365944, 28.761153 ], [ 108.365342, 28.760746 ], [ 108.364853, 28.760563 ], [ 108.364399, 28.760319 ], [ 108.363644, 28.75997 ], [ 108.363278, 28.759599 ], [ 108.362797, 28.75902 ], [ 108.362313, 28.758643 ], [ 108.36197, 28.758262 ], [ 108.36171, 28.757923 ], [ 108.36139, 28.757486 ], [ 108.361283, 28.757214 ], [ 108.361104319000049, 28.756916199000045 ], [ 108.3611, 28.756909 ], [ 108.360772, 28.756532 ], [ 108.360436, 28.75612 ], [ 108.360173, 28.75592 ], [ 108.359952, 28.755647 ], [ 108.359768, 28.755375 ], [ 108.359448, 28.754801 ], [ 108.357006, 28.75312 ], [ 108.356148, 28.752522 ], [ 108.354847, 28.75123 ], [ 108.354359, 28.751085 ], [ 108.354199, 28.750796 ], [ 108.353703, 28.750223 ], [ 108.353596, 28.75003 ], [ 108.353546, 28.749931 ], [ 108.353226, 28.749501 ], [ 108.353066, 28.749071 ], [ 108.352906, 28.748784 ], [ 108.35273, 28.748497 ], [ 108.35257, 28.748207 ], [ 108.352249, 28.747352 ], [ 108.352082, 28.746639 ], [ 108.351914, 28.746349 ], [ 108.351754, 28.745922 ], [ 108.352014, 28.74524 ], [ 108.351743, 28.74478 ], [ 108.351422, 28.744287 ], [ 108.350949, 28.743854 ], [ 108.350736, 28.743633 ], [ 108.350331, 28.743109 ], [ 108.349999, 28.742807 ], [ 108.349385, 28.742537 ], [ 108.349057, 28.742316 ], [ 108.348561, 28.74186 ], [ 108.347871, 28.741497 ], [ 108.347184, 28.741209 ], [ 108.346787, 28.741031 ], [ 108.346291, 28.740904 ], [ 108.34596, 28.740696 ], [ 108.345692, 28.740591 ], [ 108.344868, 28.740161 ], [ 108.343858, 28.739942 ], [ 108.342904, 28.739469 ], [ 108.342828, 28.739116 ], [ 108.342644, 28.738371 ], [ 108.342759, 28.737849 ], [ 108.342744, 28.736481 ], [ 108.342934, 28.736026 ], [ 108.342789, 28.734757 ], [ 108.342721, 28.734065 ], [ 108.342713, 28.733208 ], [ 108.342377, 28.732697 ], [ 108.342114, 28.73212 ], [ 108.342107, 28.731609 ], [ 108.34203, 28.73081 ], [ 108.34216, 28.730238 ], [ 108.34229, 28.7296 ], [ 108.342404, 28.728915 ], [ 108.342267, 28.728514 ], [ 108.342075, 28.727899 ], [ 108.341877, 28.72721 ], [ 108.341862, 28.726633 ], [ 108.342114, 28.72577 ], [ 108.342236, 28.725089 ], [ 108.342358, 28.72429 ], [ 108.342487, 28.723596 ], [ 108.342602, 28.722731 ], [ 108.342594, 28.722162 ], [ 108.342728, 28.721647 ], [ 108.342911, 28.721019 ], [ 108.343041, 28.719984 ], [ 108.343216, 28.719122 ], [ 108.34301, 28.718153 ], [ 108.34314, 28.717522 ], [ 108.343315, 28.716886 ], [ 108.343445, 28.716205 ], [ 108.343567, 28.71506 ], [ 108.34362, 28.714322 ], [ 108.343544, 28.713463 ], [ 108.343277, 28.712427 ], [ 108.342938, 28.711626 ], [ 108.342671, 28.710602 ], [ 108.342335, 28.709854 ], [ 108.341473, 28.708088 ], [ 108.341187, 28.706771 ], [ 108.340927, 28.705802 ], [ 108.340721, 28.704943 ], [ 108.340447, 28.703968 ], [ 108.340248, 28.702944 ], [ 108.339913, 28.701736 ], [ 108.339707, 28.70065 ], [ 108.339367, 28.699676 ], [ 108.33878, 28.69888 ], [ 108.338238, 28.697794 ], [ 108.337827, 28.696832 ], [ 108.336373, 28.693977 ], [ 108.335904, 28.692891 ], [ 108.33537, 28.692034 ], [ 108.334775, 28.690945 ], [ 108.333988221000084, 28.690102449000051 ], [ 108.333985, 28.690099 ], [ 108.333459, 28.689366 ], [ 108.332955, 28.688755 ], [ 108.332501, 28.688132 ], [ 108.331967, 28.687049 ], [ 108.331501, 28.68636 ], [ 108.331393012000035, 28.686256118000074 ], [ 108.330975, 28.685854 ], [ 108.329259359000048, 28.681327210000063 ], [ 108.329262, 28.681324 ], [ 108.331085, 28.679813 ], [ 108.334245, 28.678327 ], [ 108.335953, 28.677734 ], [ 108.338139, 28.6772 ], [ 108.340321, 28.677068 ], [ 108.341862, 28.677279 ], [ 108.343281, 28.677681 ], [ 108.343556, 28.677803 ], [ 108.344037, 28.678193 ], [ 108.344338, 28.678396 ], [ 108.34475, 28.678477 ], [ 108.345017, 28.67861 ], [ 108.345467, 28.679052 ], [ 108.346077, 28.679175 ], [ 108.346936, 28.679439 ], [ 108.347447, 28.679467 ], [ 108.3489, 28.679119 ], [ 108.34919, 28.678925 ], [ 108.349495, 28.678791 ], [ 108.349961, 28.678493 ], [ 108.350392, 28.67832 ], [ 108.351338, 28.677791 ], [ 108.351818, 28.677422 ], [ 108.352349, 28.677255 ], [ 108.352646, 28.677033 ], [ 108.353058, 28.676802 ], [ 108.355999, 28.674218 ], [ 108.356472, 28.673605 ], [ 108.356861, 28.672873 ], [ 108.357376, 28.672578 ], [ 108.357872, 28.672008 ], [ 108.358765, 28.671407 ], [ 108.359139, 28.671259 ], [ 108.359501, 28.671043 ], [ 108.359852, 28.670896 ], [ 108.360402, 28.670639 ], [ 108.360814, 28.670384 ], [ 108.361058, 28.6703 ], [ 108.361588, 28.670039 ], [ 108.361886, 28.67 ], [ 108.362198, 28.669873 ], [ 108.362282, 28.66981 ], [ 108.362542, 28.669619 ], [ 108.362855, 28.669535 ], [ 108.363213, 28.669405 ], [ 108.363564, 28.669321 ], [ 108.364186, 28.668937 ], [ 108.364491, 28.668856 ], [ 108.365002, 28.668604 ], [ 108.365307, 28.668386 ], [ 108.365811, 28.668304 ], [ 108.36617, 28.668085 ], [ 108.366482, 28.66792 ], [ 108.366944, 28.667752 ], [ 108.367196, 28.667577 ], [ 108.3676, 28.66745 ], [ 108.368012, 28.667241 ], [ 108.368577, 28.667071 ], [ 108.36892, 28.666809 ], [ 108.369233, 28.666725 ], [ 108.369313, 28.666692 ], [ 108.36971, 28.666519 ], [ 108.370259, 28.666168 ], [ 108.370606, 28.665873 ], [ 108.370648, 28.665804 ], [ 108.371312, 28.665472 ], [ 108.371777, 28.665078 ], [ 108.372281, 28.664826 ], [ 108.37291, 28.664386 ], [ 108.373581, 28.663779 ], [ 108.37455, 28.663176 ], [ 108.375016, 28.662802 ], [ 108.37558, 28.662349 ], [ 108.376358, 28.661742 ], [ 108.377953, 28.660574 ], [ 108.379029, 28.659758 ], [ 108.379757, 28.65928 ], [ 108.38052, 28.658718 ], [ 108.381352, 28.658156 ], [ 108.381756, 28.657812 ], [ 108.382168, 28.657594 ], [ 108.382527, 28.657375 ], [ 108.382992, 28.657077 ], [ 108.383473, 28.656757 ], [ 108.384041, 28.656328 ], [ 108.384758, 28.655895 ], [ 108.385269, 28.655727 ], [ 108.385567, 28.655463 ], [ 108.386093, 28.655348 ], [ 108.38649, 28.655178 ], [ 108.386802346000081, 28.654957462000027 ], [ 108.386803, 28.654957 ], [ 108.387047, 28.654916 ], [ 108.387368, 28.654697 ], [ 108.388001, 28.654494 ], [ 108.388626, 28.65439 ], [ 108.389023, 28.654288 ], [ 108.389344, 28.654222 ], [ 108.38966, 28.654084 ], [ 108.390591, 28.65383 ], [ 108.391621, 28.653797 ], [ 108.392437, 28.65365 ], [ 108.392857, 28.653642 ], [ 108.393681, 28.653494 ], [ 108.394215, 28.653515 ], [ 108.394703, 28.653372 ], [ 108.395024, 28.653225 ], [ 108.395657, 28.653074 ], [ 108.396466, 28.652934 ], [ 108.39777, 28.652644 ], [ 108.398259, 28.652502 ], [ 108.39909, 28.652146 ], [ 108.399411, 28.651991 ], [ 108.400166, 28.651726 ], [ 108.40067, 28.651574 ], [ 108.401181, 28.651357 ], [ 108.401616, 28.651258 ], [ 108.401936, 28.651207 ], [ 108.402508, 28.650996 ], [ 108.403195, 28.65079 ], [ 108.403592, 28.650523 ], [ 108.404416, 28.6505 ], [ 108.405888, 28.650368 ], [ 108.406697, 28.650221 ], [ 108.407185, 28.650073 ], [ 108.408322, 28.649933 ], [ 108.409619, 28.649651 ], [ 108.410451, 28.649325 ], [ 108.410962, 28.649109 ], [ 108.411397, 28.649063 ], [ 108.412701, 28.648791 ], [ 108.413674, 28.648644 ], [ 108.414643, 28.648354 ], [ 108.415131, 28.648222 ], [ 108.415452, 28.648072 ], [ 108.415948, 28.647932 ], [ 108.416573, 28.647667 ], [ 108.416951, 28.64756 ], [ 108.41734, 28.647296 ], [ 108.417912, 28.647189 ], [ 108.418171, 28.646978 ], [ 108.418605772000035, 28.646821877000036 ], [ 108.418611, 28.64682 ], [ 108.419244, 28.646497 ], [ 108.419496, 28.646429 ], [ 108.419816, 28.646126 ], [ 108.420159, 28.646042 ], [ 108.420579, 28.645783 ], [ 108.421067, 28.645465 ], [ 108.421319, 28.645371 ], [ 108.421586, 28.645294 ], [ 108.421845, 28.645109 ], [ 108.422497, 28.644402 ], [ 108.422833, 28.644262 ], [ 108.423153, 28.644114 ], [ 108.423802, 28.643685 ], [ 108.424779, 28.642973 ], [ 108.425435, 28.64254 ], [ 108.426385, 28.64196 ], [ 108.42672, 28.641826 ], [ 108.427697, 28.641246 ], [ 108.428345, 28.640813 ], [ 108.428838, 28.640524 ], [ 108.429158, 28.640386 ], [ 108.429639, 28.640101 ], [ 108.430295, 28.639814 ], [ 108.430783, 28.639524 ], [ 108.431111, 28.639379 ], [ 108.431588, 28.639097 ], [ 108.432237, 28.638809 ], [ 108.432725, 28.63852 ], [ 108.433396, 28.638245 ], [ 108.433865, 28.637955 ], [ 108.434521, 28.637528 ], [ 108.434849, 28.637378 ], [ 108.435338, 28.637243 ], [ 108.435986, 28.636945 ], [ 108.436303, 28.63681 ], [ 108.436799, 28.636518 ], [ 108.437272, 28.636228 ], [ 108.437592, 28.636091 ], [ 108.438088, 28.635943 ], [ 108.438412, 28.635796 ], [ 108.438901, 28.635663 ], [ 108.439549, 28.635363 ], [ 108.440198, 28.635081 ], [ 108.440964, 28.635112 ], [ 108.444848, 28.635333 ], [ 108.44568, 28.63566 ], [ 108.446233, 28.63594 ], [ 108.446545, 28.636164 ], [ 108.446996, 28.636293 ], [ 108.447278, 28.636326 ], [ 108.448342, 28.636805 ], [ 108.449014, 28.637194 ], [ 108.449288, 28.637326 ], [ 108.449941, 28.637527 ], [ 108.450459, 28.637562 ], [ 108.450879, 28.637626 ], [ 108.451699, 28.637667 ], [ 108.453427, 28.637611 ], [ 108.453976, 28.637377 ], [ 108.454789, 28.637227 ], [ 108.455437, 28.636942 ], [ 108.456242, 28.636802 ], [ 108.456563, 28.636657 ], [ 108.457536, 28.63623 ], [ 108.458028, 28.63594 ], [ 108.458699, 28.635536 ], [ 108.459184, 28.635249 ], [ 108.459832, 28.634816 ], [ 108.460328, 28.634529 ], [ 108.461614, 28.633667 ], [ 108.462098, 28.633387 ], [ 108.462419, 28.633237 ], [ 108.463391, 28.63266 ], [ 108.463727, 28.63252 ], [ 108.464677, 28.631945 ], [ 108.465333, 28.631513 ], [ 108.466306, 28.63094 ], [ 108.466626, 28.630796 ], [ 108.467112173000032, 28.630512067000041 ], [ 108.467114, 28.630511 ], [ 108.46808, 28.630076 ], [ 108.468854, 28.629847 ], [ 108.469655, 28.629842 ], [ 108.470307, 28.629771 ], [ 108.470803, 28.629759 ], [ 108.471348, 28.62985 ], [ 108.472786, 28.630001 ], [ 108.47398, 28.630148 ], [ 108.474907, 28.630402 ], [ 108.476197, 28.630959 ], [ 108.476559, 28.631252 ], [ 108.476925, 28.631384 ], [ 108.477662, 28.631595 ], [ 108.477982, 28.6316 ], [ 108.478493, 28.631895 ], [ 108.478947, 28.631949 ], [ 108.479229, 28.632035 ], [ 108.479641, 28.632122 ], [ 108.480271, 28.632536 ], [ 108.481327, 28.632844 ], [ 108.481747, 28.632895 ], [ 108.48222, 28.633017 ], [ 108.48259, 28.633073 ], [ 108.483094, 28.633121 ], [ 108.483784, 28.633412 ], [ 108.484795, 28.6333 ], [ 108.48526, 28.633262 ], [ 108.486141, 28.633107 ], [ 108.486714, 28.632873 ], [ 108.487389, 28.632738 ], [ 108.487786, 28.632562 ], [ 108.488308, 28.632489 ], [ 108.488804, 28.632372 ], [ 108.489178, 28.632232 ], [ 108.489609, 28.632061 ], [ 108.490052, 28.631858 ], [ 108.490319, 28.63169 ], [ 108.490601, 28.631571 ], [ 108.491001, 28.631548 ], [ 108.491581, 28.631349 ], [ 108.491913, 28.631174 ], [ 108.492287, 28.631087 ], [ 108.493023, 28.630869 ], [ 108.493298, 28.630754 ], [ 108.493702, 28.630607 ], [ 108.49408, 28.630558 ], [ 108.494545, 28.630388 ], [ 108.49482, 28.630274 ], [ 108.495281, 28.630162 ], [ 108.495682, 28.630098 ], [ 108.495998, 28.630095 ], [ 108.496735, 28.629965 ], [ 108.498386, 28.630537 ], [ 108.499962, 28.631504 ], [ 108.500088, 28.631583 ], [ 108.50169, 28.631771 ], [ 108.50251, 28.632063 ], [ 108.503082, 28.632813 ], [ 108.502815, 28.633495 ], [ 108.502163, 28.634062 ], [ 108.501401, 28.635089 ], [ 108.500802, 28.636398 ], [ 108.500726, 28.637255 ], [ 108.500707, 28.638514 ], [ 108.501141, 28.639089 ], [ 108.501737426000034, 28.64199848800007 ], [ 108.504176374000053, 28.643009759000051 ], [ 108.506448374000058, 28.643765759000075 ], [ 108.509470674000056, 28.643902057000048 ], [ 108.511850135000088, 28.644080517000077 ], [ 108.514854, 28.643769 ], [ 108.517265, 28.644768 ], [ 108.518002, 28.645287 ], [ 108.518185, 28.646459 ], [ 108.518452, 28.64749 ], [ 108.518452, 28.648345 ], [ 108.518529, 28.648978 ], [ 108.518933, 28.649599 ], [ 108.519379, 28.650049 ], [ 108.519906, 28.650217 ], [ 108.520428, 28.650446 ], [ 108.521107, 28.650305 ], [ 108.52208, 28.650231 ], [ 108.523442, 28.650267 ], [ 108.524415, 28.65031 ], [ 108.525448, 28.6503 ], [ 108.526288, 28.650638 ], [ 108.527009, 28.651081 ], [ 108.527207, 28.651363 ], [ 108.527794, 28.651879 ], [ 108.528515, 28.652492 ], [ 108.529301, 28.652884 ], [ 108.529816, 28.653562 ], [ 108.530934, 28.654465 ], [ 108.531453, 28.654971 ], [ 108.532116, 28.655421 ], [ 108.53296, 28.655815 ], [ 108.533703, 28.656015 ], [ 108.534359, 28.656117 ], [ 108.535134, 28.655939 ], [ 108.535843, 28.655641 ], [ 108.536488, 28.655402 ], [ 108.537266, 28.655395 ], [ 108.538048, 28.654983 ], [ 108.538552, 28.654522 ], [ 108.539193, 28.653882 ], [ 108.539769, 28.653411 ], [ 108.540463, 28.652782 ], [ 108.541046, 28.652484 ], [ 108.541428, 28.651968 ], [ 108.542076, 28.65179 ], [ 108.542782, 28.651719 ], [ 108.543179, 28.651429 ], [ 108.543629, 28.651309 ], [ 108.544594, 28.651241 ], [ 108.545628, 28.651457 ], [ 108.546925, 28.65152 ], [ 108.548279, 28.651622 ], [ 108.549382, 28.651774 ], [ 108.550481, 28.651884 ], [ 108.551201, 28.652105 ], [ 108.551202045000082, 28.652105095000024 ], [ 108.552239, 28.652199 ], [ 108.553273, 28.652018 ], [ 108.554303, 28.651947 ], [ 108.55478, 28.651945 ], [ 108.555405, 28.65194 ], [ 108.556389, 28.652212 ], [ 108.557042, 28.652603 ], [ 108.557362, 28.65346 ], [ 108.557904, 28.654541 ], [ 108.558171, 28.655747 ], [ 108.558178, 28.656431 ], [ 108.558537, 28.657252 ], [ 108.558812, 28.658163 ], [ 108.559361, 28.660793 ], [ 108.559891, 28.66181 ], [ 108.560227, 28.663016 ], [ 108.560765, 28.664035 ], [ 108.560772, 28.664615 ], [ 108.5611, 28.665126 ], [ 108.561493, 28.665521 ], [ 108.561496255000066, 28.665522787000043 ], [ 108.562409, 28.666024 ], [ 108.563187, 28.666029 ], [ 108.56416, 28.66608 ], [ 108.565068, 28.66597 ], [ 108.565915, 28.66579 ], [ 108.56688, 28.665498 ], [ 108.56765, 28.665208 ], [ 108.568436, 28.664745 ], [ 108.570744, 28.663809 ], [ 108.57185, 28.663184 ], [ 108.572487, 28.662599 ], [ 108.573193, 28.661676 ], [ 108.573849, 28.661035 ], [ 108.574414, 28.660168 ], [ 108.575375, 28.659352 ], [ 108.575886, 28.658653 ], [ 108.577225, 28.657371 ], [ 108.578446, 28.65627 ], [ 108.579285, 28.655405 ], [ 108.580109, 28.654535 ], [ 108.580559, 28.653732 ], [ 108.581273, 28.653266 ], [ 108.582036, 28.65229 ], [ 108.582227, 28.651598 ], [ 108.582463, 28.650499 ], [ 108.582135, 28.649592 ], [ 108.581666, 28.648562 ], [ 108.581193, 28.647761 ], [ 108.580857, 28.64715 ], [ 108.580658, 28.646517 ], [ 108.580445, 28.645718 ], [ 108.580307, 28.644973 ], [ 108.580422, 28.644225 ], [ 108.580758, 28.643763 ], [ 108.581261, 28.643132 ], [ 108.582352, 28.643119 ], [ 108.583543, 28.643361 ], [ 108.58458, 28.643646 ], [ 108.585755, 28.64386 ], [ 108.58706, 28.64419 ], [ 108.590734283000074, 28.645129685000029 ], [ 108.593125642000075, 28.645379529000024 ], [ 108.595445616000063, 28.645236761000035 ], [ 108.596659141000089, 28.644058928000049 ], [ 108.597337288000062, 28.642738327000075 ], [ 108.597622823000052, 28.640632504000052 ], [ 108.597872666000058, 28.638134070000035 ], [ 108.598801, 28.63679 ], [ 108.599564, 28.636551 ], [ 108.600415, 28.636485 ], [ 108.60191, 28.636534 ], [ 108.602765, 28.636689 ], [ 108.603925, 28.63679 ], [ 108.60497, 28.637126 ], [ 108.605618, 28.637579 ], [ 108.606278, 28.637917 ], [ 108.607133, 28.638535 ], [ 108.608308, 28.639209 ], [ 108.609559, 28.639649 ], [ 108.610536, 28.640442 ], [ 108.612096, 28.641108 ], [ 108.613019, 28.641731 ], [ 108.614331, 28.642575 ], [ 108.615327, 28.643313 ], [ 108.616105, 28.643707 ], [ 108.617471, 28.644043 ], [ 108.61839, 28.644488 ], [ 108.619237, 28.644938 ], [ 108.620274, 28.644984 ], [ 108.620942, 28.644854 ], [ 108.622399, 28.644554 ], [ 108.623299, 28.644134 ], [ 108.624341, 28.643733 ], [ 108.624997, 28.643519 ], [ 108.62563, 28.643315 ], [ 108.626603, 28.642962 ], [ 108.627572, 28.642662 ], [ 108.628289, 28.642425 ], [ 108.628873, 28.641734 ], [ 108.629437, 28.641103 ], [ 108.630270063000069, 28.640294760000074 ], [ 108.630276, 28.640289 ], [ 108.630657, 28.639538 ], [ 108.630913, 28.638333 ], [ 108.631088, 28.6373 ], [ 108.631142, 28.63667 ], [ 108.631058, 28.63536 ], [ 108.630978, 28.634329 ], [ 108.63097, 28.633185 ], [ 108.630627, 28.632493 ], [ 108.630413, 28.631522 ], [ 108.630413, 28.630718 ], [ 108.630337, 28.629925 ], [ 108.630383, 28.62906 ], [ 108.630444, 28.6286 ], [ 108.630634, 28.627978 ], [ 108.630756, 28.627459 ], [ 108.631138, 28.626879 ], [ 108.631394, 28.626251 ], [ 108.631577, 28.6259 ], [ 108.631973, 28.625269 ], [ 108.631889, 28.624753 ], [ 108.63163, 28.624244 ], [ 108.631158685000059, 28.623618544000067 ], [ 108.631153, 28.623611 ], [ 108.630703, 28.623158 ], [ 108.629978, 28.62265 ], [ 108.629643, 28.622085 ], [ 108.629113, 28.621571 ], [ 108.628258, 28.620948 ], [ 108.627663, 28.620272 ], [ 108.626874, 28.619588 ], [ 108.626225, 28.619135 ], [ 108.624997, 28.618535 ], [ 108.624375, 28.618235 ], [ 108.623666, 28.617843 ], [ 108.62288, 28.617223 ], [ 108.621953, 28.616432 ], [ 108.621433, 28.615815 ], [ 108.620968, 28.615068 ], [ 108.620942, 28.615008 ], [ 108.620458, 28.614276 ], [ 108.619477, 28.613426 ], [ 108.618684, 28.612864 ], [ 108.61815, 28.612294 ], [ 108.617562, 28.611786 ], [ 108.61657, 28.611112 ], [ 108.615788, 28.610598 ], [ 108.614873, 28.610034 ], [ 108.6143, 28.609358 ], [ 108.613499, 28.608504 ], [ 108.6129, 28.607997 ], [ 108.61171, 28.606352 ], [ 108.610924, 28.605673 ], [ 108.610275, 28.604821 ], [ 108.609612, 28.604195 ], [ 108.609005, 28.603395 ], [ 108.60835, 28.602729 ], [ 108.607625, 28.60205 ], [ 108.60703, 28.601307 ], [ 108.606374, 28.600626 ], [ 108.605855, 28.600003 ], [ 108.604863, 28.599382 ], [ 108.604325, 28.598355 ], [ 108.603478, 28.597902 ], [ 108.602555, 28.597399 ], [ 108.601838, 28.596493 ], [ 108.601495, 28.595407 ], [ 108.600961, 28.59438 ], [ 108.600625, 28.59381 ], [ 108.600427, 28.593068 ], [ 108.600617, 28.592439 ], [ 108.600541, 28.591582 ], [ 108.600915, 28.590544 ], [ 108.601029, 28.589626 ], [ 108.601075, 28.588823 ], [ 108.601205, 28.588128 ], [ 108.601457, 28.587269 ], [ 108.601537, 28.586836 ], [ 108.60164, 28.5863 ], [ 108.601616, 28.58418 ], [ 108.601895, 28.583333 ], [ 108.601921, 28.583257 ], [ 108.602234, 28.58154 ], [ 108.602349, 28.580503 ], [ 108.602524, 28.579074 ], [ 108.602441, 28.577538 ], [ 108.602845, 28.574375 ], [ 108.602815, 28.572943 ], [ 108.602997, 28.570775 ], [ 108.603546, 28.56824 ], [ 108.603455, 28.56589 ], [ 108.603684, 28.563772 ], [ 108.604126, 28.562561 ], [ 108.604363, 28.561297 ], [ 108.604347, 28.560148 ], [ 108.604408, 28.559175 ], [ 108.604325, 28.558376 ], [ 108.604317, 28.557745 ], [ 108.604569, 28.557226 ], [ 108.605149, 28.556535 ], [ 108.605332, 28.555668 ], [ 108.605637, 28.554521 ], [ 108.605942, 28.553544 ], [ 108.605996, 28.552411 ], [ 108.60624, 28.551312 ], [ 108.606431, 28.550737 ], [ 108.606545, 28.54988 ], [ 108.606713, 28.549224 ], [ 108.608247, 28.548403 ], [ 108.608971, 28.547657 ], [ 108.609242, 28.546747 ], [ 108.608231, 28.545944 ], [ 108.607346, 28.545016 ], [ 108.607178, 28.543355 ], [ 108.606926, 28.542953 ], [ 108.606228, 28.543004 ], [ 108.606114, 28.543009 ], [ 108.604233, 28.543088 ], [ 108.600067, 28.542923 ], [ 108.595265, 28.542454 ], [ 108.591283, 28.542292 ], [ 108.587956, 28.542241 ], [ 108.585324, 28.542144 ], [ 108.581162, 28.541089 ], [ 108.578488340000035, 28.540155515000038 ], [ 108.578484, 28.540154 ], [ 108.572827, 28.537346 ], [ 108.573407, 28.536708 ], [ 108.573781, 28.53607 ], [ 108.573521, 28.535615 ], [ 108.573186, 28.535396 ], [ 108.572865, 28.535281 ], [ 108.571694, 28.53489 ], [ 108.571046, 28.534731 ], [ 108.570317, 28.534612 ], [ 108.56992, 28.534389 ], [ 108.569592, 28.53376 ], [ 108.569386, 28.533074 ], [ 108.56918, 28.532512 ], [ 108.569173, 28.531644 ], [ 108.569554, 28.530838 ], [ 108.569867, 28.530032 ], [ 108.570313, 28.529345 ], [ 108.570976, 28.528493 ], [ 108.571926, 28.527392 ], [ 108.572178, 28.526817 ], [ 108.572422, 28.525945 ], [ 108.572636, 28.525581 ], [ 108.572682, 28.522728 ], [ 108.572507, 28.521417 ], [ 108.57253, 28.519929 ], [ 108.572827, 28.516786 ], [ 108.573502, 28.514274 ], [ 108.573983, 28.512568 ], [ 108.575078, 28.511721 ], [ 108.576302, 28.510937 ], [ 108.577042, 28.510505 ], [ 108.576882, 28.510139 ], [ 108.576493, 28.509301 ], [ 108.576019, 28.50839 ], [ 108.575424, 28.507307 ], [ 108.574833, 28.506806 ], [ 108.574116, 28.506007 ], [ 108.573662, 28.505323 ], [ 108.573128, 28.504697 ], [ 108.572483, 28.504415 ], [ 108.571697, 28.503573 ], [ 108.571671, 28.503517 ], [ 108.571416, 28.502825 ], [ 108.571019, 28.502029 ], [ 108.570866, 28.501213 ], [ 108.571454, 28.500707 ], [ 108.572095, 28.500015 ], [ 108.572125, 28.49999 ], [ 108.572732, 28.499494 ], [ 108.572907, 28.499295 ], [ 108.572938, 28.49718 ], [ 108.573857, 28.495476 ], [ 108.575677, 28.493324 ], [ 108.576928, 28.491333 ], [ 108.577329, 28.490021 ], [ 108.57792, 28.488994 ], [ 108.578965, 28.487849 ], [ 108.580529, 28.486036 ], [ 108.583562, 28.482873 ], [ 108.583645, 28.482169 ], [ 108.583836, 28.481016 ], [ 108.584271, 28.479699 ], [ 108.584973, 28.478213 ], [ 108.585156, 28.477402 ], [ 108.585019, 28.476542 ], [ 108.584813, 28.475797 ], [ 108.584607, 28.474828 ], [ 108.584264, 28.47391 ], [ 108.584126, 28.473167 ], [ 108.58373, 28.472313 ], [ 108.583592, 28.471455 ], [ 108.583424, 28.470519 ], [ 108.583207, 28.469603 ], [ 108.583142, 28.468573 ], [ 108.582917, 28.467434 ], [ 108.582726, 28.466635 ], [ 108.583161, 28.465546 ], [ 108.583421, 28.465307 ], [ 108.583688, 28.465175 ], [ 108.583894, 28.46504 ], [ 108.584214, 28.464865 ], [ 108.584596, 28.464692 ], [ 108.585176, 28.464227 ], [ 108.585814093000067, 28.463760394000076 ], [ 108.585816, 28.463759 ], [ 108.586396, 28.463591 ], [ 108.586984, 28.463469 ], [ 108.587625, 28.463347 ], [ 108.588658, 28.463171 ], [ 108.589627, 28.462871 ], [ 108.590466, 28.462464 ], [ 108.591107, 28.461889 ], [ 108.592198, 28.46119 ], [ 108.592519, 28.460781 ], [ 108.593221, 28.460379 ], [ 108.593411, 28.45974 ], [ 108.593656, 28.459288 ], [ 108.593732, 28.458766 ], [ 108.593839, 28.457968 ], [ 108.5939, 28.457284 ], [ 108.593892, 28.456768 ], [ 108.593945, 28.456139 ], [ 108.594068, 28.455499 ], [ 108.59393, 28.45499 ], [ 108.594052, 28.454418 ], [ 108.59443, 28.453784 ], [ 108.594884, 28.453263 ], [ 108.595265, 28.452574 ], [ 108.59525, 28.451193 ], [ 108.595513, 28.450394 ], [ 108.59549, 28.4497 ], [ 108.595746, 28.448668 ], [ 108.59599, 28.44798 ], [ 108.59636, 28.446607 ], [ 108.596871, 28.445569 ], [ 108.597775, 28.444242 ], [ 108.598275, 28.443321 ], [ 108.598786, 28.442456 ], [ 108.602211, 28.440922 ], [ 108.604471882000041, 28.440037437000058 ], [ 108.604473, 28.440037 ], [ 108.605892, 28.439253 ], [ 108.609959, 28.43802 ], [ 108.610364, 28.437842 ], [ 108.610386, 28.437799 ], [ 108.610375, 28.437735 ], [ 108.61007, 28.43744 ], [ 108.609841, 28.437239 ], [ 108.609402, 28.436858 ], [ 108.609265, 28.436703 ], [ 108.608822, 28.436331 ], [ 108.60867, 28.436176 ], [ 108.608578, 28.435981 ], [ 108.608533, 28.435726 ], [ 108.608444, 28.435263 ], [ 108.608235, 28.434915 ], [ 108.608052, 28.434554 ], [ 108.607895, 28.434292 ], [ 108.607804, 28.43421 ], [ 108.607724, 28.43417 ], [ 108.607648, 28.434175 ], [ 108.607419, 28.434203 ], [ 108.607289, 28.434203 ], [ 108.60719, 28.43419 ], [ 108.607026, 28.434182 ], [ 108.606709, 28.434165 ], [ 108.606598, 28.434126 ], [ 108.606568, 28.434096 ], [ 108.606553, 28.434055 ], [ 108.606568, 28.433961 ], [ 108.60656, 28.433801 ], [ 108.606747, 28.433264 ], [ 108.606896, 28.432751 ], [ 108.606991, 28.432423 ], [ 108.607098, 28.432061 ], [ 108.607152, 28.431423 ], [ 108.607064, 28.431253 ], [ 108.606793, 28.430693 ], [ 108.606545, 28.430177 ], [ 108.606408, 28.429762 ], [ 108.606419, 28.429376 ], [ 108.606244, 28.428682 ], [ 108.606076, 28.428081 ], [ 108.605935, 28.427577 ], [ 108.605824, 28.42732 ], [ 108.605637, 28.42688 ], [ 108.6055, 28.426707 ], [ 108.605237, 28.426227 ], [ 108.605157, 28.42599 ], [ 108.60508, 28.425627 ], [ 108.604909, 28.425062 ], [ 108.604752, 28.424551 ], [ 108.60455, 28.42389 ], [ 108.604336, 28.423259 ], [ 108.604333, 28.423073 ], [ 108.604325, 28.422694 ], [ 108.604554, 28.421831 ], [ 108.604828, 28.420229 ], [ 108.604718, 28.419786 ], [ 108.604577, 28.419229 ], [ 108.604283, 28.418626 ], [ 108.60389, 28.417909 ], [ 108.603684, 28.416592 ], [ 108.60386, 28.415484 ], [ 108.604004, 28.415131 ], [ 108.60421, 28.414787 ], [ 108.604367, 28.414607 ], [ 108.605435, 28.413366 ], [ 108.606255, 28.412417 ], [ 108.607251, 28.411311 ], [ 108.607319, 28.411199 ], [ 108.607308, 28.411018 ], [ 108.607205, 28.410746 ], [ 108.603791, 28.409904 ], [ 108.600525, 28.409065 ], [ 108.596665, 28.409243 ], [ 108.592744, 28.409504 ], [ 108.589288, 28.409054 ], [ 108.583393, 28.408527 ], [ 108.582867, 28.408031 ], [ 108.582279, 28.407402 ], [ 108.581753, 28.406901 ], [ 108.581356, 28.406337 ], [ 108.58096, 28.406116 ], [ 108.58057, 28.405434 ], [ 108.580235, 28.404691 ], [ 108.579716, 28.404073 ], [ 108.579315, 28.403621 ], [ 108.579041, 28.402775 ], [ 108.578507, 28.401987 ], [ 108.57792, 28.401252 ], [ 108.577393, 28.400349 ], [ 108.576863, 28.399612 ], [ 108.576535, 28.39893 ], [ 108.576077, 28.398416 ], [ 108.57581, 28.398132 ], [ 108.575543, 28.39757 ], [ 108.575154, 28.396939 ], [ 108.574623, 28.395515 ], [ 108.574101, 28.395009 ], [ 108.573765, 28.394378 ], [ 108.573498, 28.393755 ], [ 108.5733, 28.392949 ], [ 108.573101, 28.39244 ], [ 108.572895, 28.391698 ], [ 108.57288, 28.391067 ], [ 108.57275, 28.390551 ], [ 108.572552, 28.389816 ], [ 108.572338, 28.389126 ], [ 108.572273, 28.388493 ], [ 108.57219, 28.387924 ], [ 108.572129, 28.38741 ], [ 108.572106, 28.38592 ], [ 108.572106, 28.385352 ], [ 108.57222, 28.384775 ], [ 108.572151, 28.384197 ], [ 108.572273, 28.383567 ], [ 108.572392, 28.382824 ], [ 108.572506, 28.382023 ], [ 108.572628, 28.38139 ], [ 108.57275, 28.38053 ], [ 108.572941, 28.379836 ], [ 108.573181, 28.379317 ], [ 108.573616, 28.378057 ], [ 108.573677, 28.377373 ], [ 108.5737, 28.377264 ], [ 108.57724, 28.375422 ], [ 108.579052, 28.374166 ], [ 108.579586, 28.372508 ], [ 108.579418, 28.371139 ], [ 108.578213, 28.370221 ], [ 108.576443, 28.369011 ], [ 108.575443, 28.367398 ], [ 108.576001, 28.364998 ], [ 108.576249, 28.361344 ], [ 108.575852, 28.357342 ], [ 108.575646, 28.354138 ], [ 108.574925, 28.351673 ], [ 108.574963, 28.349501 ], [ 108.575364, 28.347792 ], [ 108.576073, 28.346862 ], [ 108.576775, 28.346921 ], [ 108.577809, 28.346962 ], [ 108.578648, 28.346883 ], [ 108.580201, 28.34685 ], [ 108.580964, 28.346773 ], [ 108.581879, 28.346702 ], [ 108.582589, 28.346692 ], [ 108.583367, 28.346506 ], [ 108.58429, 28.346461 ], [ 108.584999, 28.346286 ], [ 108.587639, 28.346082 ], [ 108.58836, 28.346133 ], [ 108.589268, 28.34624 ], [ 108.590496, 28.346121 ], [ 108.591847, 28.34582 ], [ 108.592701, 28.345864 ], [ 108.593342, 28.345635 ], [ 108.593975, 28.345637 ], [ 108.595143, 28.345241 ], [ 108.596505, 28.344878 ], [ 108.597672, 28.344642 ], [ 108.598385, 28.344408 ], [ 108.599225, 28.343998 ], [ 108.599599, 28.343419 ], [ 108.600308, 28.34289 ], [ 108.600834, 28.342208 ], [ 108.601208, 28.341679 ], [ 108.601712, 28.340812 ], [ 108.602414, 28.340174 ], [ 108.602925, 28.339371 ], [ 108.603299, 28.338623 ], [ 108.60368, 28.337868 ], [ 108.604054, 28.337008 ], [ 108.604104, 28.336911 ], [ 108.604748, 28.335622 ], [ 108.605061, 28.334935 ], [ 108.605451, 28.334242 ], [ 108.605443, 28.333327 ], [ 108.605443, 28.332927 ], [ 108.605618, 28.332233 ], [ 108.605672, 28.331485 ], [ 108.605863, 28.330743 ], [ 108.605916, 28.330165 ], [ 108.606168, 28.32954 ], [ 108.606359, 28.329242 ], [ 108.606793, 28.328685 ], [ 108.607564, 28.328152 ], [ 108.608483, 28.328134 ], [ 108.609193, 28.328009 ], [ 108.609971, 28.328119 ], [ 108.61081, 28.328167 ], [ 108.611657, 28.328157 ], [ 108.612424, 28.328205 ], [ 108.613408, 28.328421 ], [ 108.614636, 28.32847 ], [ 108.615483, 28.328576 ], [ 108.616379, 28.328856 ], [ 108.617425, 28.329128 ], [ 108.618275, 28.329469 ], [ 108.619248, 28.329802 ], [ 108.620751, 28.330071 ], [ 108.620957, 28.330135 ], [ 108.621255, 28.330224 ], [ 108.622037, 28.330326 ], [ 108.623402, 28.330486 ], [ 108.624635, 28.330934 ], [ 108.625001, 28.331058 ], [ 108.625611, 28.331269 ], [ 108.62671, 28.331595 ], [ 108.627438, 28.332154 ], [ 108.628354, 28.332711 ], [ 108.628751, 28.333271 ], [ 108.628816, 28.333334 ], [ 108.629609, 28.334113 ], [ 108.630455, 28.335127 ], [ 108.631714, 28.335852 ], [ 108.632813, 28.336462 ], [ 108.633656, 28.336731 ], [ 108.634754, 28.336832 ], [ 108.635803, 28.336771 ], [ 108.636704, 28.336247 ], [ 108.637009, 28.335785 ], [ 108.637783, 28.335319 ], [ 108.638363, 28.334905 ], [ 108.639073, 28.334678 ], [ 108.639786, 28.334607 ], [ 108.640625, 28.334427 ], [ 108.641789, 28.334419 ], [ 108.643414, 28.334683 ], [ 108.644585, 28.335047 ], [ 108.645878, 28.335617 ], [ 108.647225, 28.335878 ], [ 108.648923, 28.336262 ], [ 108.651582, 28.33675 ], [ 108.652402, 28.336867 ], [ 108.65302, 28.336956 ], [ 108.654969, 28.337447 ], [ 108.656655, 28.337488 ], [ 108.657876, 28.337307 ], [ 108.659153, 28.337383 ], [ 108.660523, 28.337658 ], [ 108.661442, 28.337872 ], [ 108.662343, 28.337928 ], [ 108.663254, 28.337968 ], [ 108.663971, 28.33836 ], [ 108.664753, 28.338927 ], [ 108.665288, 28.339558 ], [ 108.666024, 28.340756 ], [ 108.666741, 28.341718 ], [ 108.667477, 28.342575 ], [ 108.668187, 28.343137 ], [ 108.668652, 28.343821 ], [ 108.669701, 28.344734 ], [ 108.67043, 28.345403 ], [ 108.670918, 28.345954 ], [ 108.671581, 28.346579 ], [ 108.672058, 28.347256 ], [ 108.672447, 28.347937 ], [ 108.672844, 28.348672 ], [ 108.673248, 28.349303 ], [ 108.673389, 28.350269 ], [ 108.673466, 28.351419 ], [ 108.673351, 28.352284 ], [ 108.673229, 28.352856 ], [ 108.672974, 28.353548 ], [ 108.672668, 28.354344 ], [ 108.672035, 28.355852 ], [ 108.671593, 28.356482 ], [ 108.671078, 28.357179 ], [ 108.670529, 28.357662 ], [ 108.669816, 28.358071 ], [ 108.669175, 28.358079 ], [ 108.668217, 28.358315 ], [ 108.66671, 28.358109 ], [ 108.665993, 28.357944 ], [ 108.664036, 28.357039 ], [ 108.66298, 28.356479 ], [ 108.662266, 28.356141 ], [ 108.661419, 28.355813 ], [ 108.660172, 28.355419 ], [ 108.659409, 28.355261 ], [ 108.658421, 28.354811 ], [ 108.657525, 28.354269 ], [ 108.656632, 28.354162 ], [ 108.655652, 28.353885 ], [ 108.655004, 28.35389 ], [ 108.654489, 28.354246 ], [ 108.654038, 28.354536 ], [ 108.653268, 28.355515 ], [ 108.653024, 28.356097 ], [ 108.652902, 28.356898 ], [ 108.652776, 28.357582 ], [ 108.652654, 28.358444 ], [ 108.652608, 28.359139 ], [ 108.652356, 28.359935 ], [ 108.652394, 28.36257 ], [ 108.652673, 28.363602 ], [ 108.652879, 28.36452 ], [ 108.652963, 28.365777 ], [ 108.653222, 28.36664 ], [ 108.653496, 28.367322 ], [ 108.653695, 28.368235 ], [ 108.654378, 28.370178 ], [ 108.654645, 28.371203 ], [ 108.654919, 28.371945 ], [ 108.655324, 28.372566 ], [ 108.655599, 28.373311 ], [ 108.65606, 28.374163 ], [ 108.656922, 28.375811 ], [ 108.65746, 28.376554 ], [ 108.658299, 28.377289 ], [ 108.659539, 28.378683 ], [ 108.659997, 28.379545 ], [ 108.660466, 28.380334 ], [ 108.660801, 28.381132 ], [ 108.660832, 28.382739 ], [ 108.66071, 28.38383 ], [ 108.660718, 28.384811 ], [ 108.660542, 28.38567 ], [ 108.660611, 28.386413 ], [ 108.661137, 28.386922 ], [ 108.662125, 28.387606 ], [ 108.662583, 28.388112 ], [ 108.66325, 28.38862 ], [ 108.66409, 28.388895 ], [ 108.666108, 28.38934 ], [ 108.666897, 28.389785 ], [ 108.667355, 28.390246 ], [ 108.667687, 28.39064 ], [ 108.667877, 28.391093 ], [ 108.668007, 28.391492 ], [ 108.668213, 28.392064 ], [ 108.668999, 28.392507 ], [ 108.670048, 28.392906 ], [ 108.67083, 28.392947 ], [ 108.671448, 28.392401 ], [ 108.672222, 28.392108 ], [ 108.673191, 28.391872 ], [ 108.674034, 28.391973 ], [ 108.674873, 28.391793 ], [ 108.676044, 28.391889 ], [ 108.676903, 28.392111 ], [ 108.677879, 28.392614 ], [ 108.678341, 28.393064 ], [ 108.678547, 28.39369 ], [ 108.678616, 28.394036 ], [ 108.679661, 28.395056 ], [ 108.680519, 28.395844 ], [ 108.681644, 28.396523 ], [ 108.683441, 28.396773 ], [ 108.685002, 28.396928 ], [ 108.686295, 28.397154 ], [ 108.686661, 28.397271 ], [ 108.687542, 28.397538 ], [ 108.688595, 28.398169 ], [ 108.688595672000076, 28.398171140000045 ], [ 108.689209, 28.400124 ], [ 108.689606, 28.401152 ], [ 108.689759, 28.402184 ], [ 108.690426, 28.404286 ], [ 108.690701, 28.405265 ], [ 108.690983, 28.406 ], [ 108.690907, 28.406631 ], [ 108.691059, 28.40749 ], [ 108.690937, 28.408291 ], [ 108.690502, 28.409039 ], [ 108.689919, 28.40968 ], [ 108.688576, 28.410876 ], [ 108.687802, 28.411514 ], [ 108.687763, 28.412641 ], [ 108.687359, 28.41304 ], [ 108.687191, 28.413322 ], [ 108.686547, 28.414464 ], [ 108.686386, 28.415039 ], [ 108.686219, 28.416475 ], [ 108.686212, 28.416681 ], [ 108.686074, 28.419771 ], [ 108.686036, 28.42013 ], [ 108.685914, 28.421203 ], [ 108.685754, 28.422212 ], [ 108.685578, 28.422922 ], [ 108.685418, 28.423354 ], [ 108.684621, 28.424784 ], [ 108.6843, 28.425219 ], [ 108.682847, 28.426385 ], [ 108.681225, 28.427961 ], [ 108.681065, 28.428251 ], [ 108.680752, 28.428676 ], [ 108.680592, 28.428961 ], [ 108.68026, 28.429401 ], [ 108.67897, 28.430398 ], [ 108.67831, 28.430827 ], [ 108.67815, 28.431125 ], [ 108.677837, 28.430972 ], [ 108.675949, 28.430873 ], [ 108.67487, 28.432694 ], [ 108.674019, 28.432826 ], [ 108.67318, 28.433065 ], [ 108.672405, 28.433582 ], [ 108.671116, 28.434573 ], [ 108.670632, 28.435175 ], [ 108.66993, 28.435753 ], [ 108.668766, 28.436399 ], [ 108.668133, 28.437146 ], [ 108.667297, 28.438016 ], [ 108.666527, 28.438888 ], [ 108.66531, 28.440048 ], [ 108.664414, 28.440915 ], [ 108.664048, 28.441773 ], [ 108.663674, 28.442757 ], [ 108.663361, 28.443672 ], [ 108.663044, 28.444535 ], [ 108.662724, 28.445338 ], [ 108.662159, 28.44603 ], [ 108.661316, 28.446729 ], [ 108.660538, 28.447309 ], [ 108.659763, 28.447838 ], [ 108.658802, 28.448306 ], [ 108.65879343000006, 28.448309102000053 ], [ 108.657929, 28.448622 ], [ 108.65677, 28.449036 ], [ 108.655866, 28.449507 ], [ 108.655225, 28.449804 ], [ 108.654252, 28.450328 ], [ 108.653348, 28.450681 ], [ 108.652501, 28.45092 ], [ 108.651658, 28.45121 ], [ 108.650834, 28.45162 ], [ 108.649671, 28.451976 ], [ 108.648824, 28.452329 ], [ 108.64779, 28.452856 ], [ 108.646836, 28.453441 ], [ 108.645985, 28.45384 ], [ 108.645161, 28.454379 ], [ 108.644257, 28.454951 ], [ 108.643567, 28.455503 ], [ 108.642667, 28.456185 ], [ 108.641957, 28.456597 ], [ 108.641316, 28.456998 ], [ 108.640794, 28.457349 ], [ 108.639573, 28.457932 ], [ 108.638608, 28.458519 ], [ 108.637898, 28.458918 ], [ 108.637387, 28.459272 ], [ 108.637002, 28.459782 ], [ 108.636697, 28.46059 ], [ 108.636697, 28.461168 ], [ 108.636964, 28.461849 ], [ 108.637364, 28.46265 ], [ 108.6377, 28.463281 ], [ 108.63876, 28.464987 ], [ 108.6391, 28.465956 ], [ 108.639305, 28.467046 ], [ 108.639526, 28.468069 ], [ 108.639725, 28.469157 ], [ 108.640076, 28.470362 ], [ 108.640465, 28.470983 ], [ 108.640804, 28.47167 ], [ 108.641201, 28.472181 ], [ 108.641911, 28.472457 ], [ 108.644059, 28.473164 ], [ 108.645161, 28.473629 ], [ 108.645764, 28.474197 ], [ 108.646203, 28.474638 ], [ 108.646653, 28.475144 ], [ 108.64732, 28.475579 ], [ 108.647359, 28.475604 ], [ 108.647778, 28.475879 ], [ 108.648762, 28.476444 ], [ 108.649598, 28.477194 ], [ 108.650323, 28.477982 ], [ 108.651311, 28.478878 ], [ 108.653023, 28.480506 ], [ 108.654545, 28.481556 ], [ 108.65693, 28.481358 ], [ 108.659577, 28.480333 ], [ 108.66393, 28.478876 ], [ 108.664227, 28.478868 ], [ 108.667012, 28.478805 ], [ 108.670201, 28.480275 ], [ 108.672864, 28.481312 ], [ 108.67606, 28.481925 ], [ 108.67894, 28.482701 ], [ 108.681367, 28.483705 ], [ 108.683216, 28.48515 ], [ 108.684471, 28.485951 ], [ 108.686459, 28.486091 ], [ 108.689228, 28.485727 ], [ 108.69257, 28.485396 ], [ 108.694176, 28.485417 ], [ 108.695866, 28.485465 ], [ 108.69722, 28.48592 ], [ 108.697525, 28.48649 ], [ 108.698063, 28.487688 ], [ 108.698528, 28.488601 ], [ 108.6992, 28.489977 ], [ 108.699539, 28.491188 ], [ 108.700073, 28.492216 ], [ 108.700554, 28.493879 ], [ 108.701092, 28.495186 ], [ 108.701565, 28.496384 ], [ 108.70203, 28.497707 ], [ 108.702766, 28.498899 ], [ 108.703163, 28.500021 ], [ 108.703171, 28.500041 ], [ 108.703514, 28.500947 ], [ 108.70385, 28.501865 ], [ 108.704186, 28.5026 ], [ 108.704525, 28.503172 ], [ 108.704674, 28.503416 ], [ 108.704968, 28.503901 ], [ 108.705494, 28.504522 ], [ 108.706284, 28.504453 ], [ 108.707123, 28.503927 ], [ 108.708019, 28.503416 ], [ 108.708042, 28.503391 ], [ 108.708706, 28.50292 ], [ 108.709347, 28.502513 ], [ 108.709988, 28.501928 ], [ 108.710515, 28.501524 ], [ 108.711083, 28.501002 ], [ 108.711396, 28.500367 ], [ 108.711453, 28.500326 ], [ 108.711876, 28.500011 ], [ 108.712174, 28.499792 ], [ 108.712884, 28.499436 ], [ 108.713784, 28.498915 ], [ 108.714364, 28.498457 ], [ 108.715001, 28.498101 ], [ 108.715901, 28.49747 ], [ 108.716481, 28.497129 ], [ 108.717255, 28.496495 ], [ 108.718102, 28.495972 ], [ 108.719132, 28.495392 ], [ 108.719304, 28.49424 ], [ 108.719235, 28.493957 ], [ 108.719025, 28.493505 ], [ 108.71909, 28.492925 ], [ 108.719021, 28.492465 ], [ 108.718819, 28.491953 ], [ 108.718815, 28.491496 ], [ 108.718995, 28.490862 ], [ 108.718991, 28.490229 ], [ 108.719243, 28.48971 ], [ 108.719231, 28.488963 ], [ 108.719666, 28.487816 ], [ 108.719845, 28.4869 ], [ 108.719975, 28.486153 ], [ 108.720212, 28.485227 ], [ 108.72033, 28.484269 ], [ 108.720509, 28.483297 ], [ 108.720559, 28.482606 ], [ 108.720681, 28.481858 ], [ 108.72086, 28.481324 ], [ 108.720986, 28.480755 ], [ 108.72141, 28.479257 ], [ 108.721784, 28.478626 ], [ 108.722184, 28.478046 ], [ 108.722485, 28.477357 ], [ 108.723191, 28.476492 ], [ 108.723702, 28.475971 ], [ 108.72408, 28.475455 ], [ 108.724778, 28.474987 ], [ 108.725171, 28.474346 ], [ 108.725568, 28.474053 ], [ 108.726132, 28.473713 ], [ 108.726712, 28.473415 ], [ 108.728207, 28.472884 ], [ 108.728978, 28.472594 ], [ 108.729691, 28.472299 ], [ 108.73026, 28.472174 ], [ 108.730916, 28.472118 ], [ 108.731751, 28.471935 ], [ 108.732404, 28.47193 ], [ 108.733186, 28.471693 ], [ 108.73394, 28.471272 ], [ 108.734589, 28.471089 ], [ 108.735359, 28.471028 ], [ 108.738865, 28.470995 ], [ 108.739445, 28.471048 ], [ 108.739246, 28.469385 ], [ 108.74049, 28.467857 ], [ 108.743149, 28.466346 ], [ 108.744851, 28.464485 ], [ 108.744812, 28.462481 ], [ 108.744912, 28.460594 ], [ 108.74501, 28.458889 ], [ 108.744194, 28.458849 ], [ 108.743691, 28.458678 ], [ 108.742966, 28.458233 ], [ 108.742439, 28.457839 ], [ 108.742035, 28.457272 ], [ 108.741642, 28.456814 ], [ 108.741444, 28.456412 ], [ 108.741436, 28.455726 ], [ 108.741497, 28.455268 ], [ 108.741818, 28.454696 ], [ 108.742066, 28.45423 ], [ 108.742508, 28.45365 ], [ 108.743287, 28.453353 ], [ 108.744126, 28.452773 ], [ 108.744828, 28.452242 ], [ 108.745728, 28.451812 ], [ 108.745767, 28.451771 ], [ 108.746537, 28.451466 ], [ 108.747636, 28.451285 ], [ 108.748548, 28.451046 ], [ 108.749318, 28.450804 ], [ 108.749898, 28.450507 ], [ 108.750005, 28.450453 ], [ 108.751699, 28.449627 ], [ 108.752858, 28.449161 ], [ 108.753629, 28.448694 ], [ 108.754727, 28.448157 ], [ 108.755628, 28.447686 ], [ 108.756269, 28.447455 ], [ 108.757169, 28.447101 ], [ 108.75781, 28.446582 ], [ 108.758587, 28.446047 ], [ 108.760006, 28.445401 ], [ 108.760586, 28.44505 ], [ 108.761357, 28.444752 ], [ 108.762066, 28.444391 ], [ 108.763226, 28.443753 ], [ 108.763996, 28.44346 ], [ 108.764576, 28.443109 ], [ 108.765347, 28.442753 ], [ 108.765988, 28.442402 ], [ 108.766568, 28.441995 ], [ 108.767407, 28.442039 ], [ 108.768254, 28.442036 ], [ 108.769215, 28.441733 ], [ 108.769604, 28.441273 ], [ 108.769848, 28.440466 ], [ 108.77023, 28.43983 ], [ 108.770604, 28.438971 ], [ 108.771039, 28.43833 ], [ 108.771932, 28.437351 ], [ 108.772309, 28.436651 ], [ 108.772439, 28.436247 ], [ 108.772683, 28.435792 ], [ 108.773065, 28.435212 ], [ 108.773446, 28.434693 ], [ 108.77369, 28.43394 ], [ 108.773804, 28.433373 ], [ 108.774056, 28.432791 ], [ 108.774262, 28.431603 ], [ 108.774125, 28.430372 ], [ 108.772054, 28.42433 ], [ 108.771848, 28.42299 ], [ 108.771702, 28.420058 ], [ 108.771081, 28.418959 ], [ 108.770745, 28.418387 ], [ 108.770279, 28.417518 ], [ 108.769783, 28.416666 ], [ 108.769311, 28.415792 ], [ 108.769143, 28.41551 ], [ 108.768983, 28.415085 ], [ 108.768807, 28.414793 ], [ 108.768655, 28.414508 ], [ 108.768494, 28.414076 ], [ 108.768174, 28.413499 ], [ 108.767838, 28.412647 ], [ 108.767678, 28.412357 ], [ 108.76751, 28.411929 ], [ 108.76735, 28.41107 ], [ 108.766865, 28.410493 ], [ 108.766209, 28.409353 ], [ 108.765873, 28.408789 ], [ 108.765553, 28.408214 ], [ 108.7654, 28.407924 ], [ 108.765065, 28.407347 ], [ 108.764576, 28.406779 ], [ 108.764256, 28.406352 ], [ 108.763768, 28.405777 ], [ 108.76344, 28.405348 ], [ 108.762944, 28.40477 ], [ 108.76215, 28.403918 ], [ 108.761814, 28.403491 ], [ 108.761502, 28.403061 ], [ 108.761174, 28.402489 ], [ 108.760846, 28.402062 ], [ 108.760365, 28.401197 ], [ 108.760197, 28.400915 ], [ 108.760037, 28.400623 ], [ 108.759862, 28.40034 ], [ 108.759701, 28.40005 ], [ 108.759537, 28.399478 ], [ 108.759377, 28.398763 ], [ 108.759225, 28.397901 ], [ 108.759049, 28.397334 ], [ 108.758889, 28.396758 ], [ 108.758713, 28.396288 ], [ 108.758561, 28.396041 ], [ 108.758401, 28.395748 ], [ 108.758233, 28.395466 ], [ 108.757256, 28.393746 ], [ 108.757096, 28.393321 ], [ 108.75692, 28.393031 ], [ 108.7566, 28.392457 ], [ 108.756401, 28.391966 ], [ 108.757447, 28.390562 ], [ 108.757759, 28.389756 ], [ 108.758538, 28.389218 ], [ 108.759499, 28.388864 ], [ 108.760468, 28.388617 ], [ 108.761437, 28.388208 ], [ 108.762154, 28.387855 ], [ 108.763314, 28.387549 ], [ 108.764397, 28.387081 ], [ 108.765504, 28.38672 ], [ 108.766404, 28.386311 ], [ 108.767228, 28.386074 ], [ 108.768204, 28.385777 ], [ 108.768838, 28.385599 ], [ 108.770074, 28.385472 ], [ 108.771028, 28.385353 ], [ 108.772126, 28.385109 ], [ 108.77329, 28.385033 ], [ 108.774709, 28.384903 ], [ 108.775868, 28.38483 ], [ 108.777425, 28.384344 ], [ 108.778195, 28.384051 ], [ 108.778775, 28.383815 ], [ 108.779275, 28.383291 ], [ 108.779527, 28.382429 ], [ 108.779717, 28.38191 ], [ 108.779771, 28.381162 ], [ 108.779771, 28.380529 ], [ 108.779618, 28.379733 ], [ 108.77942, 28.379161 ], [ 108.779222, 28.378418 ], [ 108.779267, 28.377737 ], [ 108.779, 28.377336 ], [ 108.778741, 28.376656 ], [ 108.778272, 28.376089 ], [ 108.777478, 28.375354 ], [ 108.776891, 28.374731 ], [ 108.776235, 28.374162 ], [ 108.775769, 28.373597 ], [ 108.77551, 28.373033 ], [ 108.774838, 28.372176 ], [ 108.774197, 28.3715 ], [ 108.773739, 28.37105 ], [ 108.773472, 28.370885 ], [ 108.773213, 28.37043 ], [ 108.773075, 28.370031 ], [ 108.773068, 28.36957 ], [ 108.772992, 28.368937 ], [ 108.772786, 28.367915 ], [ 108.772572, 28.367055 ], [ 108.772702, 28.366597 ], [ 108.772763, 28.365967 ], [ 108.772931, 28.365275 ], [ 108.773175, 28.363782 ], [ 108.77348, 28.363029 ], [ 108.773533765000082, 28.362345989000062 ], [ 108.773534, 28.362343 ], [ 108.773648, 28.361768 ], [ 108.77377, 28.360967 ], [ 108.773831, 28.360392 ], [ 108.773824, 28.359995 ], [ 108.774129, 28.359014 ], [ 108.774121, 28.358327 ], [ 108.774045, 28.35764 ], [ 108.774098, 28.356949 ], [ 108.7739, 28.35644 ], [ 108.774014, 28.355179 ], [ 108.77419, 28.3542 ], [ 108.773984, 28.353454 ], [ 108.773915, 28.352429 ], [ 108.773702, 28.351577 ], [ 108.773625, 28.350656 ], [ 108.773084, 28.34923 ], [ 108.772611, 28.348096 ], [ 108.772526, 28.346655 ], [ 108.772137, 28.346027 ], [ 108.771672, 28.345183 ], [ 108.771397, 28.344384 ], [ 108.771516657000063, 28.343758252000043 ], [ 108.771519, 28.343746 ], [ 108.771191, 28.343298 ], [ 108.770466, 28.343024 ], [ 108.770016, 28.342918 ], [ 108.769558, 28.342747 ], [ 108.768582, 28.342241 ], [ 108.768002, 28.341789 ], [ 108.767407, 28.341453 ], [ 108.766941, 28.34088 ], [ 108.766423, 28.340361 ], [ 108.765492, 28.33912 ], [ 108.764706, 28.338324 ], [ 108.764309, 28.337759 ], [ 108.764225, 28.337073 ], [ 108.764225, 28.336729 ], [ 108.764225, 28.336503 ], [ 108.763699, 28.336043 ], [ 108.762982, 28.335481 ], [ 108.762452, 28.33515 ], [ 108.762055, 28.334809 ], [ 108.761678, 28.334418 ], [ 108.761334, 28.333899 ], [ 108.761086, 28.333561 ], [ 108.760884, 28.333332 ], [ 108.760228, 28.332599 ], [ 108.759896, 28.332088 ], [ 108.759621, 28.331516 ], [ 108.759225, 28.331005 ], [ 108.7589, 28.330494 ], [ 108.758633, 28.329865 ], [ 108.758366, 28.329474 ], [ 108.757901, 28.329016 ], [ 108.757626, 28.328441 ], [ 108.757168, 28.327997 ], [ 108.756897, 28.327252 ], [ 108.756699, 28.326573 ], [ 108.756623, 28.326059 ], [ 108.757058, 28.325019 ], [ 108.757573, 28.324442 ], [ 108.75853, 28.324037 ], [ 108.759949, 28.323449 ], [ 108.76085, 28.3232 ], [ 108.761639, 28.323025 ], [ 108.762463, 28.322717 ], [ 108.763051, 28.322374 ], [ 108.763551, 28.321955 ], [ 108.76413, 28.32155 ], [ 108.764519, 28.321087 ], [ 108.765031, 28.320683 ], [ 108.765347, 28.320047 ], [ 108.76566, 28.319356 ], [ 108.765774, 28.318387 ], [ 108.764973, 28.317072 ], [ 108.764901, 28.316449 ], [ 108.764439, 28.31531 ], [ 108.764233, 28.315097 ], [ 108.763512, 28.314349 ], [ 108.762654, 28.313217 ], [ 108.761666, 28.311969 ], [ 108.761266, 28.310997 ], [ 108.760735, 28.310321 ], [ 108.760087, 28.309698 ], [ 108.759491, 28.309065 ], [ 108.758511, 28.308388 ], [ 108.757333, 28.307834 ], [ 108.756615, 28.307615 ], [ 108.756036, 28.307453 ], [ 108.75544, 28.307 ], [ 108.753945, 28.306275 ], [ 108.75303, 28.305774 ], [ 108.752244, 28.30526 ], [ 108.751332, 28.305105 ], [ 108.750493, 28.304937 ], [ 108.750008, 28.304787 ], [ 108.749776, 28.304719 ], [ 108.748669, 28.30433 ], [ 108.747426, 28.304121 ], [ 108.745938, 28.303513 ], [ 108.745728, 28.303438 ], [ 108.745309, 28.303297 ], [ 108.744592, 28.302908 ], [ 108.743676, 28.302526 ], [ 108.743157, 28.302236 ], [ 108.74244, 28.301908 ], [ 108.741845, 28.301458 ], [ 108.741456, 28.301118 ], [ 108.741189, 28.300716 ], [ 108.740468, 28.30021 ], [ 108.739423, 28.29977 ], [ 108.738446, 28.299203 ], [ 108.737599820000071, 28.298819544000025 ], [ 108.737592, 28.298816 ], [ 108.736821, 28.298363 ], [ 108.733498, 28.294275 ], [ 108.733212, 28.293997 ], [ 108.731946, 28.292832 ], [ 108.731572, 28.292232 ], [ 108.731198, 28.291621 ], [ 108.730702, 28.290418 ], [ 108.72931, 28.289083 ], [ 108.725484, 28.287885 ], [ 108.724145, 28.286832 ], [ 108.722627, 28.285723 ], [ 108.721562, 28.283757 ], [ 108.721433, 28.282427 ], [ 108.721234, 28.28038 ], [ 108.720769, 28.278613 ], [ 108.720807, 28.278483 ], [ 108.720745, 28.277692 ], [ 108.720661, 28.276896 ], [ 108.720936, 28.276016 ], [ 108.721516, 28.275494 ], [ 108.721775, 28.274925 ], [ 108.72189, 28.274177 ], [ 108.721882, 28.27349 ], [ 108.722058, 28.272458 ], [ 108.722325, 28.271544 ], [ 108.722508, 28.270736 ], [ 108.722493, 28.269825 ], [ 108.723058, 28.268386 ], [ 108.723435, 28.267529 ], [ 108.723413, 28.266316 ], [ 108.723413, 28.265632 ], [ 108.723195, 28.264948 ], [ 108.723248, 28.26403 ], [ 108.723363, 28.263285 ], [ 108.723687, 28.262651 ], [ 108.72432, 28.261789 ], [ 108.724885, 28.261321 ], [ 108.725602, 28.260566 ], [ 108.726239, 28.259996 ], [ 108.726536, 28.259539 ], [ 108.726795, 28.25914 ], [ 108.727497, 28.258728 ], [ 108.728207, 28.25855 ], [ 108.728916, 28.258311 ], [ 108.729561, 28.258013 ], [ 108.730271, 28.257835 ], [ 108.730843, 28.25737 ], [ 108.731491, 28.257192 ], [ 108.732071, 28.256904 ], [ 108.732456, 28.256612 ], [ 108.732571, 28.255867 ], [ 108.733327, 28.254864 ], [ 108.73338, 28.254063 ], [ 108.73333, 28.253421 ], [ 108.733288, 28.252757 ], [ 108.733403, 28.251091 ], [ 108.733551, 28.250016 ], [ 108.733693, 28.248965 ], [ 108.733655, 28.245981 ], [ 108.73383, 28.244262 ], [ 108.73367, 28.242199 ], [ 108.733754, 28.240258 ], [ 108.733868, 28.238643 ], [ 108.734235, 28.237153 ], [ 108.734029, 28.236357 ], [ 108.733945, 28.234984 ], [ 108.73425, 28.233432 ], [ 108.734227, 28.232285 ], [ 108.734349, 28.231431 ], [ 108.734593, 28.23081 ], [ 108.735104, 28.230042 ], [ 108.735425, 28.229699 ], [ 108.736127, 28.229404 ], [ 108.736646, 28.229221 ], [ 108.737096, 28.229157 ], [ 108.737867468000047, 28.229101183000068 ], [ 108.73787, 28.229101 ], [ 108.738458, 28.229144 ], [ 108.739304, 28.229302 ], [ 108.739938, 28.229294 ], [ 108.740853, 28.229516 ], [ 108.74125, 28.229793 ], [ 108.742108, 28.230184 ], [ 108.742871, 28.230574 ], [ 108.743276, 28.231029 ], [ 108.744565, 28.231014 ], [ 108.745282, 28.230998 ], [ 108.745736, 28.230805 ], [ 108.74635, 28.23052 ], [ 108.747323, 28.230388 ], [ 108.748223, 28.230093 ], [ 108.749055, 28.229623 ], [ 108.749696, 28.229218 ], [ 108.750005, 28.228903 ], [ 108.750146, 28.228755 ], [ 108.750664, 28.228291 ], [ 108.750916, 28.227945 ], [ 108.751549, 28.227424 ], [ 108.751869, 28.227131 ], [ 108.75219, 28.226676 ], [ 108.752701, 28.226089 ], [ 108.753334, 28.225288 ], [ 108.753845, 28.224303 ], [ 108.75441, 28.223657 ], [ 108.754654, 28.222864 ], [ 108.755074, 28.221312 ], [ 108.755257, 28.220567 ], [ 108.755494, 28.218957 ], [ 108.755486, 28.218098 ], [ 108.755532, 28.217235 ], [ 108.755524, 28.216666 ], [ 108.755585, 28.215793 ], [ 108.755966, 28.214882 ], [ 108.755814, 28.213969 ], [ 108.755409, 28.212878 ], [ 108.755341, 28.212191 ], [ 108.755196, 28.211505 ], [ 108.754936, 28.210477 ], [ 108.754777, 28.209616 ], [ 108.754502, 28.208937 ], [ 108.754105, 28.208083 ], [ 108.754029, 28.207396 ], [ 108.754143, 28.206305 ], [ 108.754258, 28.2051 ], [ 108.754098, 28.20321 ], [ 108.753953, 28.201784 ], [ 108.754052, 28.200695 ], [ 108.754243, 28.19949 ], [ 108.754548, 28.198737 ], [ 108.754868, 28.198165 ], [ 108.755189, 28.197636 ], [ 108.755555, 28.19678 ], [ 108.756638, 28.195798 ], [ 108.757012, 28.195165 ], [ 108.757729, 28.194804 ], [ 108.75837, 28.194509 ], [ 108.75856, 28.194535 ], [ 108.759735, 28.194733 ], [ 108.760582, 28.195117 ], [ 108.76104, 28.195577 ], [ 108.761711, 28.197057 ], [ 108.761712200000034, 28.197059488000036 ], [ 108.761903, 28.197455 ], [ 108.762109, 28.198019 ], [ 108.762307, 28.198708 ], [ 108.762513, 28.199334 ], [ 108.762719, 28.199901 ], [ 108.763184, 28.201048 ], [ 108.763642, 28.201666 ], [ 108.764909, 28.203253 ], [ 108.765434, 28.204276 ], [ 108.766159, 28.205652 ], [ 108.76651, 28.206623 ], [ 108.766716, 28.207132 ], [ 108.766914, 28.207928 ], [ 108.76738, 28.208839 ], [ 108.767639, 28.209528 ], [ 108.767724, 28.210317 ], [ 108.767739, 28.211123 ], [ 108.767876, 28.212046 ], [ 108.768212, 28.213412 ], [ 108.768494, 28.21478 ], [ 108.768693, 28.215586 ], [ 108.768906, 28.216265 ], [ 108.769044, 28.216901 ], [ 108.769433, 28.217521 ], [ 108.769906, 28.218152 ], [ 108.770432, 28.218775 ], [ 108.771279, 28.219617 ], [ 108.771866, 28.22007 ], [ 108.77285, 28.22069 ], [ 108.773888, 28.221313 ], [ 108.775257, 28.221918 ], [ 108.77615, 28.222076 ], [ 108.777523, 28.222463 ], [ 108.779011, 28.223074 ], [ 108.780255, 28.223397 ], [ 108.781887, 28.22389 ], [ 108.782593, 28.224162 ], [ 108.783646, 28.224787 ], [ 108.784428, 28.225176 ], [ 108.786374, 28.226002 ], [ 108.787476, 28.226099 ], [ 108.788571, 28.226373 ], [ 108.789616, 28.226587 ], [ 108.790334, 28.226806 ], [ 108.791371, 28.227075 ], [ 108.792348, 28.227233 ], [ 108.793252, 28.227566 ], [ 108.7939, 28.227846 ], [ 108.794427, 28.228189 ], [ 108.794953, 28.229041 ], [ 108.795487, 28.230066 ], [ 108.795693, 28.230747 ], [ 108.796044, 28.231743 ], [ 108.796456, 28.23306 ], [ 108.796662, 28.233802 ], [ 108.796925, 28.234601 ], [ 108.797009, 28.235233 ], [ 108.797353, 28.236258 ], [ 108.79762, 28.237347 ], [ 108.797833, 28.238262 ], [ 108.798161, 28.23889 ], [ 108.798238, 28.239396 ], [ 108.798512, 28.240205 ], [ 108.798771, 28.241275 ], [ 108.799374, 28.242361 ], [ 108.799771, 28.243164 ], [ 108.800225, 28.243902 ], [ 108.800568, 28.244698 ], [ 108.801301, 28.24555 ], [ 108.802071, 28.245939 ], [ 108.802529, 28.246102 ], [ 108.803112, 28.246325 ], [ 108.804211, 28.246366 ], [ 108.805127, 28.246351 ], [ 108.806023, 28.246285 ], [ 108.807106, 28.246092 ], [ 108.807892, 28.24614 ], [ 108.809003, 28.24666 ], [ 108.809712, 28.246704 ], [ 108.810231, 28.246576 ], [ 108.811078, 28.246927 ], [ 108.812051, 28.247154 ], [ 108.812886, 28.247179 ], [ 108.813466, 28.247512 ], [ 108.814309, 28.247731 ], [ 108.815155, 28.248115 ], [ 108.815872077000051, 28.248394640000072 ], [ 108.815873, 28.248395 ], [ 108.816517, 28.248441 ], [ 108.817494, 28.248601 ], [ 108.818188, 28.248194 ], [ 108.818886, 28.247334 ], [ 108.819196, 28.24636 ], [ 108.819589, 28.245501 ], [ 108.820336, 28.244293 ], [ 108.820126, 28.242863 ], [ 108.819955, 28.240456 ], [ 108.820012, 28.239248 ], [ 108.819985, 28.238157 ], [ 108.819894, 28.236324 ], [ 108.820062, 28.235472 ], [ 108.82013, 28.234492 ], [ 108.820564, 28.233404 ], [ 108.820897, 28.232792 ], [ 108.821134, 28.232106 ], [ 108.82158, 28.231188 ], [ 108.822091, 28.230089 ], [ 108.82232, 28.229003 ], [ 108.822819, 28.22843 ], [ 108.823323, 28.227736 ], [ 108.823704, 28.226988 ], [ 108.824406, 28.226355 ], [ 108.825356, 28.225427 ], [ 108.826241, 28.224216 ], [ 108.826882, 28.223815 ], [ 108.82758, 28.22323 ], [ 108.828221, 28.222767 ], [ 108.82861, 28.222012 ], [ 108.829045, 28.221379 ], [ 108.829099, 28.220578 ], [ 108.829209, 28.219777 ], [ 108.829263, 28.218859 ], [ 108.829244, 28.217765 ], [ 108.829164, 28.216565 ], [ 108.829148, 28.215885 ], [ 108.829445, 28.215022 ], [ 108.829949, 28.214214 ], [ 108.830384, 28.213408 ], [ 108.830895, 28.212657 ], [ 108.83128, 28.212197 ], [ 108.831524, 28.211503 ], [ 108.831967, 28.21087 ], [ 108.83347, 28.210063 ], [ 108.834146, 28.209537 ], [ 108.834786, 28.209071 ], [ 108.835488, 28.208484 ], [ 108.836324, 28.208095 ], [ 108.836896, 28.207777 ], [ 108.837605, 28.207337 ], [ 108.837728, 28.206996 ], [ 108.838357, 28.206638 ], [ 108.838754, 28.206345 ], [ 108.839208, 28.205946 ], [ 108.840291, 28.205465 ], [ 108.840859, 28.204834 ], [ 108.841821, 28.204242 ], [ 108.842721, 28.204117 ], [ 108.843225, 28.203883 ], [ 108.844132, 28.203804 ], [ 108.845109, 28.203457 ], [ 108.845559, 28.203165 ], [ 108.846348, 28.203178 ], [ 108.847119, 28.20299 ], [ 108.847958, 28.202978 ], [ 108.849251, 28.20313 ], [ 108.850098, 28.203402 ], [ 108.850937, 28.2034 ], [ 108.851849, 28.204011 ], [ 108.852574, 28.20452 ], [ 108.853482, 28.205074 ], [ 108.854264, 28.205697 ], [ 108.855179, 28.206371 ], [ 108.85598, 28.207157 ], [ 108.85669, 28.20778 ], [ 108.857922, 28.208276 ], [ 108.858594, 28.208701 ], [ 108.859578, 28.209128 ], [ 108.860295, 28.209693 ], [ 108.861184, 28.210013 ], [ 108.86242, 28.210499 ], [ 108.863984, 28.210977 ], [ 108.865994, 28.211569 ], [ 108.866971, 28.212002 ], [ 108.868592, 28.212549 ], [ 108.869889, 28.212922 ], [ 108.870797, 28.213355 ], [ 108.871071, 28.213502 ], [ 108.872323, 28.214117 ], [ 108.873108, 28.214735 ], [ 108.873951, 28.215183 ], [ 108.874974, 28.215165 ], [ 108.875111, 28.215162 ], [ 108.875714, 28.215663 ], [ 108.876164, 28.215829 ], [ 108.876668, 28.215933 ], [ 108.87766, 28.216298 ], [ 108.878377, 28.216624 ], [ 108.879163, 28.216891 ], [ 108.88001, 28.21728 ], [ 108.881959, 28.218165 ], [ 108.883866, 28.219194 ], [ 108.885491, 28.220254 ], [ 108.886269, 28.220814 ], [ 108.887451, 28.221717 ], [ 108.888039, 28.222113 ], [ 108.889015, 28.222562 ], [ 108.889923, 28.222722 ], [ 108.890709, 28.222991 ], [ 108.891556, 28.223213 ], [ 108.892189, 28.223258 ], [ 108.893105, 28.223134 ], [ 108.893929, 28.22278 ], [ 108.894776, 28.222539 ], [ 108.895729, 28.22207 ], [ 108.89698, 28.221774 ], [ 108.898785, 28.220952 ], [ 108.900074, 28.220876 ], [ 108.900845, 28.220461 ], [ 108.901684, 28.220286 ], [ 108.902775, 28.219925 ], [ 108.904385, 28.219683 ], [ 108.905415, 28.219492 ], [ 108.906319, 28.219136 ], [ 108.907166, 28.219185 ], [ 108.908134, 28.219177 ], [ 108.909042, 28.2194 ], [ 108.910091, 28.219906 ], [ 108.91087, 28.220188 ], [ 108.911716, 28.220463 ], [ 108.912632, 28.220674 ], [ 108.913342, 28.220962 ], [ 108.913795, 28.221066 ], [ 108.914574, 28.22117 ], [ 108.915352, 28.221391 ], [ 108.91626, 28.221376 ], [ 108.917034, 28.221254 ], [ 108.918453, 28.221007 ], [ 108.919163, 28.220776 ], [ 108.919693, 28.220542 ], [ 108.920387, 28.220247 ], [ 108.921074, 28.219703 ], [ 108.921971, 28.219002 ], [ 108.922741, 28.218419 ], [ 108.924012814000037, 28.217550493000033 ], [ 108.924015, 28.217549 ], [ 108.924599, 28.217252 ], [ 108.92524, 28.216614 ], [ 108.925942, 28.216148 ], [ 108.92664, 28.21575 ], [ 108.927213, 28.214993 ], [ 108.927838, 28.214247 ], [ 108.928212, 28.213444 ], [ 108.928773, 28.212175 ], [ 108.929025, 28.211483 ], [ 108.928758, 28.210801 ], [ 108.928613, 28.210229 ], [ 108.928295, 28.209546 ], [ 108.92783, 28.208793 ], [ 108.92738, 28.208343 ], [ 108.926846, 28.208063 ], [ 108.926384, 28.207839 ], [ 108.925926, 28.207326 ], [ 108.9254, 28.206819 ], [ 108.924935, 28.206138 ], [ 108.924465, 28.205347 ], [ 108.924198, 28.204716 ], [ 108.923725, 28.203862 ], [ 108.923596, 28.203404 ], [ 108.92358, 28.202664 ], [ 108.923497, 28.201517 ], [ 108.923359, 28.200828 ], [ 108.923146, 28.200096 ], [ 108.923146, 28.199636 ], [ 108.923199, 28.199058 ], [ 108.923382, 28.198367 ], [ 108.923435, 28.197568 ], [ 108.923619, 28.196867 ], [ 108.924061, 28.19635 ], [ 108.924252, 28.195776 ], [ 108.924366, 28.195201 ], [ 108.924877, 28.194558 ], [ 108.925255, 28.194158 ], [ 108.925835, 28.193863 ], [ 108.926865, 28.193566 ], [ 108.9277, 28.192986 ], [ 108.92841, 28.192808 ], [ 108.929043, 28.19234 ], [ 108.930153, 28.192098 ], [ 108.931111, 28.191913 ], [ 108.93195, 28.191445 ], [ 108.931950173000075, 28.191444999000055 ], [ 108.933167, 28.19144 ], [ 108.93425, 28.191306 ], [ 108.93543, 28.191018 ], [ 108.936707, 28.190489 ], [ 108.937737, 28.190199 ], [ 108.938458, 28.19013 ], [ 108.939614, 28.189897 ], [ 108.940385, 28.189604 ], [ 108.941033, 28.189482 ], [ 108.941861, 28.189129 ], [ 108.942635, 28.188887 ], [ 108.943536, 28.188653 ], [ 108.944776, 28.188068 ], [ 108.945542, 28.187943 ], [ 108.946663, 28.187683 ], [ 108.94762, 28.187266 ], [ 108.948914, 28.187081 ], [ 108.949947, 28.186732 ], [ 108.950794, 28.186376 ], [ 108.951622, 28.186137 ], [ 108.952412, 28.185898 ], [ 108.952976, 28.185494 ], [ 108.953426, 28.185087 ], [ 108.95427, 28.184566 ], [ 108.954853, 28.184335 ], [ 108.955494, 28.183984 ], [ 108.956063, 28.183463 ], [ 108.957024, 28.182992 ], [ 108.957661, 28.182522 ], [ 108.958233, 28.181833 ], [ 108.958962, 28.18144 ], [ 108.959412, 28.181095 ], [ 108.960118, 28.180802 ], [ 108.960892, 28.180334 ], [ 108.961342, 28.180042 ], [ 108.962116, 28.179742 ], [ 108.962811, 28.179393 ], [ 108.963524, 28.17921 ], [ 108.964108, 28.178968 ], [ 108.965084, 28.178783 ], [ 108.965866, 28.178951 ], [ 108.966648, 28.178765 ], [ 108.967484, 28.178181 ], [ 108.968331, 28.178517 ], [ 108.968914, 28.178512 ], [ 108.96975, 28.178039 ], [ 108.970715, 28.177576 ], [ 108.971524, 28.177195 ], [ 108.972352, 28.176895 ], [ 108.973523, 28.176373 ], [ 108.97403, 28.175847 ], [ 108.97448, 28.175557 ], [ 108.975247, 28.174804 ], [ 108.97569, 28.174278 ], [ 108.975938, 28.173823 ], [ 108.976334, 28.173362 ], [ 108.97651, 28.172894 ], [ 108.976895, 28.172312 ], [ 108.977345, 28.171802 ], [ 108.977841, 28.170594 ], [ 108.978306, 28.17017 ], [ 108.978832, 28.168603 ], [ 108.979282, 28.167418 ], [ 108.979916, 28.165963 ], [ 108.980653, 28.165157 ], [ 108.982083, 28.164214 ], [ 108.982953, 28.163965 ], [ 108.983174, 28.163825 ], [ 108.984238, 28.163712 ], [ 108.985196, 28.163936 ], [ 108.985985, 28.164093 ], [ 108.986313, 28.164434 ], [ 108.98705, 28.164889 ], [ 108.988007, 28.164813 ], [ 108.988911, 28.1648 ], [ 108.990021, 28.164849 ], [ 108.991253, 28.164724 ], [ 108.992157, 28.16466 ], [ 108.993138, 28.164757 ], [ 108.994111, 28.1648 ], [ 108.995667, 28.164783 ], [ 108.996255, 28.164739 ], [ 108.997174, 28.164843 ], [ 108.998025, 28.16512 ], [ 108.999066, 28.165571 ], [ 108.999856, 28.165845 ], [ 109.000023, 28.165935 ], [ 109.001152, 28.166515 ], [ 109.001431, 28.166693 ], [ 109.001938, 28.167026 ], [ 109.002602, 28.167761 ], [ 109.00351, 28.168728 ], [ 109.00412, 28.169458 ], [ 109.004353, 28.169786 ], [ 109.004354090000049, 28.169787480000025 ], [ 109.004574, 28.170086 ], [ 109.004788, 28.170376 ], [ 109.005387, 28.171342 ], [ 109.005997, 28.172595 ], [ 109.006661, 28.173844 ], [ 109.007069, 28.174874 ], [ 109.007404, 28.175555 ], [ 109.007889, 28.176585 ], [ 109.008774, 28.178823 ], [ 109.009114, 28.179912 ], [ 109.009377, 28.18051 ], [ 109.009392, 28.18054 ], [ 109.009789, 28.18128 ], [ 109.009984, 28.181967 ], [ 109.010197, 28.182648 ], [ 109.010426, 28.184085 ], [ 109.010579, 28.184875 ], [ 109.010526, 28.185846 ], [ 109.010365, 28.187398 ], [ 109.010388, 28.188883 ], [ 109.010335, 28.189803 ], [ 109.009953, 28.190663 ], [ 109.009782, 28.191248 ], [ 109.00966, 28.191873 ], [ 109.009286, 28.192802 ], [ 109.008962, 28.193491 ], [ 109.008718, 28.19389 ], [ 109.008088, 28.195098 ], [ 109.007882, 28.195956 ], [ 109.007893, 28.196701 ], [ 109.007855, 28.197507 ], [ 109.00787, 28.19871 ], [ 109.007939, 28.19962 ], [ 109.008183, 28.200726 ], [ 109.008786, 28.201863 ], [ 109.009194, 28.202549 ], [ 109.009377, 28.203002 ], [ 109.009919, 28.203796 ], [ 109.01038, 28.204241 ], [ 109.010647, 28.204592 ], [ 109.010918, 28.205045 ], [ 109.011391, 28.206009 ], [ 109.012181, 28.207034 ], [ 109.013039, 28.207598 ], [ 109.013566, 28.208338 ], [ 109.014378, 28.209883 ], [ 109.015374, 28.211127 ], [ 109.016163, 28.212266 ], [ 109.017174, 28.213683 ], [ 109.017705, 28.214484 ], [ 109.018048, 28.215397 ], [ 109.018254, 28.216022 ], [ 109.018525, 28.216538 ], [ 109.018983, 28.217334 ], [ 109.019788, 28.218237 ], [ 109.020253, 28.218977 ], [ 109.020398, 28.21961 ], [ 109.020268, 28.220015 ], [ 109.020146, 28.220531 ], [ 109.019841, 28.221164 ], [ 109.019727, 28.221965 ], [ 109.019909, 28.222531 ], [ 109.020115, 28.222816 ], [ 109.020116330000064, 28.222817707000047 ], [ 109.020386, 28.223164 ], [ 109.021119, 28.223236 ], [ 109.021717, 28.223518 ], [ 109.022301, 28.223454 ], [ 109.023011, 28.223096 ], [ 109.023899, 28.222514 ], [ 109.024666, 28.221874 ], [ 109.025048, 28.221231 ], [ 109.025563, 28.220768 ], [ 109.026257, 28.220013 ], [ 109.027615, 28.219433 ], [ 109.028778, 28.219128 ], [ 109.029358, 28.219181 ], [ 109.030278, 28.219448 ], [ 109.030991, 28.219733 ], [ 109.031388, 28.220008 ], [ 109.032101, 28.22012 ], [ 109.032635, 28.220402 ], [ 109.033173, 28.220698 ], [ 109.03368738000006, 28.220753501000047 ], [ 109.033692, 28.220754 ], [ 109.03413, 28.220119 ], [ 109.034634, 28.219137 ], [ 109.035195, 28.217809 ], [ 109.035446, 28.217064 ], [ 109.036015, 28.216314 ], [ 109.036465, 28.215846 ], [ 109.036778, 28.215272 ], [ 109.037022, 28.214463 ], [ 109.037205, 28.213771 ], [ 109.037193, 28.213148 ], [ 109.037113, 28.212462 ], [ 109.036968, 28.212062 ], [ 109.03709, 28.211315 ], [ 109.037274, 28.210389 ], [ 109.037068, 28.209591 ], [ 109.037053, 28.208672 ], [ 109.037369, 28.208094 ], [ 109.037812, 28.207342 ], [ 109.038517, 28.206759 ], [ 109.039219, 28.206408 ], [ 109.040268, 28.206281 ], [ 109.04163, 28.206205 ], [ 109.043187, 28.205958 ], [ 109.043499, 28.205666 ], [ 109.045174, 28.204961 ], [ 109.045834, 28.204693 ], [ 109.046666, 28.204454 ], [ 109.047059, 28.204161 ], [ 109.047509, 28.204044 ], [ 109.048535, 28.20335 ], [ 109.049237, 28.202981 ], [ 109.0504, 28.203027 ], [ 109.052155, 28.202951 ], [ 109.053185, 28.202938 ], [ 109.054226, 28.203268 ], [ 109.055024, 28.203431 ], [ 109.055932, 28.203589 ], [ 109.056836, 28.203413 ], [ 109.057473, 28.202943 ], [ 109.058403, 28.202494 ], [ 109.05949, 28.201802 ], [ 109.060261, 28.201385 ], [ 109.060707, 28.200637 ], [ 109.061081, 28.200172 ], [ 109.061791, 28.199417 ], [ 109.06242, 28.198776 ], [ 109.063183, 28.19797 ], [ 109.063957, 28.197438 ], [ 109.064461, 28.196802 ], [ 109.064896, 28.196111 ], [ 109.065655, 28.195126 ], [ 109.066739, 28.194595 ], [ 109.067254, 28.194012 ], [ 109.067765, 28.193606 ], [ 109.068337, 28.193082 ], [ 109.069039, 28.192499 ], [ 109.069882, 28.192141 ], [ 109.070553, 28.191771 ], [ 109.071396, 28.191069 ], [ 109.072228, 28.190659 ], [ 109.072991, 28.190077 ], [ 109.074025, 28.18955 ], [ 109.074727, 28.189019 ], [ 109.075234, 28.188614 ], [ 109.076005, 28.188261 ], [ 109.076714, 28.187902 ], [ 109.07742, 28.187607 ], [ 109.078335, 28.187485 ], [ 109.079098, 28.187243 ], [ 109.079625, 28.187292 ], [ 109.079626896000036, 28.187292671000023 ], [ 109.080399, 28.187566 ], [ 109.081055, 28.187729 ], [ 109.081711, 28.187948 ], [ 109.08191, 28.188518 ], [ 109.082055, 28.189151 ], [ 109.082192, 28.189659 ], [ 109.082272, 28.190407 ], [ 109.082532, 28.191031 ], [ 109.082844, 28.191523 ], [ 109.083233, 28.192087 ], [ 109.083386, 28.192777 ], [ 109.0836, 28.193519 ], [ 109.083737, 28.194315 ], [ 109.083943, 28.195007 ], [ 109.083943, 28.195401 ], [ 109.084027, 28.196034 ], [ 109.084354, 28.197185 ], [ 109.084438, 28.197994 ], [ 109.084595, 28.198787 ], [ 109.084793, 28.199477 ], [ 109.08532, 28.199861 ], [ 109.086029, 28.199909 ], [ 109.086479, 28.199787 ], [ 109.08712, 28.199667 ], [ 109.087902, 28.199652 ], [ 109.089069, 28.199815 ], [ 109.089916, 28.199746 ], [ 109.090824, 28.199906 ], [ 109.091477, 28.200006 ], [ 109.09259, 28.200387 ], [ 109.09343, 28.20055 ], [ 109.094406, 28.201104 ], [ 109.094925, 28.201211 ], [ 109.095131, 28.201493 ], [ 109.095322, 28.202057 ], [ 109.095589, 28.202629 ], [ 109.096127, 28.20348 ], [ 109.096463, 28.204169 ], [ 109.096738, 28.204624 ], [ 109.096944, 28.20554 ], [ 109.097081, 28.206216 ], [ 109.097165, 28.207076 ], [ 109.097188, 28.208223 ], [ 109.097073, 28.209087 ], [ 109.097065, 28.209633 ], [ 109.097081, 28.210573 ], [ 109.096897, 28.211263 ], [ 109.096852, 28.212066 ], [ 109.096539, 28.212702 ], [ 109.096538009000085, 28.212705007000068 ], [ 109.096295, 28.213447 ], [ 109.096035, 28.214142 ], [ 109.095936, 28.21523 ], [ 109.095631, 28.216389 ], [ 109.095387, 28.217134 ], [ 109.09515, 28.217993 ], [ 109.094723, 28.218866 ], [ 109.09441, 28.219845 ], [ 109.094044, 28.220534 ], [ 109.093597, 28.221231 ], [ 109.093216, 28.22164 ], [ 109.092835, 28.222274 ], [ 109.092202, 28.223141 ], [ 109.091439, 28.224296 ], [ 109.090745, 28.224944 ], [ 109.090363, 28.225404 ], [ 109.089852, 28.225867 ], [ 109.08941, 28.226333 ], [ 109.088902, 28.22691 ], [ 109.088521, 28.227322 ], [ 109.08801, 28.227843 ], [ 109.087437, 28.22831 ], [ 109.087056, 28.228603 ], [ 109.086735, 28.229238 ], [ 109.086171, 28.229767 ], [ 109.085397, 28.230177 ], [ 109.084626, 28.230706 ], [ 109.083749, 28.231515 ], [ 109.083047, 28.232506 ], [ 109.082387, 28.233438 ], [ 109.081616, 28.23414 ], [ 109.081181, 28.234777 ], [ 109.080937, 28.235639 ], [ 109.080693, 28.236051 ], [ 109.080693, 28.236504 ], [ 109.080838, 28.237254 ], [ 109.081166, 28.238045 ], [ 109.081318, 28.239022 ], [ 109.081456, 28.239711 ], [ 109.081669, 28.240624 ], [ 109.081608, 28.241362 ], [ 109.081753, 28.242219 ], [ 109.081509, 28.243028 ], [ 109.080691043000058, 28.243459352000059 ], [ 109.076550781000037, 28.244173190000026 ], [ 109.074837569000067, 28.245933992000062 ], [ 109.075170694000064, 28.249122469000042 ], [ 109.073743017000083, 28.251168806000067 ], [ 109.077264620000051, 28.255832549000047 ], [ 109.07731220900007, 28.257783707000044 ], [ 109.078454350000072, 28.260639061000063 ], [ 109.082894, 28.264187 ], [ 109.083298, 28.264645 ], [ 109.085301, 28.26462 ], [ 109.087178, 28.264701 ], [ 109.08809, 28.264803 ], [ 109.089066, 28.264854 ], [ 109.090035, 28.264948 ], [ 109.091275, 28.265047 ], [ 109.092374, 28.265604 ], [ 109.093556, 28.265995 ], [ 109.094853, 28.266542 ], [ 109.095711, 28.267046 ], [ 109.096238, 28.267664 ], [ 109.096444, 28.268064 ], [ 109.096581, 28.268638 ], [ 109.097047, 28.269889 ], [ 109.097474, 28.270858 ], [ 109.098191, 28.271535 ], [ 109.09903, 28.272091 ], [ 109.100796, 28.273044 ], [ 109.10146, 28.273551 ], [ 109.102047, 28.27395 ], [ 109.102505, 28.274451 ], [ 109.103093, 28.274901 ], [ 109.10315, 28.274931 ], [ 109.104405, 28.275567 ], [ 109.105313, 28.275791 ], [ 109.10616, 28.276234 ], [ 109.107075, 28.276676 ], [ 109.108189, 28.277184 ], [ 109.109173, 28.278079 ], [ 109.110295, 28.279147 ], [ 109.110943, 28.279717 ], [ 109.111546, 28.280277 ], [ 109.112339, 28.281243 ], [ 109.112866, 28.281861 ], [ 109.113209, 28.282832 ], [ 109.113743, 28.284033 ], [ 109.114018, 28.284824 ], [ 109.114354, 28.285508 ], [ 109.114498, 28.286248 ], [ 109.114514, 28.286934 ], [ 109.114323, 28.287685 ], [ 109.114018, 28.28832 ], [ 109.113705, 28.288839 ], [ 109.113327, 28.289419 ], [ 109.112954, 28.289938 ], [ 109.112, 28.290931 ], [ 109.111557, 28.291511 ], [ 109.111443, 28.291859 ], [ 109.111771, 28.292884 ], [ 109.112557, 28.29327 ], [ 109.113533, 28.29355 ], [ 109.114445, 28.293876 ], [ 109.115227, 28.294372 ], [ 109.116276, 28.294936 ], [ 109.11694, 28.295552 ], [ 109.117649, 28.296002 ], [ 109.117650611000045, 28.296003216000031 ], [ 109.118245, 28.296452 ], [ 109.11884, 28.296844 ], [ 109.119297, 28.29741 ], [ 109.119625, 28.297853 ], [ 109.119953, 28.298483 ], [ 109.120293, 28.298766 ], [ 109.120556, 28.298997 ], [ 109.121159, 28.299564 ], [ 109.121533, 28.299905 ], [ 109.122128, 28.30018 ], [ 109.12254, 28.300811 ], [ 109.122799, 28.301434 ], [ 109.123204, 28.302342 ], [ 109.124203, 28.304384 ], [ 109.124615, 28.3053 ], [ 109.124829, 28.306269 ], [ 109.125, 28.306658 ], [ 109.12518, 28.307065 ], [ 109.125508, 28.307695 ], [ 109.125843, 28.308428 ], [ 109.126179, 28.309 ], [ 109.126649, 28.309742 ], [ 109.127053, 28.310532 ], [ 109.127587, 28.311438 ], [ 109.128052, 28.312175 ], [ 109.12851, 28.31257 ], [ 109.128983, 28.313198 ], [ 109.12951, 28.314045 ], [ 109.129723, 28.314734 ], [ 109.13012, 28.315466 ], [ 109.130509, 28.316259 ], [ 109.130913, 28.316826 ], [ 109.131241, 28.317162 ], [ 109.132019, 28.317841 ], [ 109.132424, 28.318233 ], [ 109.133145, 28.319149 ], [ 109.133488, 28.319714 ], [ 109.134335, 28.320444 ], [ 109.134808, 28.321351 ], [ 109.135411, 28.32227 ], [ 109.135998, 28.322773 ], [ 109.136341, 28.323404 ], [ 109.13654, 28.323798 ], [ 109.136616, 28.324538 ], [ 109.136822, 28.324994 ], [ 109.136769, 28.325797 ], [ 109.136792, 28.326484 ], [ 109.13686, 28.327117 ], [ 109.136799, 28.327628 ], [ 109.136685, 28.328152 ], [ 109.136555, 28.328557 ], [ 109.136441, 28.328961 ], [ 109.136059, 28.329426 ], [ 109.135807, 28.329775 ], [ 109.135182, 28.331212 ], [ 109.134999, 28.331677 ], [ 109.134816, 28.332361 ], [ 109.134625, 28.333116 ], [ 109.134503, 28.33333 ], [ 109.134198, 28.333872 ], [ 109.134007, 28.334327 ], [ 109.133893, 28.334664 ], [ 109.133462, 28.335651 ], [ 109.13334, 28.336055 ], [ 109.133225, 28.336556 ], [ 109.133157, 28.336856 ], [ 109.133042, 28.337487 ], [ 109.133309, 28.337942 ], [ 109.133767, 28.338454 ], [ 109.133981, 28.338713 ], [ 109.134366, 28.339188 ], [ 109.134824, 28.339639 ], [ 109.135487, 28.340259 ], [ 109.136341, 28.341109 ], [ 109.136998, 28.341838 ], [ 109.137326, 28.342177 ], [ 109.137982, 28.342627 ], [ 109.139298, 28.343753 ], [ 109.140206, 28.344132 ], [ 109.140793, 28.344412 ], [ 109.141518, 28.344628 ], [ 109.141964, 28.344849 ], [ 109.142491, 28.345127 ], [ 109.143078, 28.345523 ], [ 109.143673, 28.345971 ], [ 109.1442, 28.346419 ], [ 109.144719, 28.346815 ], [ 109.14547, 28.347566 ], [ 109.146119, 28.347962 ], [ 109.146386, 28.348214 ], [ 109.146653, 28.348466 ], [ 109.146912, 28.348804 ], [ 109.147187, 28.349661 ], [ 109.147393, 28.350116 ], [ 109.147538, 28.350976 ], [ 109.147538270000041, 28.350977256000078 ], [ 109.147683, 28.351652 ], [ 109.147698, 28.352456 ], [ 109.147454, 28.353211 ], [ 109.147004, 28.353792 ], [ 109.146302, 28.354369 ], [ 109.145798, 28.354896 ], [ 109.145138, 28.355402 ], [ 109.144635, 28.355982 ], [ 109.144123, 28.356394 ], [ 109.142971, 28.357099 ], [ 109.142395, 28.357348 ], [ 109.140335, 28.358179 ], [ 109.139824, 28.358706 ], [ 109.137776, 28.359828 ], [ 109.137211, 28.360296 ], [ 109.136502, 28.360647 ], [ 109.135975, 28.360886 ], [ 109.135346, 28.36112 ], [ 109.134766, 28.36125 ], [ 109.134186, 28.361606 ], [ 109.133896, 28.36187 ], [ 109.137493, 28.363945 ], [ 109.140068, 28.367059 ], [ 109.140999, 28.368953 ], [ 109.14161, 28.370505 ], [ 109.142472, 28.372854 ], [ 109.144017, 28.376012 ], [ 109.144818, 28.377907 ], [ 109.144823450000047, 28.377915018000067 ], [ 109.145894, 28.37949 ], [ 109.146641, 28.380874 ], [ 109.147378, 28.38242 ], [ 109.148438, 28.384322 ], [ 109.148629, 28.38529 ], [ 109.148621, 28.386032 ], [ 109.147957, 28.388385 ], [ 109.14856, 28.388952 ], [ 109.148888, 28.389224 ], [ 109.149224, 28.389737 ], [ 109.149552, 28.39019 ], [ 109.149758, 28.390752 ], [ 109.149826, 28.391268 ], [ 109.149834, 28.391678 ], [ 109.149727, 28.392415 ], [ 109.149727, 28.39299 ], [ 109.149872, 28.393392 ], [ 109.14988, 28.393676 ], [ 109.149819, 28.394193 ], [ 109.149697, 28.39465 ], [ 109.149643, 28.395057 ], [ 109.14946, 28.395686 ], [ 109.149459851000074, 28.395687937000048 ], [ 109.149407, 28.396377 ], [ 109.149109, 28.397756 ], [ 109.14901, 28.399363 ], [ 109.148957, 28.399823 ], [ 109.148957, 28.400571 ], [ 109.149109, 28.401196 ], [ 109.149308, 28.401542 ], [ 109.149437, 28.401992 ], [ 109.149582, 28.402277 ], [ 109.14991, 28.402674 ], [ 109.150238, 28.402844 ], [ 109.150567, 28.403063 ], [ 109.151002, 28.403234 ], [ 109.151402, 28.403569 ], [ 109.151669, 28.403907 ], [ 109.151929, 28.404126 ], [ 109.152058, 28.404536 ], [ 109.152264, 28.404818 ], [ 109.152409, 28.405324 ], [ 109.152478, 28.405901 ], [ 109.152432, 28.406639 ], [ 109.152119, 28.40745 ], [ 109.151685, 28.408093 ], [ 109.151368, 28.408612 ], [ 109.150857, 28.409195 ], [ 109.15049, 28.409544 ], [ 109.149987, 28.410124 ], [ 109.149483, 28.410595 ], [ 109.149033, 28.41106 ], [ 109.148526, 28.411693 ], [ 109.148343, 28.4121 ], [ 109.147961, 28.412683 ], [ 109.147641, 28.413202 ], [ 109.147397, 28.413784 ], [ 109.147351, 28.414526 ], [ 109.147168, 28.414992 ], [ 109.147175, 28.415623 ], [ 109.147053, 28.416249 ], [ 109.147229, 28.416658 ], [ 109.147465, 28.417208 ], [ 109.14806, 28.418065 ], [ 109.148198, 28.418517 ], [ 109.148465, 28.419036 ], [ 109.148545, 28.419896 ], [ 109.149075, 28.42045 ], [ 109.149598, 28.420844 ], [ 109.14960201100007, 28.42084376300005 ], [ 109.150887, 28.420768 ], [ 109.151734, 28.420582 ], [ 109.152829, 28.420392 ], [ 109.153523, 28.419975 ], [ 109.153645, 28.419896 ], [ 109.154232, 28.419509 ], [ 109.156609, 28.418833 ], [ 109.157326, 28.418423 ], [ 109.158032, 28.418032 ], [ 109.158741, 28.417854 ], [ 109.159901, 28.417655 ], [ 109.160721, 28.417414 ], [ 109.161057, 28.417355 ], [ 109.161385, 28.417691 ], [ 109.161522, 28.418144 ], [ 109.162133, 28.419514 ], [ 109.162194, 28.419919 ], [ 109.162201, 28.419967 ], [ 109.162415, 28.420593 ], [ 109.162613, 28.421223 ], [ 109.162884, 28.421851 ], [ 109.163159, 28.422528 ], [ 109.163624, 28.42321 ], [ 109.164021, 28.423828 ], [ 109.164547, 28.424736 ], [ 109.165345, 28.425529 ], [ 109.166138, 28.426198 ], [ 109.166871, 28.426765 ], [ 109.167458, 28.427444 ], [ 109.16787, 28.428177 ], [ 109.168271, 28.429378 ], [ 109.168431, 28.430921 ], [ 109.168248, 28.431562 ], [ 109.167878, 28.432249 ], [ 109.167436, 28.432778 ], [ 109.166993, 28.433467 ], [ 109.166879, 28.433991 ], [ 109.166879, 28.434449 ], [ 109.167145, 28.434951 ], [ 109.167481, 28.43552 ], [ 109.168007, 28.436077 ], [ 109.168667, 28.436591 ], [ 109.169323, 28.436978 ], [ 109.170041, 28.437418 ], [ 109.170773, 28.43778 ], [ 109.171684, 28.437879 ], [ 109.172203, 28.437813 ], [ 109.172775, 28.43746 ], [ 109.174389, 28.437264 ], [ 109.175366, 28.437536 ], [ 109.175411, 28.437516 ], [ 109.175888, 28.4373 ], [ 109.176727, 28.437109 ], [ 109.177307, 28.437216 ], [ 109.178078, 28.437142 ], [ 109.178532, 28.437137 ], [ 109.178791, 28.437188 ], [ 109.178799, 28.437701 ], [ 109.178738, 28.438332 ], [ 109.178501, 28.43897 ], [ 109.178192, 28.439606 ], [ 109.177872, 28.440072 ], [ 109.177681, 28.440529 ], [ 109.177368, 28.44093 ], [ 109.177124, 28.441339 ], [ 109.176865, 28.441573 ], [ 109.176483, 28.441985 ], [ 109.176304, 28.442351 ], [ 109.175991, 28.442789 ], [ 109.175801, 28.443191 ], [ 109.175038, 28.444124 ], [ 109.174656, 28.444533 ], [ 109.174275, 28.444999 ], [ 109.173901, 28.445635 ], [ 109.173462, 28.446273 ], [ 109.17326, 28.446733 ], [ 109.173229, 28.446804 ], [ 109.173203, 28.446865 ], [ 109.172913, 28.44754 ], [ 109.172532, 28.448176 ], [ 109.17228, 28.448583 ], [ 109.17215, 28.448871 ], [ 109.171914, 28.449445 ], [ 109.171921, 28.450137 ], [ 109.17199, 28.450653 ], [ 109.172333, 28.45122 ], [ 109.172497, 28.451477 ], [ 109.172593, 28.45162 ], [ 109.173188, 28.452235 ], [ 109.173569, 28.452746 ], [ 109.173119, 28.453339 ], [ 109.172875, 28.453555 ], [ 109.172692, 28.453911 ], [ 109.172562, 28.454209 ], [ 109.172875, 28.454336 ], [ 109.173203, 28.454768 ], [ 109.173691, 28.45505 ], [ 109.174019, 28.455188 ], [ 109.174336, 28.455338 ], [ 109.178063, 28.455452 ], [ 109.178711, 28.455595 ], [ 109.179188, 28.455724 ], [ 109.179524, 28.455872 ], [ 109.180004, 28.456014 ], [ 109.180332, 28.456154 ], [ 109.180821, 28.456439 ], [ 109.182274, 28.457863 ], [ 109.18245, 28.458143 ], [ 109.18261, 28.458435 ], [ 109.182778, 28.458718 ], [ 109.182969, 28.459313 ], [ 109.183056, 28.460161 ], [ 109.183136, 28.460896 ], [ 109.183136, 28.461753 ], [ 109.183632, 28.461895 ], [ 109.18396, 28.462325 ], [ 109.184765, 28.462892 ], [ 109.186398, 28.464461 ], [ 109.18657, 28.464741 ], [ 109.186894, 28.465171 ], [ 109.187229, 28.465743 ], [ 109.187394, 28.466025 ], [ 109.187554, 28.466463 ], [ 109.187722, 28.467745 ], [ 109.187566, 28.468177 ], [ 109.187417, 28.469619 ], [ 109.18726, 28.470476 ], [ 109.187043, 28.471928 ], [ 109.187291, 28.473289 ], [ 109.188424, 28.474528 ], [ 109.190022, 28.475202 ], [ 109.191338, 28.475611 ], [ 109.192147, 28.475754 ], [ 109.19312, 28.475888 ], [ 109.194096, 28.47616 ], [ 109.194745, 28.476448 ], [ 109.195073, 28.476725 ], [ 109.19518, 28.476944 ], [ 109.195286, 28.477198 ], [ 109.195614, 28.4779 ], [ 109.197666, 28.479808 ], [ 109.200481, 28.480716 ], [ 109.203163, 28.481278 ], [ 109.204079, 28.481721 ], [ 109.204659, 28.482158 ], [ 109.208299830000044, 28.482706950000079 ], [ 109.208718, 28.48277 ], [ 109.217404, 28.482159 ], [ 109.21967, 28.481549 ], [ 109.222725, 28.480259 ], [ 109.223183, 28.480063 ], [ 109.223313, 28.479489 ], [ 109.224068, 28.478784 ], [ 109.225025, 28.478257 ], [ 109.226315, 28.477949 ], [ 109.226963, 28.477883 ], [ 109.227879, 28.478038 ], [ 109.228985, 28.478305 ], [ 109.229572, 28.478922 ], [ 109.230236, 28.479545 ], [ 109.230503, 28.48017 ], [ 109.231449, 28.481416 ], [ 109.231838, 28.48175 ], [ 109.233685, 28.482767 ], [ 109.234731, 28.482976 ], [ 109.236234, 28.483413 ], [ 109.237401, 28.483624 ], [ 109.238439, 28.483891 ], [ 109.239423, 28.484334 ], [ 109.240338, 28.484898 ], [ 109.240918, 28.485437 ], [ 109.245068, 28.486803 ], [ 109.245408, 28.48691 ], [ 109.247864, 28.487698 ], [ 109.250001, 28.488715 ], [ 109.250084, 28.488753 ], [ 109.252373, 28.489814 ], [ 109.254918, 28.491276 ], [ 109.256321, 28.491693 ], [ 109.258076, 28.492513 ], [ 109.260109, 28.493685 ], [ 109.261246, 28.494499 ], [ 109.262646, 28.495374 ], [ 109.263539, 28.495898 ], [ 109.263928, 28.496185 ], [ 109.264737, 28.496773 ], [ 109.266586, 28.497324 ], [ 109.268471, 28.49767 ], [ 109.270237, 28.498065 ], [ 109.270313, 28.497299 ], [ 109.270291, 28.496144 ], [ 109.270321, 28.4959 ], [ 109.270435, 28.494851 ], [ 109.270268, 28.49414 ], [ 109.270108, 28.493423 ], [ 109.26978, 28.492564 ], [ 109.269444, 28.491129 ], [ 109.269283, 28.490562 ], [ 109.269444, 28.48999 ], [ 109.26994, 28.48941 ], [ 109.270718, 28.488537 ], [ 109.271038, 28.487964 ], [ 109.271199, 28.487532 ], [ 109.271359, 28.487245 ], [ 109.271191, 28.486955 ], [ 109.270871, 28.486815 ], [ 109.269909, 28.486971 ], [ 109.26894, 28.487266 ], [ 109.268616, 28.487406 ], [ 109.26796, 28.487548 ], [ 109.267166, 28.487701 ], [ 109.265858, 28.487848 ], [ 109.265209, 28.487713 ], [ 109.264546, 28.487426 ], [ 109.263912, 28.486999 ], [ 109.262928, 28.486424 ], [ 109.261452, 28.48529 ], [ 109.261131, 28.484863 ], [ 109.260636, 28.48401 ], [ 109.260475, 28.483717 ], [ 109.260132, 28.482863 ], [ 109.259972, 28.482575 ], [ 109.259812, 28.482148 ], [ 109.259644, 28.481568 ], [ 109.259476, 28.480709 ], [ 109.259308, 28.479279 ], [ 109.259144, 28.478565 ], [ 109.259274, 28.477704 ], [ 109.259098, 28.476412 ], [ 109.258938, 28.47613 ], [ 109.258603, 28.4757 ], [ 109.25845, 28.47541 ], [ 109.258114, 28.474838 ], [ 109.257817, 28.474409 ], [ 109.257649, 28.474126 ], [ 109.257321, 28.473697 ], [ 109.256672, 28.47255 ], [ 109.256497, 28.472125 ], [ 109.256337, 28.471696 ], [ 109.256001, 28.470264 ], [ 109.255822, 28.469262 ], [ 109.255639, 28.466111 ], [ 109.255799, 28.464955 ], [ 109.255959, 28.464243 ], [ 109.256104, 28.463668 ], [ 109.256264, 28.463236 ], [ 109.256589, 28.462798 ], [ 109.256909, 28.462226 ], [ 109.257229, 28.461796 ], [ 109.25739, 28.461511 ], [ 109.258022, 28.460642 ], [ 109.258183, 28.460354 ], [ 109.258343, 28.460067 ], [ 109.258503, 28.459637 ], [ 109.258663, 28.459352 ], [ 109.258824, 28.458632 ], [ 109.258648, 28.458342 ], [ 109.258167902000082, 28.457489602000066 ], [ 109.258167, 28.457488 ], [ 109.257519, 28.456631 ], [ 109.257351, 28.456348 ], [ 109.257016, 28.455916 ], [ 109.256852, 28.455629 ], [ 109.256539, 28.455199 ], [ 109.256363, 28.454919 ], [ 109.255547, 28.453482 ], [ 109.255364, 28.45306 ], [ 109.255051, 28.452488 ], [ 109.254707, 28.451348 ], [ 109.254547, 28.450914 ], [ 109.254372, 28.450341 ], [ 109.254196, 28.449482 ], [ 109.254028, 28.4479 ], [ 109.253861, 28.44589 ], [ 109.253983257000073, 28.443460039000058 ], [ 109.253998, 28.443167 ], [ 109.254151, 28.44159 ], [ 109.254235, 28.440855 ], [ 109.254311, 28.440161 ], [ 109.254456, 28.439009 ], [ 109.254929, 28.436857 ], [ 109.255089, 28.436282 ], [ 109.255234, 28.43585 ], [ 109.255395, 28.43513 ], [ 109.255555, 28.434703 ], [ 109.255708, 28.431977 ], [ 109.255525, 28.429248 ], [ 109.255669, 28.427816 ], [ 109.255829, 28.427094 ], [ 109.255982, 28.426087 ], [ 109.255974, 28.42437 ], [ 109.25612, 28.421931 ], [ 109.25628, 28.420499 ], [ 109.256318, 28.420029 ], [ 109.256425, 28.418777 ], [ 109.25657, 28.417196 ], [ 109.256623, 28.416654 ], [ 109.256722, 28.415615 ], [ 109.256867, 28.413751 ], [ 109.257012, 28.412454 ], [ 109.257172, 28.411597 ], [ 109.257332, 28.411167 ], [ 109.258286, 28.409431 ], [ 109.258766, 28.408851 ], [ 109.259407, 28.407704 ], [ 109.259567, 28.407274 ], [ 109.259728, 28.406987 ], [ 109.25988, 28.406412 ], [ 109.26004, 28.40598 ], [ 109.25988, 28.405558 ], [ 109.25988, 28.405265 ], [ 109.260018, 28.402685 ], [ 109.260178, 28.402253 ], [ 109.261139, 28.400533 ], [ 109.261288, 28.400243 ], [ 109.261448, 28.399816 ], [ 109.261608, 28.398949 ], [ 109.26144, 28.397512 ], [ 109.261254, 28.393786 ], [ 109.261571, 28.392349 ], [ 109.261891, 28.391487 ], [ 109.262509, 28.390336 ], [ 109.262844, 28.389906 ], [ 109.263477, 28.389181 ], [ 109.263798, 28.388752 ], [ 109.264279, 28.388182 ], [ 109.264454, 28.387884 ], [ 109.264935, 28.387315 ], [ 109.265412, 28.386877 ], [ 109.266052, 28.38659 ], [ 109.266388, 28.386448 ], [ 109.267342, 28.386158 ], [ 109.267998, 28.386013 ], [ 109.268486, 28.385865 ], [ 109.26881, 28.385715 ], [ 109.269291, 28.385568 ], [ 109.269619, 28.385428 ], [ 109.26994, 28.385278 ], [ 109.271538, 28.384126 ], [ 109.271859, 28.383554 ], [ 109.272019, 28.383122 ], [ 109.272179, 28.382837 ], [ 109.272339, 28.382404 ], [ 109.272171, 28.38197 ], [ 109.272084, 28.381336 ], [ 109.272011, 28.38082 ], [ 109.272316, 28.38039 ], [ 109.272477, 28.380103 ], [ 109.273125, 28.379813 ], [ 109.273781, 28.379668 ], [ 109.274579, 28.379518 ], [ 109.275395, 28.379376 ], [ 109.276364, 28.379226 ], [ 109.278794, 28.378781 ], [ 109.279766, 28.37863 ], [ 109.281056, 28.378341 ], [ 109.28138, 28.378191 ], [ 109.281716, 28.378051 ], [ 109.282357, 28.377763 ], [ 109.283329, 28.377028 ], [ 109.28365, 28.376743 ], [ 109.28349, 28.375741 ], [ 109.283634994000067, 28.375019030000033 ], [ 109.283635, 28.375019 ], [ 109.283787, 28.37373 ], [ 109.283909, 28.368291 ], [ 109.283734, 28.367429 ], [ 109.283402, 28.366566 ], [ 109.283242, 28.365997 ], [ 109.282906, 28.365133 ], [ 109.282586, 28.364568 ], [ 109.28241, 28.364276 ], [ 109.28159, 28.362849 ], [ 109.281422, 28.362572 ], [ 109.281262, 28.36228 ], [ 109.281086, 28.362 ], [ 109.280926, 28.361707 ], [ 109.280278, 28.36085 ], [ 109.280117, 28.360571 ], [ 109.279789, 28.360143 ], [ 109.27929, 28.359569 ], [ 109.27913, 28.359289 ], [ 109.275708, 28.356425 ], [ 109.275548, 28.356133 ], [ 109.275216, 28.35599 ], [ 109.274888, 28.355566 ], [ 109.274728, 28.355286 ], [ 109.274392, 28.354854 ], [ 109.274079, 28.354419 ], [ 109.273743, 28.353992 ], [ 109.273087, 28.353283 ], [ 109.272915, 28.353001 ], [ 109.271771, 28.352142 ], [ 109.27145, 28.352004 ], [ 109.270474, 28.350997 ], [ 109.269829, 28.350141 ], [ 109.269517, 28.349566 ], [ 109.268853, 28.348424 ], [ 109.268364, 28.347857 ], [ 109.268349, 28.34743 ], [ 109.268036, 28.346577 ], [ 109.267876, 28.346295 ], [ 109.267697, 28.345873 ], [ 109.267361, 28.344718 ], [ 109.267201, 28.344291 ], [ 109.267026, 28.343716 ], [ 109.266873, 28.343276 ], [ 109.266713, 28.342701 ], [ 109.266537, 28.342272 ], [ 109.266202, 28.34112 ], [ 109.266018, 28.34054 ], [ 109.265858, 28.340252 ], [ 109.265537, 28.33982 ], [ 109.265385, 28.33954 ], [ 109.26553, 28.338671 ], [ 109.265362, 28.337809 ], [ 109.265202, 28.336707 ], [ 109.26519, 28.336654 ], [ 109.265008, 28.333799 ], [ 109.265084, 28.33332 ], [ 109.265168, 28.332794 ], [ 109.265313, 28.332222 ], [ 109.265488, 28.3318 ], [ 109.265652, 28.331243 ], [ 109.265797, 28.330823 ], [ 109.266118, 28.329681 ], [ 109.26627, 28.328529 ], [ 109.266423, 28.327943 ], [ 109.267056, 28.326776 ], [ 109.267552, 28.326481 ], [ 109.268193, 28.326331 ], [ 109.269333, 28.326199 ], [ 109.270142, 28.326344 ], [ 109.270776, 28.326499 ], [ 109.271096, 28.326356 ], [ 109.271577, 28.326069 ], [ 109.271741, 28.325217 ], [ 109.270921, 28.324357 ], [ 109.270585, 28.323928 ], [ 109.270119, 28.323353 ], [ 109.269951, 28.323073 ], [ 109.269791, 28.322503 ], [ 109.269612, 28.321639 ], [ 109.269436, 28.320487 ], [ 109.269612, 28.320054 ], [ 109.269772, 28.31977 ], [ 109.269932, 28.319337 ], [ 109.270077, 28.318907 ], [ 109.270398, 28.318045 ], [ 109.270535, 28.317179 ], [ 109.270693609000034, 28.316895276000025 ], [ 109.270696, 28.316891 ], [ 109.27084, 28.315597 ], [ 109.270688, 28.31517 ], [ 109.270528, 28.314598 ], [ 109.270367, 28.314167 ], [ 109.270207, 28.313885 ], [ 109.270306, 28.313417 ], [ 109.270596, 28.31328 ], [ 109.270917, 28.313179 ], [ 109.271313, 28.31293 ], [ 109.271573, 28.312698 ], [ 109.271924, 28.312436 ], [ 109.27237, 28.311849 ], [ 109.272431, 28.311452 ], [ 109.272752, 28.310989 ], [ 109.273248, 28.31058 ], [ 109.273888, 28.309936 ], [ 109.275174, 28.309509 ], [ 109.276662, 28.309318 ], [ 109.277955, 28.30912 ], [ 109.280148, 28.308349 ], [ 109.28098, 28.307876 ], [ 109.281876, 28.306824 ], [ 109.282243, 28.30619 ], [ 109.282563, 28.305735 ], [ 109.28254, 28.305102 ], [ 109.282792, 28.304349 ], [ 109.282967, 28.303659 ], [ 109.28283, 28.302978 ], [ 109.283013, 28.302572 ], [ 109.283456, 28.301814 ], [ 109.2837, 28.301466 ], [ 109.284604, 28.300939 ], [ 109.285374, 28.300578 ], [ 109.285947, 28.300171 ], [ 109.286668, 28.300103 ], [ 109.288602, 28.299619 ], [ 109.289174, 28.299151 ], [ 109.290398, 28.298785 ], [ 109.291352, 28.29757 ], [ 109.292233, 28.296755 ], [ 109.293202, 28.296165 ], [ 109.293309, 28.295588 ], [ 109.293576, 28.29496 ], [ 109.293675, 28.293805 ], [ 109.293583, 28.292668 ], [ 109.293232, 28.291237 ], [ 109.292973, 28.290323 ], [ 109.292821, 28.289753 ], [ 109.292477, 28.288665 ], [ 109.292069, 28.28793 ], [ 109.291734, 28.287249 ], [ 109.291467516000068, 28.286740983000072 ], [ 109.291467, 28.28674 ], [ 109.29107, 28.286053 ], [ 109.290406, 28.285313 ], [ 109.290043, 28.284237 ], [ 109.289837, 28.283431 ], [ 109.289952, 28.282918 ], [ 109.290135, 28.282279 ], [ 109.290318, 28.281768 ], [ 109.290955, 28.281125 ], [ 109.292191, 28.2807 ], [ 109.29263, 28.280298 ], [ 109.294003, 28.279698 ], [ 109.295075, 28.279233 ], [ 109.296521, 28.278555 ], [ 109.297421, 28.278141 ], [ 109.298516, 28.277778 ], [ 109.300069, 28.277648 ], [ 109.301171, 28.277506 ], [ 109.302079, 28.27744 ], [ 109.303052, 28.277717 ], [ 109.303838, 28.277869 ], [ 109.304559, 28.278035 ], [ 109.305528, 28.27819 ], [ 109.30676, 28.278519 ], [ 109.307748, 28.278794 ], [ 109.308957, 28.278993 ], [ 109.310063, 28.279377 ], [ 109.311112, 28.279814 ], [ 109.311837, 28.280033 ], [ 109.312359, 28.280376 ], [ 109.313076, 28.280819 ], [ 109.314057, 28.281487 ], [ 109.314923, 28.282052 ], [ 109.315327, 28.282507 ], [ 109.316182, 28.283522 ], [ 109.316781, 28.284036 ], [ 109.317643, 28.284654 ], [ 109.318562, 28.285035 ], [ 109.319543, 28.285483 ], [ 109.32013, 28.285818 ], [ 109.320843, 28.286311 ], [ 109.321575, 28.286883 ], [ 109.322098, 28.287501 ], [ 109.323158, 28.288628 ], [ 109.324352, 28.289355 ], [ 109.325012, 28.290204 ], [ 109.325745, 28.291915 ], [ 109.32621, 28.292762 ], [ 109.326695, 28.293561 ], [ 109.327221, 28.294588 ], [ 109.327942, 28.29532 ], [ 109.328423, 28.296111 ], [ 109.328682, 28.29646 ], [ 109.330521, 28.296826 ], [ 109.331101, 28.296989 ], [ 109.332341, 28.297032 ], [ 109.333687, 28.297108 ], [ 109.334778, 28.297033 ], [ 109.334779755000056, 28.297032689000048 ], [ 109.335812, 28.29685 ], [ 109.336983, 28.296776 ], [ 109.337746, 28.296252 ], [ 109.33865, 28.295949 ], [ 109.339806, 28.295245 ], [ 109.34116, 28.29437 ], [ 109.341854, 28.293956 ], [ 109.342629, 28.293544 ], [ 109.343712, 28.292834 ], [ 109.344486, 28.292483 ], [ 109.34528, 28.291977 ], [ 109.346314, 28.291565 ], [ 109.347805, 28.291489 ], [ 109.349686, 28.291461 ], [ 109.350136, 28.291395 ], [ 109.350865, 28.291441 ], [ 109.351689, 28.291202 ], [ 109.352402, 28.29068 ], [ 109.352708, 28.290378 ], [ 109.354222, 28.28964 ], [ 109.355271, 28.288628 ], [ 109.355981, 28.288069 ], [ 109.35656, 28.287791 ], [ 109.357137, 28.288254 ], [ 109.358258, 28.288538 ], [ 109.35872, 28.287856 ], [ 109.358174, 28.285911 ], [ 109.356812, 28.28385 ], [ 109.354405, 28.28193 ], [ 109.353089, 28.280089 ], [ 109.352684, 28.279267 ], [ 109.352799, 28.278629 ], [ 109.352333, 28.277959 ], [ 109.351719, 28.276817 ], [ 109.350788, 28.275744 ], [ 109.349938, 28.275235 ], [ 109.349411, 28.274788 ], [ 109.349091, 28.27445 ], [ 109.348271, 28.273254 ], [ 109.347874, 28.272519 ], [ 109.347607, 28.27177 ], [ 109.34739, 28.271142 ], [ 109.347687, 28.270279 ], [ 109.348263, 28.269522 ], [ 109.348572, 28.26883 ], [ 109.348763, 28.268573 ], [ 109.349083, 28.268136 ], [ 109.350232, 28.268003 ], [ 109.351281, 28.26793 ], [ 109.352513, 28.267856 ], [ 109.35323, 28.268019 ], [ 109.354203, 28.268573 ], [ 109.355072, 28.269425 ], [ 109.355801, 28.270101 ], [ 109.356266, 28.270602 ], [ 109.35719, 28.27151 ], [ 109.357834, 28.272117 ], [ 109.358429, 28.272857 ], [ 109.359082, 28.273534 ], [ 109.359898, 28.274556 ], [ 109.360691, 28.275629 ], [ 109.36097, 28.276431 ], [ 109.361546, 28.277511 ], [ 109.362885, 28.278178 ], [ 109.363789, 28.278165 ], [ 109.364899, 28.278319 ], [ 109.365547, 28.27837 ], [ 109.366005, 28.278474 ], [ 109.366802, 28.278919 ], [ 109.367382, 28.279263 ], [ 109.368172, 28.279758 ], [ 109.36882, 28.280094 ], [ 109.369797, 28.280313 ], [ 109.370209, 28.280303 ], [ 109.370556, 28.28028 ], [ 109.371205, 28.280102 ], [ 109.372097, 28.28014 ], [ 109.375027, 28.279248 ], [ 109.37582, 28.279003 ], [ 109.377052, 28.278393 ], [ 109.379036, 28.27865 ], [ 109.380582, 28.277922 ], [ 109.382523, 28.276635 ], [ 109.384949, 28.275734 ], [ 109.386746, 28.275472 ], [ 109.388531, 28.275782 ], [ 109.390832, 28.276385 ], [ 109.392687980000062, 28.276809766000042 ], [ 109.392689, 28.27681 ], [ 109.394345, 28.277059 ], [ 109.395802, 28.277066 ], [ 109.395825, 28.275698 ], [ 109.39552, 28.274777 ], [ 109.395374770000046, 28.273798442000043 ], [ 109.395291, 28.273234 ], [ 109.394879, 28.27198 ], [ 109.394877186000087, 28.271980023000026 ], [ 109.388142, 28.272067 ], [ 109.383477, 28.271374 ], [ 109.381535, 28.27091 ], [ 109.381703, 28.270821 ], [ 109.381886, 28.270193 ], [ 109.38136, 28.269509 ], [ 109.380887, 28.269064 ], [ 109.380109, 28.268723 ], [ 109.379449, 28.26822 ], [ 109.378533, 28.267892 ], [ 109.377816, 28.267678 ], [ 109.376759, 28.267177 ], [ 109.375272, 28.266625 ], [ 109.375016, 28.266432 ], [ 109.374612, 28.266119 ], [ 109.374078, 28.265673 ], [ 109.37349, 28.265225 ], [ 109.373086, 28.26431 ], [ 109.372342, 28.263114 ], [ 109.371678, 28.262324 ], [ 109.370751, 28.261423 ], [ 109.370209, 28.260946 ], [ 109.369988, 28.260758 ], [ 109.369004, 28.260033 ], [ 109.367756, 28.259313 ], [ 109.366715, 28.259099 ], [ 109.366066, 28.258993 ], [ 109.365227, 28.259008 ], [ 109.364506, 28.258962 ], [ 109.363743, 28.259143 ], [ 109.362946, 28.258921 ], [ 109.362229, 28.258708 ], [ 109.364071, 28.256971 ], [ 109.364781, 28.256811 ], [ 109.366585, 28.255982 ], [ 109.368153, 28.254402 ], [ 109.368355, 28.253259 ], [ 109.368435, 28.252804 ], [ 109.367771, 28.250281 ], [ 109.367516, 28.250027 ], [ 109.365685, 28.248193 ], [ 109.364644, 28.245777 ], [ 109.363511, 28.24405 ], [ 109.362649, 28.242207 ], [ 109.361447, 28.240874 ], [ 109.359444, 28.239391 ], [ 109.359162, 28.239185 ], [ 109.357647720000045, 28.237483325000028 ], [ 109.355791741000075, 28.236162724000053 ], [ 109.354649599000084, 28.235377502000063 ], [ 109.354256988000088, 28.233878442000048 ], [ 109.355077902000062, 28.232879068000045 ], [ 109.3555, 28.231311 ], [ 109.355717, 28.230446 ], [ 109.356144, 28.229523 ], [ 109.356396, 28.228895 ], [ 109.356519, 28.228145 ], [ 109.356442, 28.227682 ], [ 109.356297, 28.226942 ], [ 109.356084, 28.226029 ], [ 109.355748, 28.225124 ], [ 109.355325, 28.223753 ], [ 109.354859, 28.222837 ], [ 109.35392, 28.221604 ], [ 109.353054, 28.220635 ], [ 109.351616, 28.219513 ], [ 109.350613, 28.218778 ], [ 109.349022, 28.217085 ], [ 109.348175, 28.216523 ], [ 109.347439, 28.216134 ], [ 109.346196, 28.214892 ], [ 109.345269, 28.214157 ], [ 109.344594, 28.213569 ], [ 109.343274, 28.211982 ], [ 109.341996, 28.210395 ], [ 109.341336, 28.209952 ], [ 109.340802, 28.209092 ], [ 109.340466, 28.208291 ], [ 109.340127, 28.207612 ], [ 109.339707, 28.206353 ], [ 109.339303, 28.205445 ], [ 109.338769, 28.204651 ], [ 109.338498, 28.203789 ], [ 109.338154, 28.203001 ], [ 109.337872, 28.202373 ], [ 109.337674, 28.20163 ], [ 109.337388, 28.200832 ], [ 109.337052, 28.199799 ], [ 109.336648, 28.199181 ], [ 109.336526, 28.198553 ], [ 109.33635, 28.198166 ], [ 109.336594, 28.197592 ], [ 109.336369, 28.196266 ], [ 109.336094, 28.195345 ], [ 109.335686, 28.194541 ], [ 109.33529, 28.193923 ], [ 109.334832, 28.193295 ], [ 109.334218, 28.191998 ], [ 109.333882, 28.191482 ], [ 109.336533, 28.191589 ], [ 109.338086, 28.19104 ], [ 109.337804, 28.189095 ], [ 109.336617, 28.186679 ], [ 109.336988, 28.183891 ], [ 109.338462046000075, 28.183386054000039 ], [ 109.338939046000064, 28.180914054000027 ], [ 109.338520260000053, 28.179372164000029 ], [ 109.338596403000054, 28.178629772000079 ], [ 109.33863447400006, 28.177773166000065 ], [ 109.338475, 28.177006 ], [ 109.338521, 28.176258 ], [ 109.338506, 28.175401 ], [ 109.338292, 28.174605 ], [ 109.338175714000045, 28.174024920000079 ], [ 109.337990116000071, 28.173625170000037 ], [ 109.337590367000075, 28.173211144000049 ], [ 109.336726623000061, 28.172768564000023 ], [ 109.335905709000087, 28.172411645000068 ], [ 109.334121113000037, 28.172090418000039 ], [ 109.334085421000054, 28.170912585000053 ], [ 109.335520236000036, 28.169827551000026 ], [ 109.338404143000048, 28.169306449000032 ], [ 109.340831193000042, 28.16816430700004 ], [ 109.342467794000072, 28.166538954000032 ], [ 109.342151794000074, 28.165308954000068 ], [ 109.340081663000035, 28.164345272000048 ], [ 109.336840837000068, 28.163624296000023 ], [ 109.334613661000049, 28.161796870000046 ], [ 109.332900449000078, 28.159912337000037 ], [ 109.333014663000085, 28.157228305000046 ], [ 109.335013411000034, 28.155229557000041 ], [ 109.337697443000081, 28.152088669000079 ], [ 109.340381475000072, 28.148776459000032 ], [ 109.338439835000088, 28.143751037000072 ], [ 109.333434392000072, 28.140890180000042 ], [ 109.330483, 28.139533 ], [ 109.326817, 28.135479 ], [ 109.324482, 28.132696 ], [ 109.323864, 28.131544 ], [ 109.32322, 28.127367 ], [ 109.323266, 28.124404 ], [ 109.322175498000036, 28.120631722000041 ], [ 109.322175, 28.12063 ], [ 109.321255, 28.118046 ], [ 109.319962, 28.117117 ], [ 109.317715, 28.115491 ], [ 109.316319, 28.113986 ], [ 109.315083, 28.111628 ], [ 109.312992, 28.109478 ], [ 109.311028, 28.10813 ], [ 109.309376, 28.10708 ], [ 109.308106, 28.105915 ], [ 109.307999, 28.104489 ], [ 109.308297, 28.102773 ], [ 109.308061, 28.102326 ], [ 109.307484, 28.100974 ], [ 109.307141, 28.099768 ], [ 109.306798, 28.09915 ], [ 109.306637, 28.097604 ], [ 109.30676, 28.097027 ], [ 109.307, 28.096162 ], [ 109.307488, 28.095114 ], [ 109.307549, 28.094245 ], [ 109.307664, 28.093558 ], [ 109.309017, 28.091668 ], [ 109.309208, 28.090862 ], [ 109.309117, 28.089885 ], [ 109.308964, 28.08885 ], [ 109.308682, 28.087995 ], [ 109.308285, 28.087245 ], [ 109.307991, 28.086665 ], [ 109.307884, 28.086454 ], [ 109.307381, 28.08573 ], [ 109.306725, 28.085053 ], [ 109.306111, 28.084369 ], [ 109.305577, 28.083924 ], [ 109.304795, 28.083415 ], [ 109.304718, 28.083344 ], [ 109.304009, 28.082686 ], [ 109.303089, 28.08219 ], [ 109.302433, 28.081915 ], [ 109.301781, 28.081526 ], [ 109.301071, 28.081312 ], [ 109.300408, 28.080689 ], [ 109.299939, 28.080069 ], [ 109.299733, 28.079433 ], [ 109.299328, 28.078229 ], [ 109.299115, 28.077656 ], [ 109.299038, 28.076687 ], [ 109.298687, 28.075769 ], [ 109.298653, 28.074157 ], [ 109.298699, 28.073071 ], [ 109.298676, 28.072032 ], [ 109.29873, 28.070939 ], [ 109.298592, 28.070196 ], [ 109.298379, 28.069573 ], [ 109.298432, 28.068594 ], [ 109.298859, 28.067717 ], [ 109.29929, 28.066562 ], [ 109.299137, 28.065411 ], [ 109.298985, 28.064559 ], [ 109.298508, 28.063934 ], [ 109.297661, 28.063031 ], [ 109.297184, 28.062174 ], [ 109.296704, 28.060925 ], [ 109.296757, 28.060185 ], [ 109.297002, 28.059207 ], [ 109.297177, 28.058294 ], [ 109.297284, 28.057201 ], [ 109.297398, 28.05639 ], [ 109.297711, 28.05552 ], [ 109.297372, 28.054528 ], [ 109.296838, 28.053966 ], [ 109.296189, 28.053541 ], [ 109.295785, 28.052773 ], [ 109.295373, 28.051858 ], [ 109.295059, 28.051199 ], [ 109.294655, 28.050002 ], [ 109.294739, 28.047937 ], [ 109.294793, 28.047013 ], [ 109.295228, 28.045919 ], [ 109.294869, 28.04432 ], [ 109.294831, 28.042143 ], [ 109.294606700000088, 28.041116204000048 ], [ 109.294606, 28.041113 ], [ 109.294254, 28.040208 ], [ 109.293858, 28.039579 ], [ 109.293595, 28.038834 ], [ 109.293633, 28.037692 ], [ 109.293869, 28.036774 ], [ 109.294098, 28.035569 ], [ 109.29422, 28.03455 ], [ 109.294266, 28.033985 ], [ 109.294541, 28.033502 ], [ 109.294716, 28.033195 ], [ 109.295445, 28.032777 ], [ 109.295888, 28.032317 ], [ 109.297257, 28.032581 ], [ 109.298756, 28.032754 ], [ 109.299916953000036, 28.032972427000061 ], [ 109.29992, 28.032973 ], [ 109.301339, 28.033151 ], [ 109.302258, 28.033606 ], [ 109.302853, 28.034229 ], [ 109.303131, 28.034861 ], [ 109.303803, 28.035934 ], [ 109.304077, 28.036694 ], [ 109.30397, 28.036966 ], [ 109.304085, 28.037416 ], [ 109.304428, 28.038263 ], [ 109.304829, 28.03878 ], [ 109.305302, 28.039799 ], [ 109.305965, 28.040819 ], [ 109.306748, 28.041606 ], [ 109.307542, 28.042069 ], [ 109.309002, 28.042511 ], [ 109.310288, 28.042623 ], [ 109.311985, 28.04302 ], [ 109.313286, 28.043353 ], [ 109.314198, 28.043574 ], [ 109.315232, 28.04345 ], [ 109.316261, 28.04361 ], [ 109.317494, 28.043879 ], [ 109.318405, 28.044149 ], [ 109.319382, 28.044355 ], [ 109.320225, 28.044678 ], [ 109.320676, 28.045173 ], [ 109.320874, 28.045628 ], [ 109.320958, 28.046091 ], [ 109.321305, 28.047126 ], [ 109.32158, 28.047983 ], [ 109.322259, 28.049293 ], [ 109.322476, 28.049931 ], [ 109.322606, 28.050562 ], [ 109.323071, 28.051177 ], [ 109.323399, 28.051805 ], [ 109.323884, 28.05266 ], [ 109.324349, 28.053283 ], [ 109.324738, 28.05391 ], [ 109.325005, 28.054416 ], [ 109.325741, 28.055387 ], [ 109.326085, 28.056237 ], [ 109.326283, 28.056809 ], [ 109.326767, 28.058004 ], [ 109.326844, 28.058571 ], [ 109.32705, 28.059194 ], [ 109.327134, 28.060285 ], [ 109.327355, 28.061083 ], [ 109.327637, 28.061943 ], [ 109.327843, 28.06279 ], [ 109.328381, 28.063644 ], [ 109.328782, 28.064158 ], [ 109.32911, 28.064603 ], [ 109.329762, 28.065119 ], [ 109.330632, 28.065842 ], [ 109.331223, 28.066122 ], [ 109.332192, 28.066178 ], [ 109.332795, 28.066212 ], [ 109.333631, 28.06609 ], [ 109.33447, 28.066072 ], [ 109.335298, 28.06582 ], [ 109.336328, 28.065618 ], [ 109.337483, 28.065359 ], [ 109.338647, 28.065285 ], [ 109.339864, 28.06485 ], [ 109.340177, 28.064369 ], [ 109.341203, 28.064217 ], [ 109.342034, 28.063894 ], [ 109.34261, 28.063352 ], [ 109.343122, 28.062945 ], [ 109.34361, 28.062477 ], [ 109.343869, 28.061956 ], [ 109.344575, 28.061379 ], [ 109.345269, 28.060283 ], [ 109.345665, 28.059396 ], [ 109.346234, 28.058989 ], [ 109.347195, 28.05874 ], [ 109.348153, 28.058328 ], [ 109.348996, 28.058206 ], [ 109.350216, 28.057954 ], [ 109.351197, 28.057951 ], [ 109.351845, 28.058061 ], [ 109.352368, 28.058122 ], [ 109.353207, 28.058165 ], [ 109.354111, 28.05799 ], [ 109.355011, 28.057756 ], [ 109.355526, 28.057407 ], [ 109.355908, 28.056891 ], [ 109.355954, 28.056314 ], [ 109.355885, 28.055978 ], [ 109.356015, 28.055513 ], [ 109.356701, 28.05465 ], [ 109.357205, 28.053895 ], [ 109.357758, 28.053521 ], [ 109.358704, 28.052823 ], [ 109.359482, 28.052462 ], [ 109.359646, 28.05238 ], [ 109.360184, 28.052108 ], [ 109.361073, 28.051508 ], [ 109.362164, 28.051142 ], [ 109.363194, 28.050661 ], [ 109.363766, 28.050239 ], [ 109.36454, 28.050005 ], [ 109.365242, 28.049537 ], [ 109.366074, 28.049011 ], [ 109.366508, 28.048199 ], [ 109.367077, 28.047505 ], [ 109.367321, 28.046592 ], [ 109.367687, 28.045908 ], [ 109.368061, 28.045043 ], [ 109.367916, 28.044473 ], [ 109.367901, 28.043906 ], [ 109.368092, 28.04339 ], [ 109.368595, 28.042919 ], [ 109.369049, 28.0428 ], [ 109.369629, 28.04251 ], [ 109.370224, 28.042108 ], [ 109.370484, 28.041893 ], [ 109.371068, 28.041598 ], [ 109.371831, 28.041186 ], [ 109.37254, 28.040596 ], [ 109.373055, 28.040413 ], [ 109.37349, 28.040014 ], [ 109.374184, 28.038847 ], [ 109.37423, 28.037644 ], [ 109.374665, 28.036894 ], [ 109.374626, 28.034943 ], [ 109.374657, 28.034263 ], [ 109.374001901000042, 28.033407177000072 ], [ 109.374001, 28.033406 ], [ 109.373276, 28.03262 ], [ 109.372685, 28.03217 ], [ 109.372105, 28.032068 ], [ 109.371319, 28.031849 ], [ 109.370804, 28.032086 ], [ 109.370232, 28.032057 ], [ 109.370133, 28.032052 ], [ 109.369614, 28.032062 ], [ 109.369225, 28.031894 ], [ 109.368824, 28.031553 ], [ 109.368809, 28.031042 ], [ 109.368672, 28.030409 ], [ 109.368473, 28.030017 ], [ 109.368519, 28.029269 ], [ 109.368313, 28.028471 ], [ 109.368557, 28.027895 ], [ 109.368656, 28.027038 ], [ 109.368633, 28.02572 ], [ 109.368481, 28.025148 ], [ 109.368092, 28.024639 ], [ 109.367687, 28.023841 ], [ 109.367611, 28.023035 ], [ 109.367656879000037, 28.022126403000073 ], [ 109.367657, 28.022124 ], [ 109.36731, 28.021198 ], [ 109.367233, 28.020397 ], [ 109.366692, 28.019433 ], [ 109.366158, 28.018523 ], [ 109.365559, 28.017732 ], [ 109.365093, 28.017048 ], [ 109.364689, 28.016483 ], [ 109.363442, 28.015411 ], [ 109.362847, 28.014681 ], [ 109.362252, 28.013653 ], [ 109.361653, 28.012923 ], [ 109.360867, 28.0123 ], [ 109.360348, 28.01168 ], [ 109.359552954000037, 28.011344824000048 ], [ 109.359551, 28.011344 ], [ 109.358433, 28.010904 ], [ 109.357228, 28.010489 ], [ 109.356316, 28.010329 ], [ 109.355145, 28.010008 ], [ 109.354039, 28.009851 ], [ 109.353081, 28.009808 ], [ 109.351906, 28.009647 ], [ 109.351193, 28.009838 ], [ 109.350552, 28.009843 ], [ 109.34977, 28.00968 ], [ 109.348984, 28.009342 ], [ 109.34795, 28.009245 ], [ 109.347111, 28.009197 ], [ 109.346398, 28.009097 ], [ 109.345364, 28.009161 ], [ 109.344167, 28.009204 ], [ 109.343003, 28.009341 ], [ 109.342168, 28.00941 ], [ 109.341321, 28.009364 ], [ 109.340219, 28.00927 ], [ 109.339299, 28.009115 ], [ 109.338475, 28.008899 ], [ 109.33801, 28.008621 ], [ 109.33748, 28.008395 ], [ 109.336961, 28.008006 ], [ 109.336308, 28.007668 ], [ 109.335843, 28.007396 ], [ 109.335256, 28.006999 ], [ 109.334458, 28.006493 ], [ 109.33394, 28.005989 ], [ 109.333348, 28.005656 ], [ 109.33273, 28.005099 ], [ 109.331887, 28.00471 ], [ 109.331162, 28.0041 ], [ 109.330502, 28.003647 ], [ 109.330102, 28.003299 ], [ 109.329785, 28.003027 ], [ 109.329255, 28.00234 ], [ 109.328721, 28.001827 ], [ 109.328065, 28.00115 ], [ 109.327268, 28.000413 ], [ 109.326695, 28.000062 ], [ 109.326634, 28.000018 ], [ 109.326257, 27.999756 ], [ 109.3256, 27.999182 ], [ 109.324628, 27.99895 ], [ 109.324178, 27.998782 ], [ 109.32385, 27.998668 ], [ 109.323335, 27.998554 ], [ 109.322686, 27.998327 ], [ 109.321774, 27.998098 ], [ 109.321515, 27.997923 ], [ 109.320744, 27.997633 ], [ 109.320351, 27.997518 ], [ 109.320107, 27.997478 ], [ 109.31971, 27.99731 ], [ 109.318997, 27.99719 ], [ 109.318677, 27.997025 ], [ 109.318432, 27.99691 ], [ 109.318173, 27.996682 ], [ 109.317704, 27.996397 ], [ 109.317055, 27.995936 ], [ 109.316605, 27.995418 ], [ 109.316014, 27.994505 ], [ 109.315693, 27.994047 ], [ 109.315434, 27.993704 ], [ 109.315304, 27.993304 ], [ 109.315289, 27.9929 ], [ 109.315289, 27.99187 ], [ 109.315365, 27.991529 ], [ 109.315419, 27.991122 ], [ 109.315686, 27.990206 ], [ 109.315816, 27.989812 ], [ 109.315999, 27.989408 ], [ 109.316189, 27.988952 ], [ 109.316449, 27.988548 ], [ 109.316765, 27.987749 ], [ 109.316895, 27.987516 ], [ 109.316964, 27.987175 ], [ 109.317086, 27.986834 ], [ 109.317216, 27.986313 ], [ 109.317345, 27.986028 ], [ 109.317406, 27.985567 ], [ 109.317597, 27.98511 ], [ 109.317727, 27.984194 ], [ 109.317849, 27.983675 ], [ 109.317902, 27.983215 ], [ 109.317978, 27.982701 ], [ 109.318093, 27.982305 ], [ 109.318223, 27.981616 ], [ 109.318356, 27.981102 ], [ 109.318547, 27.980583 ], [ 109.318623, 27.98024 ], [ 109.318753, 27.979846 ], [ 109.318936, 27.979215 ], [ 109.318493, 27.978917 ], [ 109.318093, 27.978752 ], [ 109.317635, 27.978465 ], [ 109.317116, 27.978185 ], [ 109.316662, 27.97778 ], [ 109.316464, 27.977618 ], [ 109.316403, 27.977376 ], [ 109.316273, 27.977101 ], [ 109.316205, 27.976697 ], [ 109.316334, 27.976295 ], [ 109.316464, 27.97584 ], [ 109.316655, 27.975606 ], [ 109.316918, 27.975204 ], [ 109.317032, 27.974863 ], [ 109.31717, 27.974406 ], [ 109.316899, 27.974057 ], [ 109.31664, 27.974118 ], [ 109.316395, 27.974126 ], [ 109.315945, 27.974062 ], [ 109.315156, 27.97406 ], [ 109.314911, 27.974123 ], [ 109.314576, 27.97406 ], [ 109.314065, 27.973945 ], [ 109.313733, 27.973833 ], [ 109.313542, 27.973658 ], [ 109.313283, 27.973493 ], [ 109.313084, 27.972976 ], [ 109.312893, 27.972687 ], [ 109.312565, 27.972463 ], [ 109.312371, 27.972175 ], [ 109.311913, 27.971883 ], [ 109.311593, 27.971718 ], [ 109.311394, 27.971542 ], [ 109.311074, 27.971367 ], [ 109.310811, 27.971138 ], [ 109.310544, 27.971026 ], [ 109.30972, 27.970741 ], [ 109.309189, 27.970736 ], [ 109.308877, 27.970741 ], [ 109.308297, 27.970795 ], [ 109.307797, 27.970929 ], [ 109.307346, 27.970921 ], [ 109.307026, 27.97098 ], [ 109.306637, 27.970982 ], [ 109.306053, 27.971094 ], [ 109.305405, 27.971094 ], [ 109.30476, 27.971155 ], [ 109.304432, 27.971211 ], [ 109.303921, 27.971216 ], [ 109.303471, 27.971275 ], [ 109.303211, 27.971272 ], [ 109.302879, 27.971211 ], [ 109.30249, 27.971043 ], [ 109.302239, 27.970924 ], [ 109.30204, 27.970756 ], [ 109.301781, 27.970637 ], [ 109.30138, 27.970354 ], [ 109.301121, 27.970123 ], [ 109.300938, 27.969838 ], [ 109.300617, 27.969556 ], [ 109.30035, 27.969266 ], [ 109.299828, 27.968635 ], [ 109.299507, 27.968063 ], [ 109.299179, 27.967381 ], [ 109.29892, 27.966746 ], [ 109.298721, 27.96612 ], [ 109.298592, 27.965664 ], [ 109.298462, 27.965264 ], [ 109.298199, 27.964573 ], [ 109.297939, 27.963779 ], [ 109.297733, 27.963263 ], [ 109.297489, 27.962401 ], [ 109.297283, 27.961999 ], [ 109.29723, 27.961712 ], [ 109.297085, 27.961142 ], [ 109.297154, 27.960684 ], [ 109.297215, 27.960171 ], [ 109.297344, 27.959593 ], [ 109.297459, 27.959244 ], [ 109.297589, 27.958784 ], [ 109.297848, 27.958276 ], [ 109.2981, 27.957808 ], [ 109.29836, 27.957589 ], [ 109.298875, 27.956956 ], [ 109.299134, 27.956605 ], [ 109.299393, 27.956149 ], [ 109.299714, 27.955697 ], [ 109.300225, 27.955061 ], [ 109.300679, 27.954555 ], [ 109.301068, 27.954212 ], [ 109.301839, 27.953347 ], [ 109.302029, 27.953058 ], [ 109.302354, 27.952719 ], [ 109.302804, 27.952084 ], [ 109.303124, 27.951682 ], [ 109.303254, 27.951397 ], [ 109.303574, 27.950822 ], [ 109.303891, 27.949973 ], [ 109.303952, 27.949632 ], [ 109.304158, 27.949164 ], [ 109.304158, 27.948882 ], [ 109.304211, 27.948594 ], [ 109.304211, 27.94802 ], [ 109.304288, 27.947676 ], [ 109.304348, 27.946766 ], [ 109.304333, 27.943615 ], [ 109.304264, 27.943274 ], [ 109.304264, 27.942298 ], [ 109.304455, 27.942125 ], [ 109.304653, 27.941954 ], [ 109.305035, 27.941725 ], [ 109.305553, 27.941379 ], [ 109.305817, 27.941265 ], [ 109.306641, 27.940754 ], [ 109.307545, 27.939943 ], [ 109.307911, 27.939477 ], [ 109.308171, 27.939129 ], [ 109.308491, 27.938674 ], [ 109.308682, 27.938272 ], [ 109.30893, 27.937697 ], [ 109.309136, 27.93713 ], [ 109.309136, 27.936843 ], [ 109.309327, 27.936266 ], [ 109.309327, 27.935065 ], [ 109.309121, 27.934783 ], [ 109.308858, 27.934322 ], [ 109.308667, 27.934042 ], [ 109.308537, 27.93375 ], [ 109.308339, 27.933404 ], [ 109.30795, 27.932895 ], [ 109.30772335100005, 27.932399328000031 ], [ 109.30772, 27.932392 ], [ 109.307518, 27.931939 ], [ 109.307312, 27.930909 ], [ 109.307259, 27.930563 ], [ 109.307579, 27.929589 ], [ 109.307636, 27.929246 ], [ 109.307797, 27.928872 ], [ 109.308071, 27.928196 ], [ 109.308461, 27.927621 ], [ 109.308598, 27.927337 ], [ 109.308911, 27.926884 ], [ 109.309426, 27.926195 ], [ 109.309815, 27.925567 ], [ 109.310005, 27.925218 ], [ 109.310265, 27.924882 ], [ 109.310387, 27.924422 ], [ 109.310456, 27.924079 ], [ 109.310517, 27.923448 ], [ 109.310578, 27.92299 ], [ 109.310582, 27.922477 ], [ 109.310704, 27.921722 ], [ 109.310704, 27.921438 ], [ 109.310631, 27.920802 ], [ 109.310505, 27.920466 ], [ 109.31044, 27.920008 ], [ 109.310425, 27.919968 ], [ 109.310238, 27.919543 ], [ 109.310108, 27.919093 ], [ 109.309979, 27.918803 ], [ 109.309796, 27.918294 ], [ 109.309658, 27.91806 ], [ 109.309395, 27.917435 ], [ 109.309265, 27.917035 ], [ 109.30904, 27.916667 ], [ 109.308876, 27.916395 ], [ 109.308617, 27.915995 ], [ 109.308419, 27.915595 ], [ 109.308228, 27.915262 ], [ 109.308029, 27.915026 ], [ 109.307522, 27.91413 ], [ 109.306812, 27.913037 ], [ 109.306606, 27.912007 ], [ 109.306736, 27.911035 ], [ 109.307133, 27.910517 ], [ 109.307766, 27.909832 ], [ 109.308251, 27.909358 ], [ 109.30851, 27.909185 ], [ 109.309037, 27.908903 ], [ 109.309674, 27.90844 ], [ 109.310315, 27.908036 ], [ 109.310895, 27.9077 ], [ 109.311154, 27.907527 ], [ 109.311547, 27.907293 ], [ 109.311799, 27.907011 ], [ 109.312058, 27.906663 ], [ 109.312317, 27.906492 ], [ 109.312569, 27.906039 ], [ 109.312832, 27.905689 ], [ 109.313092, 27.905467 ], [ 109.313473, 27.905004 ], [ 109.313733, 27.90472 ], [ 109.313923, 27.904552 ], [ 109.314244, 27.904086 ], [ 109.313999, 27.903296 ], [ 109.31419, 27.902666 ], [ 109.31419, 27.902378 ], [ 109.314251, 27.902032 ], [ 109.314251, 27.901608 ], [ 109.314251, 27.901521 ], [ 109.314312, 27.901063 ], [ 109.314312, 27.900774 ], [ 109.314373, 27.900486 ], [ 109.314373, 27.900143 ], [ 109.314427, 27.89951 ], [ 109.31456, 27.898831 ], [ 109.31482, 27.897913 ], [ 109.314881, 27.897569 ], [ 109.314957, 27.897338 ], [ 109.314995, 27.896937 ], [ 109.315125, 27.896532 ], [ 109.315186, 27.896138 ], [ 109.315186, 27.89522 ], [ 109.315247, 27.89493 ], [ 109.315178, 27.894531 ], [ 109.315178, 27.893956 ], [ 109.314919, 27.893384 ], [ 109.31466, 27.892641 ], [ 109.314457, 27.892125 ], [ 109.314328, 27.89184 ], [ 109.314198, 27.891209 ], [ 109.313931, 27.890808 ], [ 109.313878, 27.890407 ], [ 109.313748, 27.890117 ], [ 109.313618, 27.889782 ], [ 109.313481, 27.88937 ], [ 109.313412, 27.889088 ], [ 109.313222, 27.888691 ], [ 109.313019, 27.887885 ], [ 109.312951, 27.887251 ], [ 109.312943, 27.88479 ], [ 109.313149, 27.883763 ], [ 109.313202, 27.883016 ], [ 109.313393, 27.881988 ], [ 109.313526, 27.881528 ], [ 109.313656, 27.881009 ], [ 109.313923, 27.880549 ], [ 109.314167, 27.879977 ], [ 109.314877, 27.878896 ], [ 109.315262, 27.878433 ], [ 109.315651, 27.878035 ], [ 109.316033, 27.877753 ], [ 109.316292, 27.877521 ], [ 109.316555, 27.877237 ], [ 109.317005, 27.877008 ], [ 109.317326, 27.876835 ], [ 109.3177, 27.876713 ], [ 109.318618968000067, 27.87637079700005 ], [ 109.319541009000034, 27.876400540000077 ], [ 109.320671253000057, 27.875835419000055 ], [ 109.321593294000081, 27.874407742000074 ], [ 109.322727, 27.872531 ], [ 109.323277, 27.872653 ], [ 109.324061985000071, 27.871879565000029 ], [ 109.324954283000068, 27.870898037000075 ], [ 109.326590162000059, 27.870541118000062 ], [ 109.328107069000055, 27.871849821000069 ], [ 109.329708, 27.872693 ], [ 109.331776, 27.872523 ], [ 109.331884463000051, 27.871611875000042 ], [ 109.331200368000054, 27.870779064000033 ], [ 109.33090293500004, 27.870035482000048 ], [ 109.331914206000079, 27.869470360000037 ], [ 109.332687531000033, 27.86854831900007 ], [ 109.332122409000078, 27.867507305000061 ], [ 109.33045678700006, 27.866258088000052 ], [ 109.32840450100008, 27.865633479000053 ], [ 109.326947082000061, 27.867358589000048 ], [ 109.324805567000055, 27.868518576000042 ], [ 109.322991228000035, 27.868964725000069 ], [ 109.322723538000048, 27.867834481000045 ], [ 109.321518, 27.866988 ], [ 109.320165618000033, 27.866139115000067 ], [ 109.317310264000071, 27.864711438000029 ], [ 109.314454911000041, 27.863640681000049 ], [ 109.314246708000042, 27.862272491000056 ], [ 109.316031304000035, 27.861796599000058 ], [ 109.31838102200004, 27.860815071000047 ], [ 109.320582023000043, 27.859595597000066 ], [ 109.322693795000077, 27.857007933000034 ], [ 109.324656850000054, 27.856591528000024 ], [ 109.326496, 27.856277 ], [ 109.327835, 27.854841 ], [ 109.330070124000088, 27.852576187000068 ], [ 109.333588, 27.851087 ], [ 109.336048520000077, 27.849899294000068 ], [ 109.339677198000061, 27.84847161700003 ], [ 109.342354092000051, 27.847192657000051 ], [ 109.343424849000087, 27.845735237000042 ], [ 109.341788970000039, 27.844099357000061 ], [ 109.340599239000085, 27.841838869000071 ], [ 109.339260792000061, 27.838686084000074 ], [ 109.336613642000088, 27.836723028000051 ], [ 109.336078263000047, 27.834343567000076 ], [ 109.334591100000068, 27.832053336000058 ], [ 109.332419842000036, 27.83017951000005 ], [ 109.332836248000035, 27.829257469000027 ], [ 109.333788032000086, 27.827026725000053 ], [ 109.334650587000056, 27.823487276000037 ], [ 109.333788032000086, 27.821791910000059 ], [ 109.33494801900008, 27.820364234000067 ], [ 109.337083, 27.819077 ], [ 109.337472, 27.818566 ], [ 109.337792, 27.817993 ], [ 109.338044, 27.817475 ], [ 109.338235, 27.817134 ], [ 109.338303, 27.816735 ], [ 109.338364, 27.816048 ], [ 109.338425, 27.815761 ], [ 109.338425, 27.814959 ], [ 109.338227, 27.81416 ], [ 109.338021, 27.813751 ], [ 109.337647, 27.813186 ], [ 109.33725, 27.812721 ], [ 109.336797, 27.812263 ], [ 109.336407, 27.811808 ], [ 109.335889, 27.81124 ], [ 109.335557, 27.810841 ], [ 109.335305, 27.810549 ], [ 109.335038, 27.810149 ], [ 109.334908, 27.809801 ], [ 109.334847, 27.80957 ], [ 109.334256, 27.808711 ], [ 109.333989, 27.807854 ], [ 109.334172, 27.806824 ], [ 109.334748, 27.805967 ], [ 109.334748116000071, 27.805966894000051 ], [ 109.335381, 27.805389 ], [ 109.335603, 27.805275 ], [ 109.336468, 27.804815 ], [ 109.337815, 27.804578 ], [ 109.338517, 27.804115 ], [ 109.337678, 27.803492 ], [ 109.335648, 27.803024 ], [ 109.335495, 27.802989 ], [ 109.333843, 27.802157 ], [ 109.333363, 27.801913 ], [ 109.332299, 27.801309 ], [ 109.330933, 27.800172 ], [ 109.329136, 27.79841 ], [ 109.328793, 27.798069 ], [ 109.327618, 27.796759 ], [ 109.326443, 27.795622 ], [ 109.325926581000033, 27.795000108000067 ], [ 109.325924, 27.794997 ], [ 109.32663, 27.79459 ], [ 109.327294, 27.794768 ], [ 109.328243, 27.795015 ], [ 109.328564, 27.795098 ], [ 109.330361, 27.795088 ], [ 109.331848, 27.795251 ], [ 109.333164, 27.795166 ], [ 109.334259, 27.795161 ], [ 109.335419, 27.795098 ], [ 109.335987, 27.794523 ], [ 109.336437, 27.793435 ], [ 109.335396, 27.792242 ], [ 109.332821, 27.790102 ], [ 109.331459, 27.78885 ], [ 109.330315, 27.788149 ], [ 109.329979, 27.787943 ], [ 109.329586, 27.787543 ], [ 109.328289, 27.786007 ], [ 109.328022, 27.785209 ], [ 109.32814, 27.784179 ], [ 109.328324, 27.783319 ], [ 109.329289, 27.782973 ], [ 109.330174, 27.782839 ], [ 109.331211, 27.782676 ], [ 109.333504, 27.782472 ], [ 109.334778, 27.782067 ], [ 109.334267, 27.781785 ], [ 109.333416, 27.780986 ], [ 109.3326, 27.780328 ], [ 109.332531, 27.779527 ], [ 109.333469, 27.779044 ], [ 109.33527, 27.778863 ], [ 109.338295, 27.779074 ], [ 109.340801, 27.779008 ], [ 109.342983, 27.778593 ], [ 109.344711, 27.777729 ], [ 109.344959, 27.77704 ], [ 109.344692, 27.77584 ], [ 109.344936, 27.774868 ], [ 109.345418, 27.769287 ], [ 109.347599, 27.764305 ], [ 109.34961, 27.761746 ], [ 109.352062, 27.760119 ], [ 109.360181, 27.755015 ], [ 109.360944, 27.753926 ], [ 109.361401, 27.753675 ], [ 109.362172, 27.753275 ], [ 109.362199, 27.753237 ], [ 109.362176, 27.753194 ], [ 109.360211, 27.751243 ], [ 109.359891, 27.75088 ], [ 109.359116, 27.750013 ], [ 109.359101, 27.749995 ], [ 109.357758, 27.747622 ], [ 109.358884, 27.747139 ], [ 109.362301, 27.746892 ], [ 109.364995, 27.746419 ], [ 109.368397, 27.745541 ], [ 109.368519, 27.745485 ], [ 109.370255, 27.744702 ], [ 109.370789, 27.744422 ], [ 109.37296, 27.74298 ], [ 109.373196, 27.740864 ], [ 109.372608, 27.739212 ], [ 109.371498, 27.737506 ], [ 109.370255, 27.735714 ], [ 109.369969, 27.735305 ], [ 109.368783, 27.734273 ], [ 109.367097, 27.732633 ], [ 109.367032, 27.732567 ], [ 109.364331, 27.731155 ], [ 109.362007770000048, 27.729911160000029 ], [ 109.362, 27.729907 ], [ 109.360711, 27.729347 ], [ 109.360955, 27.727799 ], [ 109.360932, 27.725915 ], [ 109.361123, 27.72517 ], [ 109.36131, 27.724824 ], [ 109.364209, 27.725498 ], [ 109.368394, 27.72679 ], [ 109.37024, 27.726777 ], [ 109.371849, 27.726524 ], [ 109.373196, 27.726516 ], [ 109.375027, 27.72703 ], [ 109.375198, 27.727075 ], [ 109.377125, 27.727523 ], [ 109.379158, 27.728047 ], [ 109.379684, 27.727927 ], [ 109.380188, 27.727698 ], [ 109.381104, 27.727467 ], [ 109.381683, 27.727238 ], [ 109.382191, 27.727065 ], [ 109.382748, 27.726933 ], [ 109.383191, 27.726877 ], [ 109.383717, 27.726872 ], [ 109.384091, 27.726994 ], [ 109.384488, 27.727047 ], [ 109.384862, 27.727156 ], [ 109.385125, 27.727279 ], [ 109.385392, 27.727505 ], [ 109.385842, 27.728072 ], [ 109.386292, 27.728589 ], [ 109.387001, 27.729209 ], [ 109.387566, 27.729611 ], [ 109.389172, 27.727663 ], [ 109.389226, 27.726521 ], [ 109.38966, 27.725259 ], [ 109.390873, 27.724339 ], [ 109.393815, 27.723517 ], [ 109.396355, 27.723133 ], [ 109.397648, 27.723525 ], [ 109.397595, 27.724613 ], [ 109.397732, 27.725641 ], [ 109.399403, 27.726543 ], [ 109.402234, 27.727324 ], [ 109.404034, 27.727711 ], [ 109.405709, 27.727988 ], [ 109.408364, 27.728608 ], [ 109.409424, 27.728069 ], [ 109.409859, 27.727659 ], [ 109.410187, 27.727491 ], [ 109.410759, 27.727028 ], [ 109.411148, 27.72669 ], [ 109.411721, 27.726161 ], [ 109.41198, 27.725993 ], [ 109.412239, 27.725709 ], [ 109.412491, 27.725531 ], [ 109.412751, 27.725243 ], [ 109.413201, 27.724844 ], [ 109.413392, 27.724559 ], [ 109.413712, 27.724218 ], [ 109.413567, 27.723242 ], [ 109.41351, 27.722662 ], [ 109.41351, 27.722382 ], [ 109.413174, 27.721009 ], [ 109.413174, 27.720719 ], [ 109.413105, 27.720439 ], [ 109.413105, 27.720152 ], [ 109.413044, 27.719864 ], [ 109.412968, 27.71815 ], [ 109.413159, 27.71769 ], [ 109.413479, 27.717054 ], [ 109.413853, 27.71665 ], [ 109.414303, 27.716248 ], [ 109.41483, 27.715968 ], [ 109.415333, 27.71574 ], [ 109.415783, 27.715564 ], [ 109.41631, 27.715333 ], [ 109.41676, 27.715157 ], [ 109.417134, 27.714984 ], [ 109.417584, 27.714926 ], [ 109.418034, 27.714814 ], [ 109.41895, 27.714804 ], [ 109.41927, 27.714921 ], [ 109.4203, 27.715255 ], [ 109.421917, 27.713124 ], [ 109.423356, 27.709597 ], [ 109.422475402000089, 27.708815697000034 ], [ 109.421999509000045, 27.707007306000037 ], [ 109.422760937000078, 27.706150700000023 ], [ 109.4245, 27.706045 ], [ 109.42463, 27.705961 ], [ 109.42495, 27.705783 ], [ 109.425332, 27.705669 ], [ 109.426556, 27.705781 ], [ 109.427266, 27.70589 ], [ 109.427586, 27.705888 ], [ 109.427983, 27.705946 ], [ 109.428433, 27.70589 ], [ 109.429066, 27.705827 ], [ 109.429516, 27.705766 ], [ 109.429905, 27.705771 ], [ 109.430802, 27.705534 ], [ 109.431443, 27.705417 ], [ 109.432412, 27.705127 ], [ 109.43311, 27.705133 ], [ 109.433632, 27.705011 ], [ 109.43459, 27.704892 ], [ 109.43517, 27.704838 ], [ 109.4362, 27.704711 ], [ 109.436776, 27.704709 ], [ 109.437153, 27.70466 ], [ 109.437226, 27.70465 ], [ 109.437691, 27.704655 ], [ 109.438195, 27.704533 ], [ 109.439095, 27.704416 ], [ 109.44051, 27.704065 ], [ 109.441151, 27.703829 ], [ 109.441918, 27.703656 ], [ 109.442688, 27.703366 ], [ 109.44339, 27.703141 ], [ 109.444286, 27.702737 ], [ 109.445057, 27.702449 ], [ 109.445905, 27.702103 ], [ 109.44674, 27.70164 ], [ 109.44745, 27.701416 ], [ 109.448022, 27.701121 ], [ 109.448598, 27.700948 ], [ 109.449048, 27.70077 ], [ 109.449437, 27.7006 ], [ 109.450009, 27.70031 ], [ 109.450524, 27.699852 ], [ 109.451485, 27.698697 ], [ 109.452046, 27.697838 ], [ 109.452626, 27.696643 ], [ 109.452748, 27.696228 ], [ 109.454408, 27.693896 ], [ 109.457127, 27.690956 ], [ 109.459759, 27.688616 ], [ 109.461792, 27.687167 ], [ 109.463574, 27.686177 ], [ 109.465481, 27.685188 ], [ 109.46785, 27.684419 ], [ 109.469237308000061, 27.683663555000066 ], [ 109.469242, 27.683661 ], [ 109.468334, 27.682354 ], [ 109.467049, 27.681227 ], [ 109.466206, 27.680034 ], [ 109.465618, 27.679009 ], [ 109.464089, 27.679483 ], [ 109.463516, 27.679831 ], [ 109.462101, 27.679271 ], [ 109.460434, 27.678829 ], [ 109.458512, 27.678219 ], [ 109.456685, 27.677804 ], [ 109.455261105000034, 27.675991952000061 ], [ 109.455258, 27.675988 ], [ 109.45472, 27.675121 ], [ 109.454156, 27.674225 ], [ 109.454581866000069, 27.671740125000042 ], [ 109.454153563000034, 27.669788967000045 ], [ 109.45320177800005, 27.668266112000026 ], [ 109.45296383200008, 27.66579147300007 ], [ 109.452916243000061, 27.664125850000062 ], [ 109.453487314000085, 27.662460227000054 ], [ 109.454671, 27.661245 ], [ 109.458462, 27.659644 ], [ 109.459538, 27.658814 ], [ 109.459401, 27.658717 ], [ 109.458813, 27.658204 ], [ 109.458104, 27.657469 ], [ 109.457909, 27.657069 ], [ 109.457772, 27.656723 ], [ 109.457604, 27.656179 ], [ 109.457551, 27.655599 ], [ 109.457719, 27.655172 ], [ 109.457905, 27.654775 ], [ 109.458089, 27.654257 ], [ 109.45834, 27.653682 ], [ 109.45892, 27.652935 ], [ 109.459363, 27.652642 ], [ 109.459618, 27.652416 ], [ 109.46, 27.65219 ], [ 109.46058, 27.651775 ], [ 109.46077, 27.65149 ], [ 109.46103, 27.651266 ], [ 109.461278, 27.650916 ], [ 109.461728, 27.65017 ], [ 109.462491, 27.648787 ], [ 109.462807, 27.648505 ], [ 109.463067, 27.648337 ], [ 109.463387, 27.648156 ], [ 109.463639, 27.647922 ], [ 109.464028, 27.647757 ], [ 109.464284, 27.647632 ], [ 109.464856, 27.64735 ], [ 109.465752, 27.646883 ], [ 109.466012, 27.646652 ], [ 109.466523, 27.64625 ], [ 109.46716, 27.645614 ], [ 109.467732, 27.645032 ], [ 109.468121, 27.644523 ], [ 109.468629, 27.643712 ], [ 109.469079, 27.64314 ], [ 109.469453, 27.642395 ], [ 109.469514, 27.642049 ], [ 109.469704, 27.641357 ], [ 109.469765, 27.640729 ], [ 109.469757, 27.639874 ], [ 109.469559, 27.638958 ], [ 109.469284, 27.637865 ], [ 109.46904, 27.637359 ], [ 109.468575, 27.636563 ], [ 109.468315, 27.636046 ], [ 109.46806, 27.635645 ], [ 109.4678, 27.635189 ], [ 109.467411, 27.634793 ], [ 109.467213, 27.634566 ], [ 109.46703, 27.634387 ], [ 109.466839, 27.634095 ], [ 109.466454, 27.63364 ], [ 109.466256, 27.633306 ], [ 109.466065, 27.63307 ], [ 109.465806, 27.632615 ], [ 109.465546, 27.631992 ], [ 109.465409, 27.631478 ], [ 109.46534, 27.630962 ], [ 109.46534, 27.630331 ], [ 109.465401, 27.629924 ], [ 109.465462, 27.62924 ], [ 109.465592, 27.628836 ], [ 109.465714, 27.627806 ], [ 109.465699, 27.627465 ], [ 109.465836, 27.627175 ], [ 109.466096, 27.626544 ], [ 109.466149, 27.625573 ], [ 109.46621, 27.62523 ], [ 109.466271, 27.624482 ], [ 109.466332, 27.624075 ], [ 109.466393, 27.623795 ], [ 109.466393, 27.623388 ], [ 109.466195, 27.622702 ], [ 109.465745, 27.621969 ], [ 109.464951, 27.621464 ], [ 109.464642, 27.621062 ], [ 109.464321, 27.620889 ], [ 109.464062, 27.62066 ], [ 109.463795, 27.620381 ], [ 109.463612, 27.620086 ], [ 109.463021, 27.619231 ], [ 109.462761, 27.618781 ], [ 109.462631, 27.618438 ], [ 109.462502, 27.618041 ], [ 109.462303, 27.616945 ], [ 109.462425, 27.616144 ], [ 109.462479, 27.615686 ], [ 109.462479, 27.614134 ], [ 109.46254, 27.613569 ], [ 109.46254, 27.612936 ], [ 109.462471, 27.612422 ], [ 109.462403, 27.611672 ], [ 109.462395, 27.609958 ], [ 109.462014859000078, 27.609278535000044 ], [ 109.462014, 27.609277 ], [ 109.461617, 27.608703 ], [ 109.461377, 27.60842 ], [ 109.461041, 27.608087 ], [ 109.460522, 27.607683 ], [ 109.460202, 27.607454 ], [ 109.458718, 27.606432 ], [ 109.458138, 27.60592 ], [ 109.457592, 27.60549 ], [ 109.456951, 27.604976 ], [ 109.456494, 27.604641 ], [ 109.456177, 27.604358 ], [ 109.455788, 27.604127 ], [ 109.455017, 27.603445 ], [ 109.454235, 27.602994 ], [ 109.453793, 27.6026 ], [ 109.453419, 27.602134 ], [ 109.453159, 27.601857 ], [ 109.452625, 27.600659 ], [ 109.452439, 27.600369 ], [ 109.452179, 27.5998 ], [ 109.452049, 27.5994 ], [ 109.451851, 27.598948 ], [ 109.451653, 27.598541 ], [ 109.451264, 27.59803 ], [ 109.451073, 27.597689 ], [ 109.450867, 27.597289 ], [ 109.450676, 27.597061 ], [ 109.450497, 27.596653 ], [ 109.450367, 27.596254 ], [ 109.450161, 27.595908 ], [ 109.449841, 27.595107 ], [ 109.449581, 27.594426 ], [ 109.449253, 27.593792 ], [ 109.449055, 27.593337 ], [ 109.448864, 27.592938 ], [ 109.448605, 27.592305 ], [ 109.448277, 27.591562 ], [ 109.448074, 27.591226 ], [ 109.44783, 27.590934 ], [ 109.447571, 27.590479 ], [ 109.447117, 27.590026 ], [ 109.446915, 27.589797 ], [ 109.446465, 27.589108 ], [ 109.446461, 27.588711 ], [ 109.446587, 27.588368 ], [ 109.446907, 27.587966 ], [ 109.447357, 27.587447 ], [ 109.448422, 27.586483 ], [ 109.448631, 27.586295 ], [ 109.448956, 27.585837 ], [ 109.44952, 27.584797 ], [ 109.449787, 27.584171 ], [ 109.450031, 27.583301 ], [ 109.450157, 27.582854 ], [ 109.45034, 27.582045 ], [ 109.450661, 27.581191 ], [ 109.450909, 27.580552 ], [ 109.451607, 27.578953 ], [ 109.452, 27.578148 ], [ 109.452313, 27.577576 ], [ 109.452633, 27.576945 ], [ 109.453267, 27.575455 ], [ 109.453713, 27.574646 ], [ 109.454217, 27.573954 ], [ 109.454613, 27.573499 ], [ 109.454857, 27.573148 ], [ 109.455117, 27.572807 ], [ 109.455624, 27.572001 ], [ 109.456188, 27.571305 ], [ 109.456509, 27.570733 ], [ 109.456638, 27.570336 ], [ 109.456829, 27.569932 ], [ 109.456978, 27.569368 ], [ 109.457138, 27.568783 ], [ 109.456947, 27.568447 ], [ 109.456822, 27.568101 ], [ 109.456692, 27.567641 ], [ 109.456555, 27.567295 ], [ 109.456226, 27.566326 ], [ 109.456028, 27.565866 ], [ 109.455769, 27.565302 ], [ 109.455578, 27.56502 ], [ 109.455319, 27.564394 ], [ 109.455059, 27.563931 ], [ 109.454804, 27.563651 ], [ 109.454605, 27.563479 ], [ 109.454346, 27.563313 ], [ 109.453381, 27.563313 ], [ 109.452809, 27.563369 ], [ 109.452038, 27.563435 ], [ 109.450371, 27.563728 ], [ 109.449471, 27.563791 ], [ 109.448635, 27.564028 ], [ 109.447933, 27.564201 ], [ 109.447357, 27.564315 ], [ 109.446522, 27.56461 ], [ 109.445625, 27.56473 ], [ 109.444913, 27.564884 ], [ 109.444329, 27.564998 ], [ 109.443757, 27.565171 ], [ 109.443108, 27.56524 ], [ 109.442281, 27.565293 ], [ 109.441521, 27.565474 ], [ 109.440938, 27.565586 ], [ 109.440095, 27.565824 ], [ 109.439332, 27.565888 ], [ 109.438561, 27.56589 ], [ 109.437909, 27.565829 ], [ 109.436826, 27.565608 ], [ 109.436108, 27.565321 ], [ 109.435529, 27.564866 ], [ 109.434754, 27.563838 ], [ 109.434365, 27.563434 ], [ 109.433976, 27.562755 ], [ 109.433587, 27.562129 ], [ 109.433396, 27.56173 ], [ 109.433068, 27.561265 ], [ 109.432679, 27.560579 ], [ 109.432412, 27.56001 ], [ 109.431961, 27.559029 ], [ 109.431641, 27.558464 ], [ 109.431378, 27.557831 ], [ 109.43124, 27.557379 ], [ 109.431179, 27.556972 ], [ 109.431172, 27.556628 ], [ 109.431111, 27.556115 ], [ 109.431103, 27.555654 ], [ 109.431164, 27.555143 ], [ 109.431164, 27.554662 ], [ 109.429395, 27.552784 ], [ 109.427148, 27.552288 ], [ 109.425675, 27.551843 ], [ 109.424447, 27.551049 ], [ 109.423547, 27.550591 ], [ 109.423318, 27.550591 ], [ 109.422547, 27.550647 ], [ 109.421391, 27.550769 ], [ 109.420941, 27.550945 ], [ 109.420232, 27.551291 ], [ 109.419605, 27.551809 ], [ 109.419285, 27.552211 ], [ 109.419094, 27.552498 ], [ 109.418644, 27.55307 ], [ 109.418317, 27.553425 ], [ 109.418126, 27.553649 ], [ 109.417554, 27.554165 ], [ 109.416913, 27.555035 ], [ 109.416722, 27.555373 ], [ 109.416463, 27.555716 ], [ 109.416333, 27.555948 ], [ 109.416081, 27.556299 ], [ 109.415822, 27.556693 ], [ 109.415631, 27.557041 ], [ 109.415452, 27.557329 ], [ 109.415131, 27.55773 ], [ 109.414807, 27.558186 ], [ 109.41385, 27.55905 ], [ 109.4134, 27.559282 ], [ 109.412949, 27.559453 ], [ 109.412568, 27.55945 ], [ 109.412179, 27.55934 ], [ 109.411599, 27.559289 ], [ 109.411019, 27.559292 ], [ 109.410439, 27.559177 ], [ 109.41005, 27.559063 ], [ 109.409539, 27.558834 ], [ 109.409089, 27.558493 ], [ 109.408631, 27.558209 ], [ 109.408379, 27.558036 ], [ 109.407861, 27.557578 ], [ 109.40741, 27.557114 ], [ 109.40696, 27.55671 ], [ 109.406647, 27.55631 ], [ 109.406327, 27.556026 ], [ 109.406006, 27.55569 ], [ 109.405552, 27.555232 ], [ 109.405167, 27.55494 ], [ 109.404713, 27.554484 ], [ 109.404248, 27.5542 ], [ 109.403866, 27.553742 ], [ 109.403477, 27.55346 ], [ 109.403088, 27.553122 ], [ 109.402638, 27.552771 ], [ 109.40231, 27.552603 ], [ 109.40186, 27.552428 ], [ 109.40128, 27.55226 ], [ 109.400708, 27.552145 ], [ 109.400448, 27.552033 ], [ 109.3998, 27.551863 ], [ 109.399548, 27.551805 ], [ 109.398831, 27.551464 ], [ 109.398449, 27.551296 ], [ 109.39806, 27.551184 ], [ 109.397156, 27.550894 ], [ 109.396836, 27.550785 ], [ 109.396515, 27.550724 ], [ 109.396065, 27.550612 ], [ 109.395676, 27.550444 ], [ 109.395287, 27.550388 ], [ 109.394532, 27.551908 ], [ 109.393769, 27.553173 ], [ 109.393258, 27.553407 ], [ 109.391713, 27.552551 ], [ 109.389386, 27.550911 ], [ 109.387826, 27.54898 ], [ 109.387574, 27.548103 ], [ 109.38775, 27.548189 ], [ 109.388078, 27.548301 ], [ 109.388329, 27.548296 ], [ 109.388593, 27.548352 ], [ 109.388852, 27.548301 ], [ 109.389111, 27.548177 ], [ 109.389623, 27.548067 ], [ 109.389882, 27.547953 ], [ 109.390653, 27.547704 ], [ 109.389996, 27.547032 ], [ 109.389744, 27.546809 ], [ 109.389553, 27.546583 ], [ 109.389294, 27.546184 ], [ 109.388973, 27.545782 ], [ 109.388657, 27.545327 ], [ 109.387802, 27.544297 ], [ 109.387291, 27.543722 ], [ 109.386772, 27.543091 ], [ 109.386513, 27.542807 ], [ 109.386124, 27.542237 ], [ 109.385865, 27.541891 ], [ 109.385601, 27.54138 ], [ 109.385144, 27.540691 ], [ 109.384434, 27.540071 ], [ 109.38406, 27.539776 ], [ 109.38316, 27.539097 ], [ 109.382824, 27.538975 ], [ 109.382157, 27.538538 ], [ 109.381768, 27.538365 ], [ 109.381242, 27.538142 ], [ 109.380677, 27.537969 ], [ 109.379964, 27.537735 ], [ 109.379254, 27.537575 ], [ 109.37748, 27.537328 ], [ 109.37687, 27.537229 ], [ 109.37584, 27.537234 ], [ 109.375184, 27.537173 ], [ 109.375027, 27.537185 ], [ 109.374486, 27.537234 ], [ 109.373776, 27.53718 ], [ 109.37312, 27.537117 ], [ 109.372552, 27.537119 ], [ 109.371842, 27.536949 ], [ 109.370679, 27.536552 ], [ 109.37027, 27.536378 ], [ 109.370182, 27.53634 ], [ 109.369808, 27.536111 ], [ 109.369282, 27.535653 ], [ 109.368832, 27.53531 ], [ 109.368378, 27.53474 ], [ 109.367982, 27.534334 ], [ 109.367593, 27.533769 ], [ 109.367204, 27.533304 ], [ 109.366944, 27.532902 ], [ 109.36662, 27.532444 ], [ 109.365903, 27.531363 ], [ 109.365453, 27.530789 ], [ 109.365133161000074, 27.53016327000006 ], [ 109.365132, 27.530161 ], [ 109.3648, 27.529474 ], [ 109.36448, 27.528902 ], [ 109.364221, 27.528276 ], [ 109.363824, 27.527642 ], [ 109.36332, 27.526734 ], [ 109.362981, 27.526268 ], [ 109.36279, 27.526101 ], [ 109.362531, 27.525638 ], [ 109.362203, 27.525238 ], [ 109.361943, 27.524903 ], [ 109.361493, 27.524379 ], [ 109.360139, 27.523179 ], [ 109.359757, 27.523067 ], [ 109.359303, 27.522835 ], [ 109.358724, 27.522494 ], [ 109.358395, 27.522263 ], [ 109.358014, 27.522042 ], [ 109.357651, 27.52171 ], [ 109.357392, 27.521537 ], [ 109.357003, 27.521197 ], [ 109.356552, 27.520965 ], [ 109.356232, 27.520627 ], [ 109.355778, 27.520281 ], [ 109.355442, 27.520111 ], [ 109.355122, 27.519765 ], [ 109.354802, 27.519653 ], [ 109.354294, 27.519366 ], [ 109.353768, 27.519139 ], [ 109.353188, 27.51891 ], [ 109.352291, 27.518623 ], [ 109.351574, 27.518506 ], [ 109.351197, 27.518338 ], [ 109.349507, 27.517649 ], [ 109.349003, 27.517423 ], [ 109.348606, 27.517313 ], [ 109.347969, 27.517023 ], [ 109.34739, 27.51696 ], [ 109.34681, 27.516792 ], [ 109.346279, 27.516619 ], [ 109.3457, 27.516334 ], [ 109.345326, 27.516166 ], [ 109.344895, 27.515841 ], [ 109.34433, 27.515442 ], [ 109.34375, 27.514926 ], [ 109.3429, 27.514125 ], [ 109.342381, 27.513665 ], [ 109.341728, 27.512978 ], [ 109.341149, 27.512467 ], [ 109.340828, 27.511945 ], [ 109.340367, 27.511434 ], [ 109.339916, 27.510806 ], [ 109.339527, 27.510178 ], [ 109.339268, 27.509659 ], [ 109.338883, 27.508976 ], [ 109.338616, 27.508577 ], [ 109.338433, 27.507954 ], [ 109.338165, 27.507547 ], [ 109.338036, 27.507033 ], [ 109.337906, 27.506636 ], [ 109.337715, 27.505945 ], [ 109.337452, 27.505136 ], [ 109.337444, 27.504569 ], [ 109.337315, 27.504172 ], [ 109.337185, 27.503829 ], [ 109.337124, 27.50359 ], [ 109.336983, 27.503234 ], [ 109.336911, 27.50302 ], [ 109.336712, 27.502624 ], [ 109.336319, 27.501995 ], [ 109.336068, 27.50154 ], [ 109.335808, 27.501136 ], [ 109.335549, 27.500559 ], [ 109.33516, 27.500103 ], [ 109.335103, 27.500022 ], [ 109.334759, 27.499529 ], [ 109.334257323000088, 27.499013360000049 ], [ 109.334256, 27.499012 ], [ 109.3336, 27.498448 ], [ 109.333352, 27.498328 ], [ 109.332825, 27.497985 ], [ 109.33268, 27.49777 ], [ 109.332154, 27.497602 ], [ 109.3317, 27.497485 ], [ 109.331242, 27.497323 ], [ 109.330876, 27.497195 ], [ 109.330292, 27.497089 ], [ 109.329766, 27.497028 ], [ 109.329315, 27.497033 ], [ 109.328472, 27.497144 ], [ 109.327736375000086, 27.497143043000051 ], [ 109.326935, 27.497142 ], [ 109.326218, 27.497086 ], [ 109.3237, 27.496798 ], [ 109.322987, 27.496691 ], [ 109.321972, 27.49646 ], [ 109.320809, 27.496223 ], [ 109.320359, 27.496109 ], [ 109.319531, 27.49584 ], [ 109.318634, 27.495492 ], [ 109.317734, 27.495212 ], [ 109.317074, 27.494866 ], [ 109.316441, 27.494472 ], [ 109.315987, 27.494177 ], [ 109.315666, 27.493612 ], [ 109.31546, 27.49315 ], [ 109.315331, 27.49275 ], [ 109.315201, 27.492114 ], [ 109.31501, 27.491598 ], [ 109.314941, 27.490978 ], [ 109.314759, 27.490403 ], [ 109.31469, 27.489945 ], [ 109.314495, 27.489714 ], [ 109.314167, 27.488969 ], [ 109.313969, 27.488572 ], [ 109.313717, 27.488226 ], [ 109.313328, 27.487654 ], [ 109.312615, 27.486965 ], [ 109.311646, 27.486219 ], [ 109.311062, 27.485879 ], [ 109.310223, 27.485479 ], [ 109.30938, 27.485014 ], [ 109.308793, 27.48462 ], [ 109.308285, 27.484452 ], [ 109.307858, 27.48424 ], [ 109.307339, 27.484067 ], [ 109.306824, 27.48395 ], [ 109.305604, 27.483835 ], [ 109.304761, 27.483777 ], [ 109.302956, 27.483779 ], [ 109.302121, 27.483723 ], [ 109.30135, 27.483604 ], [ 109.300892, 27.48321 ], [ 109.300515, 27.482742 ], [ 109.300255, 27.482289 ], [ 109.299927, 27.4816 ], [ 109.299859, 27.481501 ], [ 109.297886, 27.483334 ], [ 109.296921, 27.483507 ], [ 109.295968, 27.483975 ], [ 109.294521, 27.4844 ], [ 109.293358, 27.484121 ], [ 109.292065, 27.48333 ], [ 109.291668, 27.481728 ], [ 109.292107, 27.480471 ], [ 109.29306, 27.479324 ], [ 109.294399, 27.47817 ], [ 109.29628, 27.476776 ], [ 109.297494, 27.475914 ], [ 109.298581, 27.47505 ], [ 109.2995, 27.474264 ], [ 109.299706, 27.473704 ], [ 109.299767, 27.473366 ], [ 109.299897, 27.472789 ], [ 109.299897, 27.471811 ], [ 109.29982, 27.47118 ], [ 109.29982, 27.470493 ], [ 109.299882, 27.470094 ], [ 109.299813, 27.469463 ], [ 109.299813, 27.468726 ], [ 109.299874, 27.468032 ], [ 109.299874, 27.467515 ], [ 109.299805, 27.467236 ], [ 109.299866, 27.466775 ], [ 109.299996, 27.466427 ], [ 109.300248, 27.465967 ], [ 109.300515, 27.465456 ], [ 109.300759, 27.464935 ], [ 109.300836, 27.464477 ], [ 109.301019, 27.463625 ], [ 109.30108, 27.463109 ], [ 109.301209, 27.462587 ], [ 109.30127, 27.462244 ], [ 109.30127, 27.461847 ], [ 109.301404, 27.461326 ], [ 109.301526, 27.460695 ], [ 109.302098, 27.459782 ], [ 109.302411, 27.459384 ], [ 109.3028, 27.458866 ], [ 109.303185, 27.458466 ], [ 109.303559, 27.458011 ], [ 109.304009, 27.457668 ], [ 109.304268, 27.457383 ], [ 109.304665, 27.45692 ], [ 109.305104, 27.456465 ], [ 109.305493, 27.456119 ], [ 109.306195, 27.455382 ], [ 109.306458, 27.455033 ], [ 109.306771, 27.454685 ], [ 109.307221, 27.454347 ], [ 109.307541, 27.453945 ], [ 109.307866, 27.453716 ], [ 109.308102, 27.45341 ], [ 109.308225, 27.453182 ], [ 109.308621, 27.452493 ], [ 109.308362, 27.452434 ], [ 109.307912, 27.451926 ], [ 109.30761, 27.451532 ], [ 109.30729, 27.451194 ], [ 109.307084, 27.450904 ], [ 109.306764, 27.450673 ], [ 109.30605, 27.45005 ], [ 109.30547, 27.449645 ], [ 109.30515, 27.44947 ], [ 109.304757, 27.449012 ], [ 109.303857, 27.448559 ], [ 109.303597, 27.448501 ], [ 109.303143, 27.448267 ], [ 109.302953, 27.448104 ], [ 109.302632, 27.447756 ], [ 109.302243, 27.447301 ], [ 109.301984, 27.44702 ], [ 109.301724, 27.446674 ], [ 109.30127, 27.446216 ], [ 109.300561, 27.445125 ], [ 109.300431, 27.444723 ], [ 109.300172, 27.444154 ], [ 109.300038, 27.443925 ], [ 109.29984, 27.443409 ], [ 109.299649, 27.442666 ], [ 109.29939, 27.442203 ], [ 109.29913, 27.441692 ], [ 109.298612, 27.440774 ], [ 109.298325, 27.440428 ], [ 109.298387, 27.439894 ], [ 109.298379, 27.438582 ], [ 109.298493, 27.437725 ], [ 109.298482, 27.437648 ], [ 109.298295, 27.436982 ], [ 109.29662, 27.436133 ], [ 109.296201, 27.435736 ], [ 109.296178, 27.43568 ], [ 109.296205, 27.435627 ], [ 109.296864, 27.435159 ], [ 109.29712, 27.434191 ], [ 109.296849, 27.432935 ], [ 109.295743, 27.431795 ], [ 109.294091, 27.430449 ], [ 109.293831, 27.430284 ], [ 109.293831, 27.429686 ], [ 109.293778, 27.429407 ], [ 109.293702, 27.429117 ], [ 109.293583, 27.428773 ], [ 109.293454, 27.428197 ], [ 109.293248, 27.427625 ], [ 109.293057, 27.427226 ], [ 109.292408, 27.426765 ], [ 109.292023, 27.42659 ], [ 109.291375, 27.426364 ], [ 109.289906, 27.426254 ], [ 109.28867, 27.426137 ], [ 109.287972, 27.426018 ], [ 109.286812, 27.425797 ], [ 109.286099, 27.42573 ], [ 109.285199, 27.425682 ], [ 109.284558, 27.425738 ], [ 109.284035, 27.425738 ], [ 109.282883, 27.425865 ], [ 109.282109, 27.42598 ], [ 109.281659, 27.426153 ], [ 109.280949, 27.426326 ], [ 109.280308, 27.42655 ], [ 109.279412, 27.426778 ], [ 109.278832, 27.427015 ], [ 109.278008, 27.427239 ], [ 109.277165, 27.427419 ], [ 109.276524, 27.42747 ], [ 109.275555, 27.427648 ], [ 109.274407, 27.427875 ], [ 109.273186, 27.428047 ], [ 109.272602, 27.42822 ], [ 109.271832, 27.428274 ], [ 109.271191, 27.428385 ], [ 109.270481, 27.428505 ], [ 109.270043, 27.42869 ], [ 109.269341, 27.428863 ], [ 109.26857, 27.429321 ], [ 109.267094, 27.430063 ], [ 109.266384, 27.430289 ], [ 109.265225, 27.430635 ], [ 109.26387, 27.430638 ], [ 109.263046, 27.430584 ], [ 109.262657, 27.430521 ], [ 109.262207, 27.43047 ], [ 109.261566, 27.430523 ], [ 109.261116, 27.430412 ], [ 109.260536, 27.430412 ], [ 109.259823, 27.430188 ], [ 109.259251, 27.430017 ], [ 109.258801, 27.429903 ], [ 109.25784, 27.429438 ], [ 109.257329, 27.42915 ], [ 109.256749, 27.428977 ], [ 109.256306, 27.428753 ], [ 109.255593, 27.428241 ], [ 109.255074, 27.427892 ], [ 109.254693, 27.427435 ], [ 109.254235, 27.426926 ], [ 109.253914, 27.426522 ], [ 109.253388, 27.425947 ], [ 109.252945, 27.425436 ], [ 109.252434, 27.424917 ], [ 109.252045, 27.424459 ], [ 109.251198, 27.423602 ], [ 109.250878, 27.423381 ], [ 109.250561, 27.423035 ], [ 109.250165, 27.422806 ], [ 109.249989, 27.422628 ], [ 109.249714, 27.422346 ], [ 109.249264, 27.422178 ], [ 109.248959, 27.421954 ], [ 109.248563, 27.42172 ], [ 109.248059, 27.421381 ], [ 109.247609, 27.42132 ], [ 109.247159, 27.421323 ], [ 109.246632, 27.421498 ], [ 109.246388, 27.421613 ], [ 109.246129, 27.421781 ], [ 109.245453, 27.422374 ], [ 109.24522, 27.422585 ], [ 109.2449, 27.42304 ], [ 109.244897943000069, 27.423046361000047 ], [ 109.24477, 27.423442 ], [ 109.244457, 27.424187 ], [ 109.244267, 27.424818 ], [ 109.243946, 27.425329 ], [ 109.243687, 27.425784 ], [ 109.243313, 27.426473 ], [ 109.242863, 27.427219 ], [ 109.242413, 27.428083 ], [ 109.242429, 27.428536 ], [ 109.242368, 27.429116 ], [ 109.242566, 27.429803 ], [ 109.242757, 27.430139 ], [ 109.243077, 27.430538 ], [ 109.243337, 27.430998 ], [ 109.243466, 27.431397 ], [ 109.243596, 27.431682 ], [ 109.243665, 27.43197 ], [ 109.243794, 27.432198 ], [ 109.243924, 27.432768 ], [ 109.244115, 27.433061 ], [ 109.244183, 27.433404 ], [ 109.244374, 27.433686 ], [ 109.244374, 27.433976 ], [ 109.244504, 27.434202 ], [ 109.244573, 27.43449 ], [ 109.244686, 27.434838 ], [ 109.244686, 27.435468 ], [ 109.244427, 27.436033 ], [ 109.244106, 27.436328 ], [ 109.243794, 27.436559 ], [ 109.243603, 27.436727 ], [ 109.243153, 27.43701 ], [ 109.242123, 27.437188 ], [ 109.241673, 27.437127 ], [ 109.241223, 27.437129 ], [ 109.240971, 27.437244 ], [ 109.240826, 27.437279 ], [ 109.23888, 27.436163 ], [ 109.238102, 27.435598 ], [ 109.237522, 27.434744 ], [ 109.236432, 27.433551 ], [ 109.236241, 27.43344 ], [ 109.234906, 27.434533 ], [ 109.233486, 27.435461 ], [ 109.23235, 27.436549 ], [ 109.231457, 27.437297 ], [ 109.228779, 27.439367 ], [ 109.228528, 27.43927 ], [ 109.228016, 27.4391 ], [ 109.227498, 27.439041 ], [ 109.226666, 27.439046 ], [ 109.226277, 27.43899 ], [ 109.226025, 27.439051 ], [ 109.224736, 27.439227 ], [ 109.224099, 27.439161 ], [ 109.223649, 27.439219 ], [ 109.223198, 27.439397 ], [ 109.222748, 27.4394 ], [ 109.222237, 27.439456 ], [ 109.221787, 27.439458 ], [ 109.221467, 27.439568 ], [ 109.221093, 27.439746 ], [ 109.220643, 27.439974 ], [ 109.220307, 27.440197 ], [ 109.220048, 27.440589 ], [ 109.219781, 27.440812 ], [ 109.219331, 27.441504 ], [ 109.218896, 27.442137 ], [ 109.218896, 27.442419 ], [ 109.218827, 27.44288 ], [ 109.218705, 27.443401 ], [ 109.218644, 27.444375 ], [ 109.218518, 27.445115 ], [ 109.218396, 27.446259 ], [ 109.218335, 27.447007 ], [ 109.218335, 27.447402 ], [ 109.218465, 27.448261 ], [ 109.218465, 27.448892 ], [ 109.218594, 27.449525 ], [ 109.218655, 27.449869 ], [ 109.218732, 27.450151 ], [ 109.218785, 27.450611 ], [ 109.219117, 27.451644 ], [ 109.219189, 27.45233 ], [ 109.219189, 27.452844 ], [ 109.219006, 27.45354 ], [ 109.218495, 27.454219 ], [ 109.218044, 27.454628 ], [ 109.217724, 27.454969 ], [ 109.217342, 27.455262 ], [ 109.216824, 27.45549 ], [ 109.216572, 27.455724 ], [ 109.216251, 27.45589 ], [ 109.215485, 27.45589 ], [ 109.214832, 27.455953 ], [ 109.213932, 27.456177 ], [ 109.212849, 27.456589 ], [ 109.212322, 27.456818 ], [ 109.211891, 27.4571 ], [ 109.211632, 27.457217 ], [ 109.210537, 27.457972 ], [ 109.210354, 27.458311 ], [ 109.2099, 27.458593 ], [ 109.209263, 27.459056 ], [ 109.208489, 27.45946 ], [ 109.208487773000058, 27.459460474000025 ], [ 109.208039, 27.459634 ], [ 109.207654, 27.459731 ], [ 109.20733, 27.459896 ], [ 109.206879, 27.460072 ], [ 109.206372, 27.460194 ], [ 109.205792, 27.460199 ], [ 109.205418, 27.460255 ], [ 109.205163, 27.460197 ], [ 109.204953, 27.459968 ], [ 109.204487, 27.459336 ], [ 109.204357, 27.458937 ], [ 109.204231, 27.458657 ], [ 109.203968, 27.458258 ], [ 109.203785, 27.457739 ], [ 109.203659, 27.45734 ], [ 109.203468, 27.456709 ], [ 109.203331, 27.45631 ], [ 109.203201, 27.455224 ], [ 109.203201, 27.454873 ], [ 109.203259, 27.454252 ], [ 109.203259, 27.453726 ], [ 109.203137, 27.453208 ], [ 109.203137, 27.452811 ], [ 109.202938, 27.452066 ], [ 109.202286, 27.450637 ], [ 109.201836, 27.450126 ], [ 109.201386, 27.449775 ], [ 109.200753, 27.449325 ], [ 109.200097, 27.448923 ], [ 109.199456, 27.448643 ], [ 109.198956, 27.448358 ], [ 109.198506, 27.448076 ], [ 109.198117, 27.447781 ], [ 109.19772, 27.447557 ], [ 109.197346, 27.447448 ], [ 109.19682, 27.447216 ], [ 109.19624, 27.447219 ], [ 109.195267, 27.446847 ], [ 109.194626, 27.446737 ], [ 109.194176, 27.446684 ], [ 109.193726, 27.446511 ], [ 109.193211, 27.446396 ], [ 109.192181, 27.445707 ], [ 109.191349, 27.445084 ], [ 109.191021, 27.444858 ], [ 109.190262, 27.444052 ], [ 109.189865, 27.443479 ], [ 109.189736, 27.443027 ], [ 109.189156, 27.441478 ], [ 109.188531, 27.439596 ], [ 109.18821, 27.438967 ], [ 109.18763, 27.438512 ], [ 109.186978, 27.438108 ], [ 109.186337, 27.437767 ], [ 109.185574, 27.437487 ], [ 109.184994, 27.437492 ], [ 109.184601, 27.437378 ], [ 109.184022, 27.437314 ], [ 109.183388, 27.437213 ], [ 109.181569, 27.436847 ], [ 109.180989, 27.436796 ], [ 109.179898, 27.436568 ], [ 109.177712, 27.435886 ], [ 109.177071, 27.435606 ], [ 109.176495, 27.435438 ], [ 109.175854, 27.435151 ], [ 109.175152, 27.434754 ], [ 109.174645, 27.434523 ], [ 109.174187, 27.434184 ], [ 109.173035, 27.433152 ], [ 109.172577, 27.43259 ], [ 109.172127, 27.432017 ], [ 109.171811, 27.431549 ], [ 109.171101, 27.430931 ], [ 109.170842, 27.430636 ], [ 109.170521, 27.430301 ], [ 109.170186, 27.430055 ], [ 109.169667, 27.42965 ], [ 109.16916, 27.429312 ], [ 109.16871, 27.429027 ], [ 109.168191, 27.428623 ], [ 109.167939, 27.428394 ], [ 109.167489, 27.428112 ], [ 109.167039, 27.427774 ], [ 109.166653, 27.427545 ], [ 109.166074, 27.42726 ], [ 109.165562, 27.426983 ], [ 109.164822, 27.424041 ], [ 109.164227, 27.421986 ], [ 109.163125, 27.420161 ], [ 109.162793, 27.419871 ], [ 109.162089457000036, 27.419257144000028 ], [ 109.162087, 27.419255 ], [ 109.160161, 27.418413 ], [ 109.158303, 27.417971 ], [ 109.154279, 27.41743 ], [ 109.153867, 27.417305 ], [ 109.153226, 27.417194 ], [ 109.152779, 27.417082 ], [ 109.152139, 27.417023 ], [ 109.150597, 27.417255 ], [ 109.150151, 27.417377 ], [ 109.14951, 27.417377 ], [ 109.148801, 27.417552 ], [ 109.148419, 27.417661 ], [ 109.14803, 27.417837 ], [ 109.147584, 27.418071 ], [ 109.147332, 27.418356 ], [ 109.147149, 27.418697 ], [ 109.146958, 27.419098 ], [ 109.146882, 27.419676 ], [ 109.146882, 27.419854 ], [ 109.146882, 27.420187 ], [ 109.146958, 27.420589 ], [ 109.147073, 27.421049 ], [ 109.147202, 27.421619 ], [ 109.1474, 27.422304 ], [ 109.14753, 27.422818 ], [ 109.14766, 27.423217 ], [ 109.147789, 27.423733 ], [ 109.147915, 27.423962 ], [ 109.148236, 27.424308 ], [ 109.148945, 27.425218 ], [ 109.149266, 27.425501 ], [ 109.150166, 27.42653 ], [ 109.150425, 27.426703 ], [ 109.150555, 27.42693 ], [ 109.150814, 27.427215 ], [ 109.151066, 27.427507 ], [ 109.151513, 27.427899 ], [ 109.151841, 27.428074 ], [ 109.152092, 27.42819 ], [ 109.152352, 27.428419 ], [ 109.152672, 27.42865 ], [ 109.152871, 27.428823 ], [ 109.153191, 27.429047 ], [ 109.153443, 27.429276 ], [ 109.153771, 27.42968 ], [ 109.153962, 27.429843 ], [ 109.154149, 27.430138 ], [ 109.154347, 27.430301 ], [ 109.154477, 27.430647 ], [ 109.154538, 27.430881 ], [ 109.154797, 27.431387 ], [ 109.154866, 27.43173 ], [ 109.154988, 27.43214 ], [ 109.155125, 27.432646 ], [ 109.155186, 27.433053 ], [ 109.155194, 27.434763 ], [ 109.155255, 27.43534 ], [ 109.155384, 27.435737 ], [ 109.155384, 27.436256 ], [ 109.155522, 27.436925 ], [ 109.155692613000042, 27.438292792000027 ], [ 109.155216721000045, 27.439206505000072 ], [ 109.154188794000049, 27.439473005000025 ], [ 109.152970510000046, 27.43968239700007 ], [ 109.151542833000065, 27.440082147000055 ], [ 109.15121922600008, 27.440519968000046 ], [ 109.151124048000042, 27.441490788000067 ], [ 109.151485726000033, 27.442461608000031 ], [ 109.151657047000072, 27.443908320000048 ], [ 109.151771261000079, 27.445145640000078 ], [ 109.151466690000063, 27.445640568000044 ], [ 109.150857548000033, 27.446363924000025 ], [ 109.150115157000073, 27.447106316000031 ], [ 109.149106265000057, 27.447829672000069 ], [ 109.149106265000057, 27.448343635000072 ], [ 109.150153228000079, 27.448743385000057 ], [ 109.151085977000037, 27.449200241000028 ], [ 109.151371512000082, 27.449733241000047 ], [ 109.151047905000041, 27.450037812000062 ], [ 109.150362621000056, 27.449904562000029 ], [ 109.14962022900005, 27.449847455000054 ], [ 109.148154481000063, 27.449599991000071 ], [ 109.147088482000072, 27.449847455000054 ], [ 109.145356235000065, 27.450171061000049 ], [ 109.144823235000047, 27.451256096000066 ], [ 109.14371916500005, 27.451198989000034 ], [ 109.143262309000079, 27.451998487000026 ], [ 109.143205202000047, 27.45256955800005 ], [ 109.143071952000071, 27.453844949000029 ], [ 109.142938702000038, 27.454720591000068 ], [ 109.141910775000042, 27.453749771000048 ], [ 109.140521170000056, 27.452341130000036 ], [ 109.138592, 27.451677 ], [ 109.138333, 27.451563 ], [ 109.137829, 27.451387 ], [ 109.137249, 27.451217 ], [ 109.136929, 27.451052 ], [ 109.136532, 27.45082 ], [ 109.136158, 27.450474 ], [ 109.135773, 27.450253 ], [ 109.135453, 27.449961 ], [ 109.135002, 27.449452 ], [ 109.134423, 27.448821 ], [ 109.134163, 27.44842 ], [ 109.133637, 27.447791 ], [ 109.133187, 27.446937 ], [ 109.132737, 27.446127 ], [ 109.132035, 27.444583 ], [ 109.13192, 27.444013 ], [ 109.131714, 27.443497 ], [ 109.131584, 27.442978 ], [ 109.13147, 27.442699 ], [ 109.131394, 27.442355 ], [ 109.131264, 27.442012 ], [ 109.130944, 27.441437 ], [ 109.130749, 27.441147 ], [ 109.130497, 27.440809 ], [ 109.13004, 27.440286 ], [ 109.129528, 27.439829 ], [ 109.129269, 27.439661 ], [ 109.129025, 27.43949 ], [ 109.128308, 27.439091 ], [ 109.128048, 27.438862 ], [ 109.127659, 27.438633 ], [ 109.127407, 27.438455 ], [ 109.125954014000058, 27.436286669000026 ], [ 109.12441926200006, 27.434716224000056 ], [ 109.12284881800008, 27.434180846000061 ], [ 109.120927, 27.43395 ], [ 109.119803108000042, 27.433633569000051 ], [ 109.118637172000035, 27.432420044000025 ], [ 109.117994717000045, 27.431277903000023 ], [ 109.118351636000057, 27.429826432000027 ], [ 109.119446189000087, 27.428446344000065 ], [ 109.119469983000045, 27.427827685000068 ], [ 109.118375431000061, 27.426542776000076 ], [ 109.11828025300008, 27.425043715000072 ], [ 109.118399226000065, 27.422545281000055 ], [ 109.118351636000057, 27.42080827500007 ], [ 109.11640047800006, 27.420879659000036 ], [ 109.114901418000045, 27.421331756000029 ], [ 109.113997223000069, 27.422164567000038 ], [ 109.113212001000079, 27.423735012000066 ], [ 109.11252195700007, 27.425305456000046 ], [ 109.111070486000074, 27.426685543000076 ], [ 109.109986, 27.428057 ], [ 109.109154, 27.428054 ], [ 109.108704, 27.42794 ], [ 109.108315, 27.427775 ], [ 109.108055, 27.427599 ], [ 109.107285, 27.426959 ], [ 109.107094, 27.426677 ], [ 109.106774, 27.426395 ], [ 109.106385, 27.425935 ], [ 109.106194, 27.425474 ], [ 109.106064, 27.425248 ], [ 109.105934, 27.424849 ], [ 109.105675, 27.424503 ], [ 109.105484, 27.424048 ], [ 109.105225, 27.423648 ], [ 109.104966, 27.42313 ], [ 109.104775, 27.42273 ], [ 109.104439, 27.422094 ], [ 109.104294, 27.421525 ], [ 109.104241, 27.420892 ], [ 109.104615, 27.419806 ], [ 109.104752, 27.419411 ], [ 109.104951, 27.419061 ], [ 109.105454, 27.418267 ], [ 109.106545, 27.417341 ], [ 109.106927, 27.417059 ], [ 109.107316, 27.416884 ], [ 109.107907, 27.416668 ], [ 109.109117, 27.416202 ], [ 109.109506, 27.416144 ], [ 109.110078, 27.416035 ], [ 109.110787, 27.415864 ], [ 109.111108, 27.415742 ], [ 109.111428, 27.415745 ], [ 109.112252, 27.415626 ], [ 109.112573, 27.415621 ], [ 109.113412, 27.415507 ], [ 109.113992, 27.415504 ], [ 109.114312, 27.415563 ], [ 109.114892, 27.415624 ], [ 109.115472, 27.415734 ], [ 109.115922, 27.415913 ], [ 109.116372, 27.416024 ], [ 109.117089, 27.41637 ], [ 109.117547, 27.416663 ], [ 109.117982, 27.41694 ], [ 109.118493, 27.417395 ], [ 109.118943, 27.417621 ], [ 109.119462, 27.418077 ], [ 109.119912, 27.418311 ], [ 109.120347, 27.4187 ], [ 109.121243, 27.419825 ], [ 109.121278, 27.419868 ], [ 109.121857, 27.420494 ], [ 109.122384, 27.421241 ], [ 109.122704, 27.421867 ], [ 109.123086, 27.422663 ], [ 109.123276, 27.42318 ], [ 109.123536, 27.423815 ], [ 109.123723, 27.424154 ], [ 109.123906, 27.425184 ], [ 109.123906, 27.425527 ], [ 109.123982, 27.425817 ], [ 109.123982, 27.426214 ], [ 109.124036, 27.426674 ], [ 109.124242, 27.427193 ], [ 109.124242, 27.427704 ], [ 109.124287, 27.427816 ], [ 109.124436, 27.428167 ], [ 109.124615, 27.428724 ], [ 109.125008, 27.428894 ], [ 109.126027, 27.429337 ], [ 109.127568, 27.429611 ], [ 109.128537, 27.430117 ], [ 109.129712, 27.431941 ], [ 109.129986, 27.432597 ], [ 109.13017, 27.433022 ], [ 109.131257, 27.433528 ], [ 109.132981, 27.433745 ], [ 109.134011, 27.433509 ], [ 109.134514, 27.432761 ], [ 109.134568, 27.431904 ], [ 109.134552, 27.430421 ], [ 109.135533, 27.42929 ], [ 109.135784, 27.429122 ], [ 109.136113, 27.428946 ], [ 109.136814, 27.428712 ], [ 109.137135, 27.428547 ], [ 109.137585, 27.42843 ], [ 109.137776, 27.428201 ], [ 109.138096, 27.427569 ], [ 109.138157, 27.426712 ], [ 109.138096, 27.426318 ], [ 109.138096, 27.425974 ], [ 109.137837, 27.424085 ], [ 109.137837, 27.423045 ], [ 109.13776, 27.422531 ], [ 109.137707, 27.421836 ], [ 109.13757, 27.421384 ], [ 109.13731, 27.420865 ], [ 109.137112, 27.420692 ], [ 109.136792, 27.42029 ], [ 109.136471, 27.420069 ], [ 109.136154, 27.419825 ], [ 109.135571, 27.41938 ], [ 109.135052, 27.418807 ], [ 109.134632, 27.418551 ], [ 109.133961, 27.418065 ], [ 109.133705, 27.417836 ], [ 109.133324, 27.417615 ], [ 109.132874, 27.417381 ], [ 109.132569, 27.41721 ], [ 109.132302, 27.417098 ], [ 109.131982, 27.416984 ], [ 109.131592, 27.416816 ], [ 109.131249, 27.416658 ], [ 109.131089, 27.416585 ], [ 109.130822, 27.41647 ], [ 109.130318, 27.416188 ], [ 109.129792, 27.415957 ], [ 109.129342, 27.415842 ], [ 109.128968, 27.41573 ], [ 109.128704, 27.415495 ], [ 109.128437, 27.415383 ], [ 109.128125, 27.41521 ], [ 109.127804, 27.414981 ], [ 109.127545, 27.414869 ], [ 109.127224, 27.414638 ], [ 109.126828, 27.414406 ], [ 109.126568, 27.414007 ], [ 109.126324, 27.413778 ], [ 109.126126, 27.413496 ], [ 109.125752, 27.413097 ], [ 109.125431, 27.412814 ], [ 109.125302, 27.412585 ], [ 109.125096, 27.412359 ], [ 109.125, 27.412184 ], [ 109.124905, 27.412013 ], [ 109.124722, 27.411782 ], [ 109.124462, 27.411383 ], [ 109.124325, 27.411039 ], [ 109.124195, 27.41064 ], [ 109.124012, 27.410238 ], [ 109.123936, 27.409948 ], [ 109.123745, 27.409552 ], [ 109.123486, 27.409205 ], [ 109.123036, 27.408236 ], [ 109.122776, 27.408005 ], [ 109.122326, 27.407669 ], [ 109.121239, 27.407094 ], [ 109.12085, 27.40698 ], [ 109.120529, 27.406868 ], [ 109.120347, 27.406816 ], [ 109.120072, 27.406745 ], [ 109.119699, 27.406633 ], [ 109.118913, 27.406287 ], [ 109.118333, 27.406119 ], [ 109.117829, 27.405941 ], [ 109.117303, 27.40577 ], [ 109.116792, 27.405656 ], [ 109.116212, 27.405435 ], [ 109.115373, 27.405142 ], [ 109.114869, 27.405025 ], [ 109.114228, 27.404802 ], [ 109.113778, 27.404687 ], [ 109.113389, 27.404626 ], [ 109.112489, 27.404293 ], [ 109.112168, 27.404117 ], [ 109.111398, 27.403548 ], [ 109.111268, 27.403258 ], [ 109.111588, 27.402574 ], [ 109.111978, 27.402226 ], [ 109.112222, 27.401992 ], [ 109.112489, 27.401707 ], [ 109.112733, 27.401539 ], [ 109.113259, 27.401079 ], [ 109.113389, 27.400848 ], [ 109.113969, 27.400224 ], [ 109.114419, 27.39965 ], [ 109.114663, 27.39925 ], [ 109.115113, 27.398615 ], [ 109.115365, 27.398101 ], [ 109.115495, 27.39775 ], [ 109.115624, 27.397292 ], [ 109.115815, 27.396788 ], [ 109.115937, 27.395817 ], [ 109.115937, 27.395527 ], [ 109.116006, 27.395186 ], [ 109.116387, 27.394497 ], [ 109.116639, 27.394212 ], [ 109.117158, 27.393757 ], [ 109.117349, 27.393579 ], [ 109.117669, 27.393413 ], [ 109.117982, 27.393233 ], [ 109.118249, 27.393174 ], [ 109.118699, 27.393009 ], [ 109.118958, 27.392887 ], [ 109.119199, 27.392836 ], [ 109.119458, 27.392722 ], [ 109.119908, 27.392205 ], [ 109.120099, 27.391971 ], [ 109.120099, 27.391061 ], [ 109.119847, 27.390543 ], [ 109.119717, 27.39025 ], [ 109.119397, 27.389851 ], [ 109.119198, 27.389569 ], [ 109.11882, 27.389284 ], [ 109.118367, 27.388826 ], [ 109.117981, 27.388541 ], [ 109.117729, 27.388139 ], [ 109.11747, 27.387847 ], [ 109.11715, 27.387509 ], [ 109.116631, 27.386878 ], [ 109.11644, 27.386484 ], [ 109.11631, 27.386247 ], [ 109.116112, 27.386016 ], [ 109.115921, 27.385619 ], [ 109.115471, 27.384988 ], [ 109.115082, 27.384533 ], [ 109.114762, 27.384017 ], [ 109.114449, 27.383559 ], [ 109.114189, 27.383213 ], [ 109.11393, 27.382931 ], [ 109.113419, 27.38213 ], [ 109.112969, 27.381329 ], [ 109.112709, 27.38093 ], [ 109.112519, 27.38036 ], [ 109.11187, 27.379043 ], [ 109.111611, 27.378641 ], [ 109.11142, 27.378295 ], [ 109.111031, 27.377259 ], [ 109.11084, 27.37686 ], [ 109.11039, 27.375835 ], [ 109.110192, 27.375199 ], [ 109.110123, 27.374802 ], [ 109.109871, 27.374283 ], [ 109.109742, 27.37365 ], [ 109.109543, 27.372971 ], [ 109.109413, 27.372338 ], [ 109.109352, 27.371995 ], [ 109.109219, 27.371434 ], [ 109.109219, 27.37092 ], [ 109.109204, 27.370343 ], [ 109.109413, 27.369885 ], [ 109.109673, 27.369257 ], [ 109.110043, 27.368621 ], [ 109.11044, 27.368166 ], [ 109.110947, 27.367767 ], [ 109.111515, 27.367362 ], [ 109.111904, 27.367134 ], [ 109.112606, 27.366561 ], [ 109.112927, 27.366332 ], [ 109.113507, 27.365763 ], [ 109.113827, 27.365408 ], [ 109.113888, 27.364147 ], [ 109.113819, 27.363804 ], [ 109.113629, 27.363114 ], [ 109.11324, 27.362433 ], [ 109.11266, 27.361288 ], [ 109.111489, 27.359142 ], [ 109.110531, 27.357326 ], [ 109.109753, 27.355909 ], [ 109.109433, 27.355563 ], [ 109.109043, 27.355279 ], [ 109.108593, 27.355113 ], [ 109.108143, 27.354999 ], [ 109.107823, 27.354989 ], [ 109.107579, 27.355103 ], [ 109.107189, 27.355223 ], [ 109.106678, 27.355505 ], [ 109.106228, 27.355797 ], [ 109.105778, 27.356133 ], [ 109.105397, 27.356362 ], [ 109.105076, 27.356537 ], [ 109.104626, 27.356883 ], [ 109.104115, 27.357227 ], [ 109.103665, 27.357573 ], [ 109.103215, 27.357855 ], [ 109.102833, 27.358203 ], [ 109.10233, 27.358483 ], [ 109.10175, 27.358775 ], [ 109.101483, 27.358836 ], [ 109.101094, 27.358895 ], [ 109.100773, 27.358836 ], [ 109.100453, 27.358831 ], [ 109.10014, 27.358773 ], [ 109.099873, 27.358661 ], [ 109.099495, 27.358376 ], [ 109.099163, 27.358028 ], [ 109.098656, 27.35757 ], [ 109.098389, 27.357234 ], [ 109.098, 27.356543 ], [ 109.097679, 27.356085 ], [ 109.097489, 27.355739 ], [ 109.097306, 27.355457 ], [ 109.097176, 27.355113 ], [ 109.096909, 27.354648 ], [ 109.096726, 27.354366 ], [ 109.096596, 27.353796 ], [ 109.09652, 27.353389 ], [ 109.096459, 27.352995 ], [ 109.09652, 27.352599 ], [ 109.096649, 27.351904 ], [ 109.096726, 27.351274 ], [ 109.096726, 27.35076 ], [ 109.096779, 27.350363 ], [ 109.09697, 27.349844 ], [ 109.09697, 27.349448 ], [ 109.097031, 27.349041 ], [ 109.097161, 27.348647 ], [ 109.097222, 27.348186 ], [ 109.097351, 27.347729 ], [ 109.097672, 27.347039 ], [ 109.097802, 27.346818 ], [ 109.098191, 27.346009 ], [ 109.098183, 27.345271 ], [ 109.098122, 27.344925 ], [ 109.097993, 27.343951 ], [ 109.098481, 27.341904 ], [ 109.098378, 27.341121 ], [ 109.098246224000036, 27.340959368000028 ], [ 109.097866, 27.340493 ], [ 109.096241, 27.340157 ], [ 109.092828, 27.340124 ], [ 109.091084, 27.339783 ], [ 109.089249, 27.339155 ], [ 109.08783, 27.33828 ], [ 109.086899, 27.337505 ], [ 109.085702, 27.336482 ], [ 109.083932, 27.335152 ], [ 109.082497, 27.334446 ], [ 109.081479, 27.334295 ], [ 109.080029, 27.335061 ], [ 109.078942, 27.335641 ], [ 109.07779, 27.336104 ], [ 109.076901, 27.336503 ], [ 109.075085, 27.337317 ], [ 109.073922, 27.337147 ], [ 109.073395, 27.33703 ], [ 109.072892, 27.336859 ], [ 109.072377, 27.336625 ], [ 109.07214, 27.336503 ], [ 109.071927, 27.336394 ], [ 109.071408, 27.33617 ], [ 109.071026, 27.335939 ], [ 109.070576, 27.335705 ], [ 109.070084, 27.335551 ], [ 109.069314, 27.335272 ], [ 109.068925, 27.335094 ], [ 109.068604, 27.334979 ], [ 109.068211, 27.334524 ], [ 109.067966, 27.334179 ], [ 109.067837, 27.333835 ], [ 109.067707, 27.333383 ], [ 109.067692, 27.333347 ], [ 109.067577, 27.333037 ], [ 109.067509, 27.332747 ], [ 109.067509, 27.330916 ], [ 109.06757, 27.330519 ], [ 109.067699, 27.329995 ], [ 109.067699, 27.329021 ], [ 109.067623, 27.328795 ], [ 109.067493, 27.328454 ], [ 109.067357, 27.327886 ], [ 109.066773, 27.326108 ], [ 109.066659, 27.325818 ], [ 109.066399, 27.325533 ], [ 109.06371, 27.326141 ], [ 109.061276, 27.326785 ], [ 109.059159, 27.32754 ], [ 109.057023, 27.328777 ], [ 109.055424, 27.329988 ], [ 109.05378668700007, 27.330971130000023 ], [ 109.052240038000036, 27.332785469000044 ], [ 109.05155594200005, 27.334332118000077 ], [ 109.050812361000055, 27.336443890000055 ], [ 109.049563144000047, 27.33900181000007 ], [ 109.048343670000065, 27.339685905000067 ], [ 109.047302656000056, 27.340072568000039 ], [ 109.045220628000038, 27.339804879000042 ], [ 109.043019626000046, 27.338942324000072 ], [ 109.040997084000082, 27.338258229000076 ], [ 109.041235030000053, 27.336890039000025 ], [ 109.041651436000052, 27.335224416000074 ], [ 109.042632964000063, 27.333915713000067 ], [ 109.04417961300004, 27.333053158000041 ], [ 109.043822694000085, 27.33207163000003 ], [ 109.042841167000063, 27.330108575000054 ], [ 109.04310885600006, 27.32918653400003 ], [ 109.044655506000083, 27.328205006000076 ], [ 109.045726263000063, 27.327372195000066 ], [ 109.046112925000045, 27.324487098000077 ], [ 109.045607290000078, 27.322464556000057 ], [ 109.044060640000055, 27.320679961000053 ], [ 109.043555005000087, 27.31913331100003 ], [ 109.044447303000084, 27.317913837000049 ], [ 109.047124196000084, 27.316515904000028 ], [ 109.049622630000044, 27.315296430000046 ], [ 109.05113953700004, 27.313928240000052 ], [ 109.051407226000038, 27.312322104000032 ], [ 109.05032, 27.310128 ], [ 109.050990820000038, 27.309347778000074 ], [ 109.051645172000065, 27.308336507000035 ], [ 109.05090159100007, 27.306760114000042 ], [ 109.051050307000082, 27.303875017000053 ], [ 109.052299524000034, 27.302090422000049 ], [ 109.053667714000085, 27.300811461000023 ], [ 109.054113863000055, 27.300008393000041 ], [ 109.053965147000042, 27.29923506800003 ], [ 109.052864646000046, 27.298313027000063 ], [ 109.050961077000068, 27.297688419000053 ], [ 109.048849306000079, 27.297123297000041 ], [ 109.047570345000054, 27.296885351000071 ], [ 109.045518060000063, 27.296647405000044 ], [ 109.042781680000076, 27.295636134000063 ], [ 109.041710923000039, 27.295041268000034 ], [ 109.041829896000081, 27.294029997000052 ], [ 109.041527, 27.292225 ], [ 109.041271, 27.291706 ], [ 109.041142, 27.29148 ], [ 109.041073, 27.291243 ], [ 109.041012, 27.290963 ], [ 109.040821, 27.290447 ], [ 109.040691, 27.289814 ], [ 109.040562, 27.289415 ], [ 109.040302, 27.288723 ], [ 109.04023, 27.288443 ], [ 109.040108, 27.288097 ], [ 109.0401, 27.287693 ], [ 109.039909, 27.287462 ], [ 109.03978, 27.286945 ], [ 109.039589, 27.286373 ], [ 109.039459, 27.28546 ], [ 109.039391, 27.285063 ], [ 109.0392, 27.284542 ], [ 109.039135, 27.284261 ], [ 109.039124448000052, 27.28326680300006 ], [ 109.039224386000058, 27.282238876000065 ], [ 109.03943853700008, 27.281453654000074 ], [ 109.039409984000088, 27.280525664000038 ], [ 109.03881036000007, 27.279840379000063 ], [ 109.037882370000034, 27.279611951000049 ], [ 109.037082871000052, 27.279597674000058 ], [ 109.036358, 27.279505 ], [ 109.036099, 27.279617 ], [ 109.035843, 27.279675 ], [ 109.035454, 27.279904 ], [ 109.035011, 27.280237 ], [ 109.033343548000062, 27.280222283000057 ], [ 109.031154444000038, 27.280174693000049 ], [ 109.02934605300004, 27.280912326000077 ], [ 109.02772802000004, 27.281959289000042 ], [ 109.026497, 27.283346 ], [ 109.024895, 27.283633 ], [ 109.023709, 27.283613 ], [ 109.023323, 27.283605 ], [ 109.022088697000072, 27.284188051000058 ], [ 109.020375485000045, 27.284140462000039 ], [ 109.019138166000062, 27.284949478000044 ], [ 109.018043614000078, 27.285092246000033 ], [ 109.017472543000054, 27.283426623000025 ], [ 109.017139418000056, 27.281380287000047 ], [ 109.013535, 27.280239 ], [ 109.010605, 27.278263 ], [ 109.007977, 27.275753 ], [ 109.007652, 27.275403 ], [ 109.007271, 27.274945 ], [ 109.007012, 27.27466 ], [ 109.006619, 27.274314 ], [ 109.006237, 27.273907 ], [ 109.005917, 27.273686 ], [ 109.00539, 27.273396 ], [ 109.004685, 27.273221 ], [ 109.003468, 27.272984 ], [ 109.002747, 27.272638 ], [ 109.002304, 27.27247 ], [ 109.00185, 27.272234 ], [ 109.001343, 27.272061 ], [ 109.000816, 27.271827 ], [ 109.000244, 27.271771 ], [ 109.000031, 27.27168 ], [ 108.999851, 27.271604 ], [ 108.99921, 27.271431 ], [ 108.999127, 27.271418 ], [ 108.998757, 27.271367 ], [ 108.998051, 27.271309 ], [ 108.99754, 27.271248 ], [ 108.996826, 27.271138 ], [ 108.996315, 27.271072 ], [ 108.9958, 27.271019 ], [ 108.99572, 27.271038 ], [ 108.995293, 27.270977 ], [ 108.995125, 27.269024 ], [ 108.995049, 27.267936 ], [ 108.99427, 27.266392 ], [ 108.993561, 27.266173 ], [ 108.992851, 27.266924 ], [ 108.992214, 27.267783 ], [ 108.991711, 27.268874 ], [ 108.991596, 27.26979 ], [ 108.99147, 27.270413 ], [ 108.99081, 27.271611 ], [ 108.990116, 27.272868 ], [ 108.989552, 27.273229 ], [ 108.989357, 27.273394 ], [ 108.988976, 27.27357 ], [ 108.988522, 27.273796 ], [ 108.988201, 27.27391 ], [ 108.987568, 27.274022 ], [ 108.986847, 27.274122 ], [ 108.986004, 27.27418 ], [ 108.98563, 27.274183 ], [ 108.984985, 27.274116 ], [ 108.98465, 27.274122 ], [ 108.984325, 27.274114 ], [ 108.983761, 27.274061 ], [ 108.983246, 27.274058 ], [ 108.982972, 27.274032 ], [ 108.981683, 27.273514 ], [ 108.981492, 27.273338 ], [ 108.981103, 27.273053 ], [ 108.980912, 27.272878 ], [ 108.980588, 27.272479 ], [ 108.980458, 27.272247 ], [ 108.980198, 27.27197 ], [ 108.979836, 27.270526 ], [ 108.979515, 27.268563 ], [ 108.979546, 27.266925 ], [ 108.979771, 27.266269 ], [ 108.979798, 27.266177 ], [ 108.979939, 27.265841 ], [ 108.980069, 27.26521 ], [ 108.98026, 27.264811 ], [ 108.980321, 27.264361 ], [ 108.980389, 27.264007 ], [ 108.980389, 27.263728 ], [ 108.98045, 27.263321 ], [ 108.98045, 27.262296 ], [ 108.980511, 27.261889 ], [ 108.980511, 27.261439 ], [ 108.980641, 27.261085 ], [ 108.980695, 27.2608 ], [ 108.980511, 27.260121 ], [ 108.980435, 27.259715 ], [ 108.97979, 27.25874 ], [ 108.979546, 27.258458 ], [ 108.979211, 27.257997 ], [ 108.978642, 27.25742 ], [ 108.978192, 27.257079 ], [ 108.977608, 27.256789 ], [ 108.976773, 27.256441 ], [ 108.976323, 27.256271 ], [ 108.975419, 27.255869 ], [ 108.974324, 27.255528 ], [ 108.973304221000035, 27.25523180700003 ], [ 108.973298, 27.25523 ], [ 108.972878, 27.255042 ], [ 108.972394, 27.254829 ], [ 108.971867, 27.25463 ], [ 108.970826, 27.253467 ], [ 108.967873075000057, 27.251541846000066 ], [ 108.964399062000041, 27.249447920000023 ], [ 108.962685850000071, 27.247925065000061 ], [ 108.962209958000074, 27.247068459000047 ], [ 108.963352099000076, 27.245926318000045 ], [ 108.964351473000079, 27.244260695000037 ], [ 108.964208705000033, 27.243451679000032 ], [ 108.96368, 27.242817 ], [ 108.960734692000074, 27.239263827000059 ], [ 108.958640766000087, 27.238359632000027 ], [ 108.955404699000042, 27.238359632000027 ], [ 108.952834881000058, 27.238692757000024 ], [ 108.950978902000088, 27.239549363000037 ], [ 108.949741582000058, 27.239882487000045 ], [ 108.948647, 27.240834 ], [ 108.948265, 27.24043 ], [ 108.947357, 27.239634 ], [ 108.947033, 27.239166 ], [ 108.946644, 27.238538 ], [ 108.946384, 27.237846 ], [ 108.946255, 27.237393 ], [ 108.946064, 27.236931 ], [ 108.945931, 27.236478 ], [ 108.945694, 27.235749 ], [ 108.945366, 27.235111 ], [ 108.945791677000045, 27.233553121000057 ], [ 108.945934444000045, 27.232077855000057 ], [ 108.944601946000034, 27.231268838000062 ], [ 108.94217489600004, 27.229793572000062 ], [ 108.940271327000062, 27.228461074000052 ], [ 108.939271954000048, 27.226747862000025 ], [ 108.937844277000067, 27.226557505000073 ], [ 108.935607584000081, 27.227080987000079 ], [ 108.933941961000073, 27.227890004000074 ], [ 108.931126, 27.227475 ], [ 108.929779, 27.227012 ], [ 108.929278217000046, 27.225891256000068 ], [ 108.929087861000085, 27.22432081200003 ], [ 108.928040898000063, 27.223273849000066 ], [ 108.926470453000036, 27.222988314000077 ], [ 108.924662063000085, 27.222560011000041 ], [ 108.923281976000055, 27.222797957000068 ], [ 108.921663942000066, 27.223178671000028 ], [ 108.920105, 27.223805 ], [ 108.919262, 27.223461 ], [ 108.918751, 27.223174 ], [ 108.918179, 27.222775 ], [ 108.917469, 27.222432 ], [ 108.915917, 27.221739 ], [ 108.914765, 27.221108 ], [ 108.913941, 27.220706 ], [ 108.913186, 27.220083 ], [ 108.911733, 27.216935 ], [ 108.909154, 27.214849 ], [ 108.906998, 27.213413 ], [ 108.905674, 27.212879 ], [ 108.905415, 27.212673 ], [ 108.905087, 27.212388 ], [ 108.904705, 27.21216 ], [ 108.904385, 27.211872 ], [ 108.904133, 27.21175 ], [ 108.903813, 27.211412 ], [ 108.903553, 27.211119 ], [ 108.903302, 27.210667 ], [ 108.903103, 27.210041 ], [ 108.903096, 27.209649 ], [ 108.903295, 27.209188 ], [ 108.903676, 27.20867 ], [ 108.903928, 27.208385 ], [ 108.904569, 27.207927 ], [ 108.905088, 27.207701 ], [ 108.90585, 27.207413 ], [ 108.906354, 27.207301 ], [ 108.907273, 27.207014 ], [ 108.907594, 27.206895 ], [ 108.908425, 27.206781 ], [ 108.908997, 27.206671 ], [ 108.909706, 27.206437 ], [ 108.910984, 27.206267 ], [ 108.911435, 27.206152 ], [ 108.911885, 27.206099 ], [ 108.912335, 27.20598 ], [ 108.912915, 27.205751 ], [ 108.913288, 27.205578 ], [ 108.913548, 27.205359 ], [ 108.913815, 27.204955 ], [ 108.914189, 27.204321 ], [ 108.91425, 27.203922 ], [ 108.914349, 27.203452 ], [ 108.916298, 27.203271 ], [ 108.918286, 27.203373 ], [ 108.920025, 27.203874 ], [ 108.921669, 27.203169 ], [ 108.920952, 27.202487 ], [ 108.920266, 27.201875 ], [ 108.919674, 27.200509 ], [ 108.918888, 27.199253 ], [ 108.917988, 27.198803 ], [ 108.916504, 27.197897 ], [ 108.915085, 27.197058 ], [ 108.915154, 27.196427 ], [ 108.915215, 27.19614 ], [ 108.915406, 27.195395 ], [ 108.915726, 27.194647 ], [ 108.916428, 27.193162 ], [ 108.916878, 27.192473 ], [ 108.917199, 27.192074 ], [ 108.917519, 27.191618 ], [ 108.917908, 27.19127 ], [ 108.918232, 27.190942 ], [ 108.918606, 27.190424 ], [ 108.918927, 27.190139 ], [ 108.919262, 27.189622 ], [ 108.919636, 27.189221 ], [ 108.919957, 27.188648 ], [ 108.920338, 27.188023 ], [ 108.92075, 27.186995 ], [ 108.922669, 27.186083 ], [ 108.923878, 27.185218 ], [ 108.924703, 27.184584 ], [ 108.92566, 27.183663 ], [ 108.925198, 27.182636 ], [ 108.923901, 27.1811 ], [ 108.921906, 27.178768 ], [ 108.921906, 27.178678 ], [ 108.921982, 27.17816 ], [ 108.921982, 27.177646 ], [ 108.922096, 27.176736 ], [ 108.922173, 27.176215 ], [ 108.922226, 27.175304 ], [ 108.922226, 27.17461 ], [ 108.922364, 27.174269 ], [ 108.922364, 27.173122 ], [ 108.922302, 27.172725 ], [ 108.922226, 27.172436 ], [ 108.922226, 27.171279 ], [ 108.922302, 27.170824 ], [ 108.922364, 27.170254 ], [ 108.922367, 27.170224 ], [ 108.922493, 27.169336 ], [ 108.922547, 27.169046 ], [ 108.922623, 27.168705 ], [ 108.922623, 27.167965 ], [ 108.922676, 27.167444 ], [ 108.922676, 27.166666 ], [ 108.922676, 27.166361 ], [ 108.922753, 27.165912 ], [ 108.922753, 27.165452 ], [ 108.922676, 27.164999 ], [ 108.922676, 27.164475 ], [ 108.922547, 27.164193 ], [ 108.922493, 27.163849 ], [ 108.922226, 27.163333 ], [ 108.921723292000081, 27.162753337000026 ], [ 108.921723, 27.162753 ], [ 108.921269, 27.162585 ], [ 108.920903, 27.162423 ], [ 108.920521, 27.162311 ], [ 108.920132, 27.162133 ], [ 108.919621, 27.162082 ], [ 108.918663, 27.162075 ], [ 108.918419, 27.16211 ], [ 108.916809, 27.160745 ], [ 108.915501, 27.159036 ], [ 108.914418, 27.159156 ], [ 108.913201, 27.159624 ], [ 108.911728, 27.160551 ], [ 108.909630112000059, 27.161272586000052 ], [ 108.909626, 27.161274 ], [ 108.909237, 27.160923 ], [ 108.908787, 27.160345 ], [ 108.908596, 27.159837 ], [ 108.908406, 27.159194 ], [ 108.908345, 27.158675 ], [ 108.908276, 27.158281 ], [ 108.910744, 27.157693 ], [ 108.910866, 27.156778 ], [ 108.91034, 27.155641 ], [ 108.910069, 27.154382 ], [ 108.909413, 27.152908 ], [ 108.908894, 27.152338 ], [ 108.906476, 27.151683 ], [ 108.906106, 27.151358 ], [ 108.905915, 27.151129 ], [ 108.905656, 27.150557 ], [ 108.905411, 27.150272 ], [ 108.905144, 27.149809 ], [ 108.904961, 27.149303 ], [ 108.904641, 27.148835 ], [ 108.904435, 27.148433 ], [ 108.904244, 27.14781 ], [ 108.904053, 27.147121 ], [ 108.903977, 27.146541 ], [ 108.903847, 27.146206 ], [ 108.903733, 27.145402 ], [ 108.903733, 27.145112 ], [ 108.903527, 27.144659 ], [ 108.903412, 27.144026 ], [ 108.903283, 27.143573 ], [ 108.903206, 27.143113 ], [ 108.903023, 27.142648 ], [ 108.902581, 27.141847 ], [ 108.902123, 27.141165 ], [ 108.901932, 27.140696 ], [ 108.901802, 27.14047 ], [ 108.901612, 27.140073 ], [ 108.901352, 27.139498 ], [ 108.901162, 27.139214 ], [ 108.900837, 27.138522 ], [ 108.900196, 27.137774 ], [ 108.899426, 27.137085 ], [ 108.899052, 27.136693 ], [ 108.898785, 27.136462 ], [ 108.898472, 27.136063 ], [ 108.898152, 27.135831 ], [ 108.897885, 27.135546 ], [ 108.89758, 27.135254 ], [ 108.89732, 27.135089 ], [ 108.896939, 27.134745 ], [ 108.896679, 27.134577 ], [ 108.896489, 27.134338 ], [ 108.896237, 27.134173 ], [ 108.895634, 27.133697 ], [ 108.895443, 27.133415 ], [ 108.895123, 27.133186 ], [ 108.894879, 27.132957 ], [ 108.894673, 27.132782 ], [ 108.894299, 27.132497 ], [ 108.893978, 27.132212 ], [ 108.893643, 27.132156 ], [ 108.893078, 27.131864 ], [ 108.892697, 27.131688 ], [ 108.892308, 27.131403 ], [ 108.892056, 27.131291 ], [ 108.891224, 27.130722 ], [ 108.890709, 27.13049 ], [ 108.890019, 27.130208 ], [ 108.889698, 27.130033 ], [ 108.889233, 27.129862 ], [ 108.888989, 27.129753 ], [ 108.888603, 27.129638 ], [ 108.888287, 27.129516 ], [ 108.888027, 27.129348 ], [ 108.887772, 27.129176 ], [ 108.887387, 27.128944 ], [ 108.886872, 27.128657 ], [ 108.886498, 27.128376 ], [ 108.886246, 27.128208 ], [ 108.88612, 27.127972 ], [ 108.885796, 27.127753 ], [ 108.88567, 27.127516 ], [ 108.885422, 27.127287 ], [ 108.885216, 27.12712 ], [ 108.885037, 27.126776 ], [ 108.884766, 27.126547 ], [ 108.884587, 27.126257 ], [ 108.884396, 27.126031 ], [ 108.884186, 27.125802 ], [ 108.884003, 27.125637 ], [ 108.883816, 27.125398 ], [ 108.883492, 27.12506 ], [ 108.883035, 27.124757 ], [ 108.883225, 27.123722 ], [ 108.883347, 27.123498 ], [ 108.883286, 27.122921 ], [ 108.883286, 27.122468 ], [ 108.883114, 27.121786 ], [ 108.883172, 27.121212 ], [ 108.883301, 27.120988 ], [ 108.883431, 27.120428 ], [ 108.883561, 27.120087 ], [ 108.88369, 27.119627 ], [ 108.883813, 27.119108 ], [ 108.883866, 27.118419 ], [ 108.883885, 27.118025 ], [ 108.88387, 27.117564 ], [ 108.883752, 27.116992 ], [ 108.883622, 27.116756 ], [ 108.883561, 27.116476 ], [ 108.883362, 27.116062 ], [ 108.883114, 27.115827 ], [ 108.882661, 27.115255 ], [ 108.88247, 27.115026 ], [ 108.882027, 27.114334 ], [ 108.881707, 27.113932 ], [ 108.881516, 27.11365 ], [ 108.881318, 27.113248 ], [ 108.881127, 27.112615 ], [ 108.880936, 27.11245 ], [ 108.880677, 27.112048 ], [ 108.880356, 27.111819 ], [ 108.879983, 27.111587 ], [ 108.879662360000054, 27.111409200000026 ], [ 108.879662, 27.111409 ], [ 108.879082, 27.111188 ], [ 108.878701, 27.11102 ], [ 108.87838, 27.110845 ], [ 108.877999, 27.110677 ], [ 108.877679, 27.110555 ], [ 108.877297, 27.110331 ], [ 108.877053, 27.110212 ], [ 108.876794, 27.110153 ], [ 108.876473, 27.110041 ], [ 108.876206, 27.109932 ], [ 108.875428, 27.109758 ], [ 108.875123, 27.109812 ], [ 108.874989, 27.10983 ], [ 108.874684, 27.109871 ], [ 108.874493, 27.110212 ], [ 108.874234, 27.11056 ], [ 108.874043, 27.110847 ], [ 108.873913, 27.111188 ], [ 108.873662, 27.111707 ], [ 108.873402, 27.112167 ], [ 108.873341, 27.112508 ], [ 108.87315, 27.112795 ], [ 108.873021, 27.113134 ], [ 108.872456, 27.113942 ], [ 108.871991, 27.114512 ], [ 108.871297, 27.115257 ], [ 108.871106, 27.115494 ], [ 108.870881, 27.115702 ], [ 108.87077, 27.115819 ], [ 108.870648, 27.116057 ], [ 108.870457, 27.116286 ], [ 108.870018, 27.116741 ], [ 108.869698, 27.11714 ], [ 108.869438, 27.117484 ], [ 108.869248, 27.117662 ], [ 108.868363, 27.118404 ], [ 108.867783, 27.11875 ], [ 108.867142, 27.119147 ], [ 108.866699, 27.119373 ], [ 108.866379, 27.119488 ], [ 108.865872, 27.119727 ], [ 108.865551, 27.119894 ], [ 108.865101, 27.119953 ], [ 108.864666, 27.12007 ], [ 108.864407, 27.120123 ], [ 108.86414, 27.120126 ], [ 108.863507, 27.120182 ], [ 108.862995, 27.120131 ], [ 108.862545, 27.120123 ], [ 108.862168, 27.120011 ], [ 108.861023, 27.119617 ], [ 108.860764, 27.119668 ], [ 108.860314, 27.119498 ], [ 108.85968, 27.119444 ], [ 108.85923, 27.119439 ], [ 108.858921, 27.119388 ], [ 108.858471, 27.119556 ], [ 108.857869, 27.119299 ], [ 108.857358, 27.119233 ], [ 108.857098, 27.119238 ], [ 108.856725, 27.119065 ], [ 108.856458, 27.118954 ], [ 108.856137, 27.118608 ], [ 108.855824, 27.118386 ], [ 108.855126, 27.117463 ], [ 108.854806, 27.116891 ], [ 108.854485, 27.116263 ], [ 108.854088, 27.115574 ], [ 108.853767, 27.114775 ], [ 108.853516, 27.114203 ], [ 108.853256, 27.113511 ], [ 108.853195, 27.113059 ], [ 108.852821, 27.112423 ], [ 108.852562, 27.112021 ], [ 108.851986, 27.110879 ], [ 108.851666, 27.110477 ], [ 108.851154, 27.10991 ], [ 108.850919, 27.109626 ], [ 108.850728, 27.109226 ], [ 108.850598, 27.108883 ], [ 108.850407, 27.108196 ], [ 108.850217, 27.107685 ], [ 108.850156, 27.107172 ], [ 108.850087, 27.106711 ], [ 108.850156, 27.106131 ], [ 108.850278, 27.105447 ], [ 108.850476, 27.105046 ], [ 108.850598, 27.104588 ], [ 108.850728, 27.104194 ], [ 108.85098, 27.103792 ], [ 108.85117, 27.103329 ], [ 108.852128, 27.102296 ], [ 108.852311, 27.101895 ], [ 108.852387, 27.101607 ], [ 108.852311, 27.101155 ], [ 108.85175, 27.100348 ], [ 108.851491, 27.100173 ], [ 108.851178, 27.099944 ], [ 108.850728, 27.09972 ], [ 108.850217, 27.099542 ], [ 108.849385, 27.099547 ], [ 108.849015, 27.099608 ], [ 108.848489, 27.099664 ], [ 108.848054, 27.099776 ], [ 108.847543, 27.099952 ], [ 108.846902, 27.100005 ], [ 108.84665, 27.100064 ], [ 108.846211, 27.100242 ], [ 108.845967, 27.100409 ], [ 108.845554, 27.100557 ], [ 108.845234, 27.100733 ], [ 108.84454, 27.100906 ], [ 108.84428, 27.101018 ], [ 108.844028, 27.101183 ], [ 108.843651, 27.101241 ], [ 108.842819, 27.101646 ], [ 108.842308, 27.101824 ], [ 108.841728, 27.101994 ], [ 108.841278, 27.10205 ], [ 108.840717, 27.102053 ], [ 108.840275, 27.101992 ], [ 108.839954, 27.101931 ], [ 108.839504, 27.101819 ], [ 108.839062, 27.101534 ], [ 108.838173, 27.101132 ], [ 108.837723, 27.100794 ], [ 108.837212, 27.100623 ], [ 108.836838, 27.100339 ], [ 108.836517, 27.099649 ], [ 108.836395, 27.099357 ], [ 108.836208, 27.099077 ], [ 108.836018, 27.098848 ], [ 108.835629, 27.098447 ], [ 108.835438, 27.098164 ], [ 108.835247, 27.097818 ], [ 108.834873, 27.097584 ], [ 108.834531, 27.09719 ], [ 108.83421, 27.096956 ], [ 108.833649, 27.096389 ], [ 108.832742, 27.096026 ], [ 108.832421, 27.096084 ], [ 108.83204, 27.096026 ], [ 108.831796, 27.095916 ], [ 108.831269, 27.095916 ], [ 108.830846, 27.095855 ], [ 108.830457, 27.095858 ], [ 108.830144, 27.095749 ], [ 108.829823, 27.095687 ], [ 108.829373, 27.09568 ], [ 108.828614, 27.095456 ], [ 108.828111, 27.095403 ], [ 108.827775, 27.095281 ], [ 108.82689, 27.095062 ], [ 108.826577, 27.09494 ], [ 108.826131, 27.094825 ], [ 108.825879, 27.09466 ], [ 108.825566, 27.094485 ], [ 108.825246, 27.094197 ], [ 108.824925, 27.093968 ], [ 108.824613, 27.093856 ], [ 108.824346, 27.093681 ], [ 108.824033, 27.093399 ], [ 108.823724, 27.093167 ], [ 108.823342, 27.092936 ], [ 108.823083, 27.092826 ], [ 108.822572, 27.092656 ], [ 108.82219, 27.092595 ], [ 108.820867, 27.092598 ], [ 108.820477, 27.092519 ], [ 108.820218, 27.092519 ], [ 108.819836, 27.092575 ], [ 108.819195, 27.092692 ], [ 108.818757, 27.092807 ], [ 108.818123, 27.09303 ], [ 108.817856, 27.093142 ], [ 108.817483, 27.09332 ], [ 108.817032, 27.093437 ], [ 108.816594, 27.093605 ], [ 108.816029, 27.093839 ], [ 108.815709, 27.093887 ], [ 108.815068, 27.094126 ], [ 108.814358, 27.094521 ], [ 108.814179, 27.094699 ], [ 108.814057, 27.095039 ], [ 108.813927, 27.095273 ], [ 108.813798, 27.095561 ], [ 108.813607, 27.095955 ], [ 108.813416, 27.096303 ], [ 108.813355, 27.096644 ], [ 108.813225, 27.097158 ], [ 108.813088, 27.09739 ], [ 108.812897, 27.098361 ], [ 108.812767, 27.098705 ], [ 108.812706, 27.098992 ], [ 108.812325, 27.099905 ], [ 108.812324125000089, 27.099905828000033 ], [ 108.812081, 27.100136 ], [ 108.811825, 27.10037 ], [ 108.811299, 27.100594 ], [ 108.810932, 27.10065 ], [ 108.810421, 27.100538 ], [ 108.81004, 27.100426 ], [ 108.809597, 27.100309 ], [ 108.80922, 27.100195 ], [ 108.808769, 27.100136 ], [ 108.807351, 27.100125 ], [ 108.806839, 27.10029 ], [ 108.806591, 27.100412 ], [ 108.806149, 27.100522 ], [ 108.805897, 27.10069 ], [ 108.805577, 27.100748 ], [ 108.805203, 27.10098 ], [ 108.804692, 27.101272 ], [ 108.804242, 27.101615 ], [ 108.803994, 27.101781 ], [ 108.803544, 27.101893 ], [ 108.803292, 27.102007 ], [ 108.80291, 27.101496 ], [ 108.802651, 27.10098 ], [ 108.802407, 27.100298 ], [ 108.802269, 27.100008 ], [ 108.80214, 27.099779 ], [ 108.801957, 27.099487 ], [ 108.801819, 27.099207 ], [ 108.801445, 27.098803 ], [ 108.801255, 27.09863 ], [ 108.800938, 27.09823 ], [ 108.800618, 27.097946 ], [ 108.800244, 27.097717 ], [ 108.799801, 27.097493 ], [ 108.799542, 27.097198 ], [ 108.799023, 27.096802 ], [ 108.798763, 27.096454 ], [ 108.798443, 27.096052 ], [ 108.797882, 27.095592 ], [ 108.79744, 27.095134 ], [ 108.797119, 27.094732 ], [ 108.796928, 27.094567 ], [ 108.796547, 27.094335 ], [ 108.796288, 27.093992 ], [ 108.795655, 27.093527 ], [ 108.795281, 27.093309 ], [ 108.795021, 27.093186 ], [ 108.794133, 27.092614 ], [ 108.79337, 27.092329 ], [ 108.792935, 27.092218 ], [ 108.792363, 27.092045 ], [ 108.791913, 27.091813 ], [ 108.791531, 27.091755 ], [ 108.79115, 27.09164 ], [ 108.790772, 27.091475 ], [ 108.79036, 27.091302 ], [ 108.790005, 27.09118 ], [ 108.789566, 27.091012 ], [ 108.788918, 27.090671 ], [ 108.788536, 27.090381 ], [ 108.788277, 27.090038 ], [ 108.788086, 27.089692 ], [ 108.787582, 27.088837 ], [ 108.786892, 27.08809 ], [ 108.786644749000061, 27.087871388000053 ], [ 108.786633, 27.087861 ], [ 108.787392, 27.087227 ], [ 108.787582, 27.087006 ], [ 108.787975, 27.086749 ], [ 108.788025, 27.086716 ], [ 108.788918, 27.086373 ], [ 108.789352, 27.0862 ], [ 108.790192, 27.085915 ], [ 108.790634, 27.085681 ], [ 108.791081, 27.085564 ], [ 108.791973, 27.085226 ], [ 108.792484, 27.085051 ], [ 108.792858, 27.084875 ], [ 108.793171, 27.084766 ], [ 108.794259, 27.084319 ], [ 108.794709, 27.084027 ], [ 108.795029, 27.083971 ], [ 108.795411, 27.083801 ], [ 108.796746, 27.083349 ], [ 108.796795, 27.083321 ], [ 108.797253, 27.083059 ], [ 108.797635, 27.082947 ], [ 108.798207, 27.082723 ], [ 108.798581, 27.082662 ], [ 108.799298, 27.082428 ], [ 108.799611, 27.082316 ], [ 108.799992, 27.082088 ], [ 108.800499, 27.081625 ], [ 108.800751, 27.081459 ], [ 108.801194, 27.081004 ], [ 108.801415, 27.080796 ], [ 108.801011, 27.078789 ], [ 108.800805, 27.077706 ], [ 108.801506, 27.0769 ], [ 108.803044, 27.077172 ], [ 108.80407, 27.077419 ], [ 108.804928, 27.077205 ], [ 108.807488, 27.074593 ], [ 108.809269, 27.073341 ], [ 108.810685, 27.072502 ], [ 108.81342, 27.07116 ], [ 108.813923, 27.070933 ], [ 108.814885, 27.070425 ], [ 108.815335, 27.070252 ], [ 108.815465, 27.070221 ], [ 108.816628, 27.067994 ], [ 108.817902, 27.067355 ], [ 108.819119, 27.066943 ], [ 108.820271, 27.066707 ], [ 108.821244, 27.066774 ], [ 108.821678, 27.066848 ], [ 108.82349, 27.067156 ], [ 108.825222, 27.067425 ], [ 108.82592, 27.067133 ], [ 108.825661, 27.066337 ], [ 108.825063, 27.065084 ], [ 108.824323, 27.064026 ], [ 108.824742, 27.063561 ], [ 108.824986, 27.063332 ], [ 108.825242, 27.063045 ], [ 108.825509, 27.06259 ], [ 108.826264, 27.061788 ], [ 108.826524, 27.061621 ], [ 108.827027, 27.061382 ], [ 108.827279, 27.061333 ], [ 108.82816, 27.061326 ], [ 108.82861, 27.061387 ], [ 108.831887, 27.061369 ], [ 108.83363, 27.061999 ], [ 108.834469, 27.062447 ], [ 108.835122, 27.063757 ], [ 108.83558, 27.06501 ], [ 108.836815, 27.066571 ], [ 108.837158, 27.066319 ], [ 108.837414, 27.066151 ], [ 108.837598, 27.065972 ], [ 108.837849, 27.065804 ], [ 108.838032, 27.065572 ], [ 108.838429, 27.065341 ], [ 108.838673, 27.06511 ], [ 108.839001, 27.064771 ], [ 108.839307, 27.064486 ], [ 108.840455, 27.063167 ], [ 108.840707, 27.062818 ], [ 108.840966, 27.062416 ], [ 108.841218, 27.061905 ], [ 108.841477, 27.061557 ], [ 108.841538, 27.061277 ], [ 108.841668, 27.060926 ], [ 108.841721, 27.060529 ], [ 108.841927, 27.060181 ], [ 108.842049, 27.059677 ], [ 108.842175, 27.059336 ], [ 108.842381, 27.058985 ], [ 108.842434, 27.058591 ], [ 108.842686, 27.05796 ], [ 108.842815, 27.057329 ], [ 108.842876, 27.056979 ], [ 108.842945, 27.056294 ], [ 108.843006, 27.056007 ], [ 108.843006, 27.054006 ], [ 108.84296, 27.053601 ], [ 108.841629, 27.052907 ], [ 108.840469, 27.052342 ], [ 108.839821, 27.05149 ], [ 108.841225, 27.050738 ], [ 108.842564, 27.050041 ], [ 108.842876, 27.049807 ], [ 108.843578, 27.049288 ], [ 108.84338, 27.048261 ], [ 108.843487, 27.046382 ], [ 108.845055, 27.042936 ], [ 108.846781284000087, 27.040371550000032 ], [ 108.846783, 27.040369 ], [ 108.849213, 27.039263 ], [ 108.850105, 27.038683 ], [ 108.850304, 27.038317 ], [ 108.85054, 27.037879 ], [ 108.850662, 27.036679 ], [ 108.850586, 27.035534 ], [ 108.851738, 27.035183 ], [ 108.853535, 27.035682 ], [ 108.855431, 27.036089 ], [ 108.855827, 27.036033 ], [ 108.856278, 27.035913 ], [ 108.856651, 27.035801 ], [ 108.857285, 27.035575 ], [ 108.857674, 27.0354 ], [ 108.858112, 27.035227 ], [ 108.858395, 27.035139 ], [ 108.858906, 27.034964 ], [ 108.85928, 27.034852 ], [ 108.859677, 27.034628 ], [ 108.86018, 27.034516 ], [ 108.860623, 27.034343 ], [ 108.860943, 27.034231 ], [ 108.861321, 27.034002 ], [ 108.861641, 27.033877 ], [ 108.861893, 27.033763 ], [ 108.862282, 27.033478 ], [ 108.862473, 27.03331 ], [ 108.862602, 27.032962 ], [ 108.862732, 27.032501 ], [ 108.862786, 27.032224 ], [ 108.862786, 27.031871 ], [ 108.862732, 27.031525 ], [ 108.862732, 27.031245 ], [ 108.862656, 27.030904 ], [ 108.862526, 27.030561 ], [ 108.862396, 27.029869 ], [ 108.862282, 27.029529 ], [ 108.862023, 27.029127 ], [ 108.861702, 27.028725 ], [ 108.86145, 27.028278 ], [ 108.861321, 27.027878 ], [ 108.861573, 27.027586 ], [ 108.861832, 27.027362 ], [ 108.862152, 27.027187 ], [ 108.862526, 27.027009 ], [ 108.862976, 27.026899 ], [ 108.863301, 27.026787 ], [ 108.863682, 27.026729 ], [ 108.864132, 27.026609 ], [ 108.864891, 27.026503 ], [ 108.865273, 27.026383 ], [ 108.865586, 27.026218 ], [ 108.864647, 27.028705 ], [ 108.864155, 27.030653 ], [ 108.8634, 27.032827 ], [ 108.862755, 27.03489 ], [ 108.862801, 27.034926 ], [ 108.862866, 27.034931 ], [ 108.864239, 27.033221 ], [ 108.864922, 27.031047 ], [ 108.865616, 27.029841 ], [ 108.866429, 27.027952 ], [ 108.867275, 27.029312 ], [ 108.868504, 27.03067 ], [ 108.869278, 27.031067 ], [ 108.870209, 27.027469 ], [ 108.87019, 27.02518 ], [ 108.870373, 27.024677 ], [ 108.8704, 27.024603 ], [ 108.870686, 27.023807 ], [ 108.870888, 27.023629 ], [ 108.871274, 27.023247 ], [ 108.871472, 27.022899 ], [ 108.871724, 27.02256 ], [ 108.872426, 27.021406 ], [ 108.872666, 27.020884 ], [ 108.872986, 27.020315 ], [ 108.873253, 27.019857 ], [ 108.873383, 27.019452 ], [ 108.873566, 27.019058 ], [ 108.873643, 27.018827 ], [ 108.873643, 27.018364 ], [ 108.873757, 27.017456 ], [ 108.873887, 27.016762 ], [ 108.873887, 27.016421 ], [ 108.873948, 27.01596 ], [ 108.873856, 27.011959 ], [ 108.874352, 27.009958 ], [ 108.873391, 27.009393 ], [ 108.87172, 27.009065 ], [ 108.870896, 27.00866 ], [ 108.870297, 27.008373 ], [ 108.869328, 27.007129 ], [ 108.868352, 27.005819 ], [ 108.868344, 27.004962 ], [ 108.868737, 27.003562 ], [ 108.868771, 27.003437 ], [ 108.868969, 27.003359 ], [ 108.869725, 27.003125 ], [ 108.870491898000068, 27.002959669000063 ], [ 108.870495, 27.002959 ], [ 108.870888, 27.002987 ], [ 108.871201, 27.003022 ], [ 108.871583, 27.00303 ], [ 108.872224, 27.0032 ], [ 108.872666, 27.003371 ], [ 108.873177, 27.003482 ], [ 108.873421, 27.003574 ], [ 108.873635, 27.00365 ], [ 108.873887, 27.003826 ], [ 108.874658, 27.004108 ], [ 108.874993, 27.004266 ], [ 108.875039, 27.004289 ], [ 108.875474, 27.004456 ], [ 108.876, 27.004624 ], [ 108.876451, 27.004856 ], [ 108.877011, 27.004973 ], [ 108.877652, 27.005092 ], [ 108.878095, 27.005194 ], [ 108.878606, 27.005372 ], [ 108.879056, 27.00554 ], [ 108.879506, 27.005774 ], [ 108.880017, 27.005998 ], [ 108.880391, 27.006226 ], [ 108.880918, 27.006516 ], [ 108.88123, 27.006799 ], [ 108.881742, 27.007139 ], [ 108.882375, 27.007717 ], [ 108.882695, 27.007948 ], [ 108.883016, 27.008286 ], [ 108.883397, 27.008579 ], [ 108.883771, 27.008937 ], [ 108.884168, 27.009275 ], [ 108.884671, 27.009626 ], [ 108.885121, 27.009852 ], [ 108.885572, 27.01003 ], [ 108.885892, 27.010312 ], [ 108.886846, 27.01094 ], [ 108.887357, 27.011342 ], [ 108.887677, 27.01151 ], [ 108.888051, 27.011912 ], [ 108.888501, 27.012369 ], [ 108.888761, 27.012662 ], [ 108.889211, 27.01312 ], [ 108.88947, 27.013521 ], [ 108.890103, 27.014378 ], [ 108.890424, 27.014717 ], [ 108.890874, 27.015291 ], [ 108.891385, 27.016039 ], [ 108.891629, 27.01644 ], [ 108.892262, 27.01718 ], [ 108.892529, 27.017473 ], [ 108.892911, 27.017931 ], [ 108.893246, 27.018215 ], [ 108.89375, 27.018556 ], [ 108.894131, 27.018958 ], [ 108.894452, 27.019243 ], [ 108.894902, 27.019594 ], [ 108.895222, 27.019932 ], [ 108.895733, 27.020219 ], [ 108.89626, 27.02046 ], [ 108.896565, 27.020574 ], [ 108.897992, 27.020745 ], [ 108.898556, 27.020801 ], [ 108.899327, 27.020801 ], [ 108.899708, 27.020745 ], [ 108.89996, 27.020803 ], [ 108.90041, 27.020862 ], [ 108.900864, 27.020862 ], [ 108.901245, 27.02092 ], [ 108.901749, 27.020918 ], [ 108.902199, 27.020979 ], [ 108.90252, 27.02092 ], [ 108.902619, 27.02092 ], [ 108.903977, 27.021492 ], [ 108.905465, 27.022509 ], [ 108.906888, 27.023356 ], [ 108.908238, 27.023575 ], [ 108.908863, 27.023006 ], [ 108.909695, 27.021922 ], [ 108.910329, 27.02119 ], [ 108.910592, 27.020884 ], [ 108.912904, 27.021045 ], [ 108.913705, 27.02193 ], [ 108.914387, 27.022689 ], [ 108.914341, 27.024232 ], [ 108.913453, 27.026122 ], [ 108.912056, 27.028016 ], [ 108.91124, 27.028941 ], [ 108.910867, 27.029574 ], [ 108.912148, 27.030139 ], [ 108.91409, 27.031324 ], [ 108.915898, 27.032687 ], [ 108.916932, 27.033425 ], [ 108.917565, 27.032336 ], [ 108.91813, 27.031301 ], [ 108.919144, 27.029752 ], [ 108.919381, 27.027917 ], [ 108.919304, 27.026488 ], [ 108.919159, 27.024774 ], [ 108.919152, 27.023861 ], [ 108.918053, 27.023182 ], [ 108.917214, 27.022164 ], [ 108.916943, 27.021019 ], [ 108.916302, 27.019849 ], [ 108.916478, 27.018987 ], [ 108.916478, 27.01796 ], [ 108.916417, 27.017499 ], [ 108.916157, 27.017217 ], [ 108.915768, 27.016642 ], [ 108.915639, 27.016243 ], [ 108.915509, 27.015727 ], [ 108.91557, 27.015376 ], [ 108.915829, 27.014575 ], [ 108.916219, 27.014295 ], [ 108.916798, 27.013718 ], [ 108.917306, 27.01338 ], [ 108.917695, 27.013321 ], [ 108.91813, 27.013321 ], [ 108.918656, 27.013489 ], [ 108.919106, 27.013606 ], [ 108.919427, 27.013718 ], [ 108.92006, 27.013837 ], [ 108.920575, 27.013888 ], [ 108.920994, 27.013945 ], [ 108.921704, 27.013945 ], [ 108.922276, 27.014121 ], [ 108.922661, 27.014296 ], [ 108.923051, 27.014347 ], [ 108.923745, 27.014523 ], [ 108.924142, 27.014581 ], [ 108.924454, 27.014645 ], [ 108.924725, 27.014757 ], [ 108.92503, 27.014812 ], [ 108.925351, 27.01498 ], [ 108.92574, 27.015158 ], [ 108.926182, 27.015326 ], [ 108.926633, 27.01568 ], [ 108.927018, 27.015848 ], [ 108.927277, 27.016023 ], [ 108.927659, 27.016128 ], [ 108.927872, 27.016202 ], [ 108.930051, 27.016026 ], [ 108.931389, 27.015275 ], [ 108.932683, 27.015443 ], [ 108.934033, 27.017134 ], [ 108.934132, 27.017747 ], [ 108.934239, 27.018449 ], [ 108.934441, 27.019364 ], [ 108.936375, 27.019924 ], [ 108.938698, 27.020771 ], [ 108.939694, 27.020939 ], [ 108.939793, 27.020903 ], [ 108.939812, 27.020862 ], [ 108.939778, 27.020811 ], [ 108.93895, 27.020539 ], [ 108.938309, 27.020028 ], [ 108.93739, 27.018777 ], [ 108.937382, 27.01793 ], [ 108.937596, 27.017971 ], [ 108.938034, 27.018032 ], [ 108.938431, 27.018146 ], [ 108.938805, 27.018314 ], [ 108.939465, 27.01849 ], [ 108.939968, 27.018718 ], [ 108.940541, 27.018894 ], [ 108.941063, 27.019064 ], [ 108.941635, 27.019235 ], [ 108.942147, 27.019588 ], [ 108.9426, 27.019756 ], [ 108.942921, 27.019921 ], [ 108.943562, 27.02028 ], [ 108.943939, 27.020499 ], [ 108.94439, 27.020679 ], [ 108.944786, 27.020903 ], [ 108.945164, 27.021017 ], [ 108.945423, 27.021193 ], [ 108.945744, 27.021307 ], [ 108.946095, 27.021525 ], [ 108.946355, 27.021637 ], [ 108.94687, 27.021985 ], [ 108.947381, 27.022158 ], [ 108.947831, 27.022328 ], [ 108.948216, 27.022903 ], [ 108.948407, 27.023472 ], [ 108.948476, 27.023882 ], [ 108.948476, 27.024393 ], [ 108.948537, 27.024739 ], [ 108.948605, 27.025019 ], [ 108.948735, 27.025942 ], [ 108.948857, 27.026288 ], [ 108.948865, 27.027597 ], [ 108.948735, 27.028119 ], [ 108.948422, 27.028794 ], [ 108.948292, 27.029137 ], [ 108.94817, 27.029427 ], [ 108.94804, 27.029821 ], [ 108.947971, 27.030228 ], [ 108.947777, 27.030513 ], [ 108.947525, 27.030915 ], [ 108.947395, 27.031138 ], [ 108.946884, 27.031889 ], [ 108.946434, 27.032397 ], [ 108.946247, 27.032624 ], [ 108.94569, 27.033565 ], [ 108.9455, 27.034249 ], [ 108.945439, 27.034707 ], [ 108.945447, 27.035336 ], [ 108.945698, 27.036026 ], [ 108.945882, 27.036361 ], [ 108.946049, 27.036688 ], [ 108.946297, 27.037034 ], [ 108.946824, 27.037601 ], [ 108.947015, 27.037891 ], [ 108.947068, 27.038237 ], [ 108.947068, 27.038634 ], [ 108.947015, 27.039147 ], [ 108.946877, 27.039605 ], [ 108.946877, 27.040012 ], [ 108.946824, 27.040526 ], [ 108.944806, 27.040972 ], [ 108.942227, 27.040357 ], [ 108.939976, 27.040367 ], [ 108.939023, 27.040997 ], [ 108.937493, 27.043629 ], [ 108.937325, 27.04609 ], [ 108.936322, 27.048321 ], [ 108.936977791000061, 27.049847357000033 ], [ 108.93718, 27.050318 ], [ 108.938855, 27.05134 ], [ 108.939831, 27.05225 ], [ 108.940919, 27.051612 ], [ 108.941369, 27.051381 ], [ 108.942135, 27.050981 ], [ 108.94476, 27.052627 ], [ 108.945111, 27.052851 ], [ 108.946496, 27.054087 ], [ 108.947919, 27.054537 ], [ 108.95036, 27.054125 ], [ 108.952149, 27.053719 ], [ 108.952546, 27.053494 ], [ 108.953, 27.053589 ], [ 108.953572, 27.053599 ], [ 108.954338, 27.053543 ], [ 108.955746, 27.053375 ], [ 108.956711, 27.053375 ], [ 108.957093, 27.053433 ], [ 108.957615, 27.053438 ], [ 108.958264, 27.053607 ], [ 108.9586, 27.05364 ], [ 108.959305, 27.053813 ], [ 108.959817, 27.054037 ], [ 108.960324, 27.05422 ], [ 108.961358, 27.054617 ], [ 108.961808, 27.054848 ], [ 108.962262, 27.055189 ], [ 108.962712, 27.055479 ], [ 108.963032, 27.055771 ], [ 108.963547, 27.056171 ], [ 108.963807, 27.056517 ], [ 108.964188, 27.05686 ], [ 108.964581, 27.057152 ], [ 108.964902, 27.057437 ], [ 108.965214, 27.057839 ], [ 108.965607, 27.058124 ], [ 108.96605, 27.058696 ], [ 108.966309, 27.058927 ], [ 108.96703, 27.059667 ], [ 108.967351, 27.059959 ], [ 108.967675, 27.060308 ], [ 108.967988, 27.06071 ], [ 108.968499, 27.061109 ], [ 108.969082, 27.061523 ], [ 108.969533, 27.061872 ], [ 108.970505, 27.062752 ], [ 108.970875, 27.063014 ], [ 108.971833, 27.063537 ], [ 108.972214, 27.063827 ], [ 108.972725, 27.064453 ], [ 108.972989, 27.064623 ], [ 108.973248, 27.064916 ], [ 108.973378, 27.065196 ], [ 108.973759, 27.065821 ], [ 108.974266, 27.066392 ], [ 108.974907, 27.067084 ], [ 108.975231, 27.067313 ], [ 108.975491, 27.067595 ], [ 108.975872, 27.068063 ], [ 108.976265, 27.068521 ], [ 108.976517, 27.068752 ], [ 108.977604, 27.069559 ], [ 108.977943, 27.069843 ], [ 108.978447, 27.070187 ], [ 108.978844, 27.070421 ], [ 108.979221, 27.070596 ], [ 108.979672, 27.070884 ], [ 108.980125, 27.071054 ], [ 108.980446, 27.071288 ], [ 108.981091, 27.071865 ], [ 108.981281, 27.072092 ], [ 108.981609, 27.072327 ], [ 108.9818, 27.072622 ], [ 108.981995, 27.072848 ], [ 108.982254, 27.073187 ], [ 108.982899, 27.073993 ], [ 108.983158, 27.074224 ], [ 108.983487, 27.074753 ], [ 108.983677, 27.074926 ], [ 108.984002, 27.075264 ], [ 108.984505, 27.075618 ], [ 108.984765, 27.075785 ], [ 108.985295, 27.075905 ], [ 108.985745, 27.076083 ], [ 108.986207, 27.076136 ], [ 108.98671, 27.076304 ], [ 108.987225, 27.076421 ], [ 108.987607, 27.076536 ], [ 108.98806, 27.076648 ], [ 108.988381, 27.076772 ], [ 108.988835, 27.076821 ], [ 108.989155, 27.076935 ], [ 108.98967, 27.077052 ], [ 108.990052, 27.07711 ], [ 108.990319, 27.077174 ], [ 108.990509, 27.077347 ], [ 108.991017, 27.077568 ], [ 108.991414, 27.077802 ], [ 108.991677, 27.078031 ], [ 108.99218, 27.078318 ], [ 108.992634, 27.078607 ], [ 108.993161, 27.079014 ], [ 108.993489, 27.079182 ], [ 108.993996, 27.079352 ], [ 108.994446, 27.079469 ], [ 108.994961, 27.079533 ], [ 108.995537, 27.07953 ], [ 108.995728, 27.0795 ], [ 108.996178, 27.079375 ], [ 108.99664, 27.079375 ], [ 108.997151, 27.079321 ], [ 108.997605, 27.079156 ], [ 108.997864, 27.078927 ], [ 108.998318, 27.078634 ], [ 108.998692, 27.078408 ], [ 108.999012, 27.078125 ], [ 108.999276, 27.078011 ], [ 108.999726, 27.077957 ], [ 109.000023, 27.077957 ], [ 109.000241, 27.077957 ], [ 109.00063, 27.078016 ], [ 109.001343, 27.078024 ], [ 109.00224, 27.07853 ], [ 109.00256, 27.078823 ], [ 109.002751, 27.079054 ], [ 109.002881, 27.07928 ], [ 109.003083, 27.079563 ], [ 109.003342, 27.080026 ], [ 109.003472, 27.080371 ], [ 109.003663, 27.080656 ], [ 109.003792, 27.080946 ], [ 109.003922, 27.081401 ], [ 109.0043, 27.08249 ], [ 109.00475, 27.082998 ], [ 109.005276, 27.083375 ], [ 109.005471, 27.083517 ], [ 109.005868, 27.083985 ], [ 109.006451, 27.084499 ], [ 109.006829, 27.084728 ], [ 109.007279, 27.085069 ], [ 109.007607, 27.085245 ], [ 109.00787, 27.085412 ], [ 109.008122, 27.085527 ], [ 109.008526, 27.085712 ], [ 109.008789, 27.085941 ], [ 109.009171, 27.086175 ], [ 109.009491, 27.08646 ], [ 109.009735, 27.086714 ], [ 109.009877, 27.086864 ], [ 109.010273, 27.087317 ], [ 109.010598, 27.087671 ], [ 109.010788, 27.087899 ], [ 109.011048, 27.088235 ], [ 109.011429, 27.088929 ], [ 109.011631, 27.089329 ], [ 109.011692, 27.089728 ], [ 109.011761, 27.090071 ], [ 109.011692, 27.090471 ], [ 109.011624, 27.091103 ], [ 109.011495, 27.091681 ], [ 109.01143, 27.092131 ], [ 109.011632, 27.092993 ], [ 109.011762, 27.093283 ], [ 109.011891, 27.093509 ], [ 109.01241, 27.094313 ], [ 109.012727, 27.094661 ], [ 109.012728537000044, 27.094662167000024 ], [ 109.013246, 27.095055 ], [ 109.013692, 27.095406 ], [ 109.014329, 27.095976 ], [ 109.01492, 27.096385 ], [ 109.015309, 27.096673 ], [ 109.015683, 27.096841 ], [ 109.015794, 27.096902 ], [ 109.015405, 27.097817 ], [ 109.014512, 27.098562 ], [ 109.014455, 27.099253 ], [ 109.015756, 27.100675 ], [ 109.017758, 27.102097 ], [ 109.018933, 27.103569 ], [ 109.020775, 27.105244 ], [ 109.022526, 27.106152 ], [ 109.025299, 27.106884 ], [ 109.027428, 27.107334 ], [ 109.028137, 27.107161 ], [ 109.028835, 27.106182 ], [ 109.029785, 27.104293 ], [ 109.03009, 27.10293 ], [ 109.030987, 27.102068 ], [ 109.031429, 27.101465 ], [ 109.032501, 27.10116 ], [ 109.032887, 27.100933 ], [ 109.033474, 27.100723 ], [ 109.034119, 27.100606 ], [ 109.035397, 27.100492 ], [ 109.036377, 27.100606 ], [ 109.036881, 27.100555 ], [ 109.037335, 27.100443 ], [ 109.037777, 27.10039 ], [ 109.038231, 27.10027 ], [ 109.038681, 27.100214 ], [ 109.039132, 27.100039 ], [ 109.039456, 27.099874 ], [ 109.039776, 27.099764 ], [ 109.040287, 27.099645 ], [ 109.040673, 27.099589 ], [ 109.041573, 27.099594 ], [ 109.041951, 27.099658 ], [ 109.04234, 27.099652 ], [ 109.042843, 27.099708 ], [ 109.043374, 27.099823 ], [ 109.043747, 27.099937 ], [ 109.044262, 27.100054 ], [ 109.045033, 27.100283 ], [ 109.045487, 27.100291 ], [ 109.045891, 27.100424 ], [ 109.046273, 27.100487 ], [ 109.046528, 27.100599 ], [ 109.046849, 27.100775 ], [ 109.047177, 27.100823 ], [ 109.047688, 27.101113 ], [ 109.047936, 27.101174 ], [ 109.048332, 27.101286 ], [ 109.049046, 27.101522 ], [ 109.049221, 27.101604 ], [ 109.050591, 27.103679 ], [ 109.051953, 27.10533 ], [ 109.053192, 27.106525 ], [ 109.054234, 27.108293 ], [ 109.05502, 27.109888 ], [ 109.056, 27.11177 ], [ 109.057438, 27.113708 ], [ 109.057675, 27.112217 ], [ 109.058132, 27.110538 ], [ 109.058823, 27.108817 ], [ 109.059387, 27.107612 ], [ 109.060215, 27.106752 ], [ 109.061184, 27.106861 ], [ 109.062416, 27.107767 ], [ 109.064037, 27.109538 ], [ 109.066238, 27.111982 ], [ 109.068512, 27.114146 ], [ 109.070065, 27.115278 ], [ 109.07153, 27.115133 ], [ 109.073518, 27.115751 ], [ 109.074361, 27.116549 ], [ 109.074368, 27.117691 ], [ 109.074643, 27.118948 ], [ 109.075803, 27.119744 ], [ 109.077928, 27.120242 ], [ 109.079984, 27.12069 ], [ 109.081918, 27.121135 ], [ 109.084713, 27.120874 ], [ 109.085362, 27.12065 ], [ 109.086571, 27.120233 ], [ 109.090283, 27.119406 ], [ 109.091435, 27.119376 ], [ 109.092595, 27.11934 ], [ 109.094666, 27.121382 ], [ 109.097054, 27.1233 ], [ 109.098206, 27.123407 ], [ 109.099491, 27.12317 ], [ 109.101215, 27.122873 ], [ 109.102696, 27.122863 ], [ 109.103657, 27.122913 ], [ 109.104366, 27.123478 ], [ 109.105274, 27.124844 ], [ 109.106762, 27.126377 ], [ 109.10825, 27.126775 ], [ 109.110623, 27.126813 ], [ 109.114346, 27.126729 ], [ 109.117710664000072, 27.126612012000066 ], [ 109.117711, 27.126612 ], [ 109.118321, 27.126589 ], [ 109.120377, 27.126136 ], [ 109.121258, 27.125953 ], [ 109.124138, 27.125704 ], [ 109.124996, 27.125292 ], [ 109.126686, 27.124483 ], [ 109.128079, 27.122934 ], [ 109.128578, 27.122171 ], [ 109.129353, 27.120978 ], [ 109.129078770000035, 27.118984596000075 ], [ 109.129078, 27.118979 ], [ 109.128182, 27.11859 ], [ 109.127266, 27.116937 ], [ 109.126465, 27.113339 ], [ 109.125004, 27.112393 ], [ 109.122734, 27.111823 ], [ 109.120385, 27.111314 ], [ 109.12, 27.11091 ], [ 109.119351, 27.110342 ], [ 109.119099, 27.11006 ], [ 109.118901, 27.109885 ], [ 109.11839, 27.109773 ], [ 109.118008, 27.109605 ], [ 109.117489, 27.109429 ], [ 109.117039, 27.109314 ], [ 109.116459, 27.109208 ], [ 109.116009, 27.10903 ], [ 109.115635, 27.108918 ], [ 109.115246, 27.10875 ], [ 109.114796, 27.108635 ], [ 109.114346, 27.10846 ], [ 109.113896, 27.108175 ], [ 109.113629, 27.107944 ], [ 109.113385, 27.107661 ], [ 109.113064, 27.107323 ], [ 109.112805, 27.107031 ], [ 109.112614, 27.106804 ], [ 109.112484, 27.106575 ], [ 109.112294, 27.106293 ], [ 109.111714, 27.105085 ], [ 109.111454, 27.104516 ], [ 109.111195, 27.10406 ], [ 109.110875, 27.103542 ], [ 109.110623, 27.103198 ], [ 109.110501, 27.102969 ], [ 109.110303, 27.102742 ], [ 109.110051, 27.102341 ], [ 109.109662, 27.102056 ], [ 109.10941, 27.10171 ], [ 109.108891, 27.101143 ], [ 109.108189, 27.100339 ], [ 109.10793, 27.099993 ], [ 109.107723, 27.099583 ], [ 109.107403, 27.099184 ], [ 109.107143, 27.098785 ], [ 109.106884, 27.0985 ], [ 109.106373, 27.097872 ], [ 109.106113, 27.097589 ], [ 109.105862, 27.097414 ], [ 109.105213, 27.096615 ], [ 109.104832, 27.09616 ], [ 109.104572, 27.095758 ], [ 109.104382, 27.095242 ], [ 109.104313, 27.094896 ], [ 109.104313, 27.093869 ], [ 109.104374, 27.093528 ], [ 109.104443, 27.093006 ], [ 109.104565, 27.092554 ], [ 109.104565, 27.091636 ], [ 109.104435, 27.091066 ], [ 109.104343, 27.090552 ], [ 109.104134, 27.089977 ], [ 109.104046, 27.089517 ], [ 109.1036, 27.088372 ], [ 109.103363, 27.087795 ], [ 109.103203, 27.08734 ], [ 109.102905, 27.086824 ], [ 109.102783, 27.086546 ], [ 109.102676, 27.086305 ], [ 109.102585, 27.086028 ], [ 109.102356, 27.085562 ], [ 109.102066, 27.085163 ], [ 109.10183, 27.084708 ], [ 109.10154, 27.08431 ], [ 109.10125, 27.083847 ], [ 109.100914, 27.083445 ], [ 109.1008, 27.083333 ], [ 109.10051, 27.083051 ], [ 109.100182, 27.082705 ], [ 109.099823, 27.082186 ], [ 109.099472, 27.081729 ], [ 109.09932, 27.081449 ], [ 109.099052, 27.080813 ], [ 109.098846, 27.080531 ], [ 109.09861, 27.080182 ], [ 109.098351, 27.079892 ], [ 109.098129, 27.07961 ], [ 109.09787, 27.079325 ], [ 109.097233, 27.078461 ], [ 109.097073, 27.078124 ], [ 109.096943, 27.077659 ], [ 109.096214, 27.075144 ], [ 109.096138, 27.073832 ], [ 109.096512, 27.072168 ], [ 109.097916, 27.07193 ], [ 109.099659, 27.072148 ], [ 109.100994, 27.071396 ], [ 109.102856, 27.071327 ], [ 109.105358, 27.071765 ], [ 109.107945, 27.072096 ], [ 109.111337, 27.070925 ], [ 109.116578, 27.069346 ], [ 109.118882, 27.068811 ], [ 109.120385, 27.069198 ], [ 109.121895, 27.069603 ], [ 109.122857, 27.069427 ], [ 109.123879, 27.068616 ], [ 109.125, 27.068451 ], [ 109.12592, 27.068313 ], [ 109.125920669000038, 27.068313193000051 ], [ 109.127469, 27.068761 ], [ 109.127514, 27.068791 ], [ 109.128628, 27.069549 ], [ 109.129723, 27.070572 ], [ 109.127484, 27.071047 ], [ 109.12679, 27.072252 ], [ 109.127018, 27.073684 ], [ 109.127598, 27.073513 ], [ 109.12814, 27.073457 ], [ 109.128872, 27.073455 ], [ 109.129391, 27.073396 ], [ 109.129788, 27.07345 ], [ 109.130364, 27.073508 ], [ 109.130944, 27.073625 ], [ 109.131318, 27.073671 ], [ 109.131714, 27.073852 ], [ 109.132424, 27.074075 ], [ 109.132744, 27.074307 ], [ 109.133248, 27.074767 ], [ 109.133507, 27.074929 ], [ 109.133698, 27.075163 ], [ 109.134034, 27.075385 ], [ 109.134354, 27.075616 ], [ 109.134804, 27.075901 ], [ 109.135304, 27.076188 ], [ 109.135754, 27.076471 ], [ 109.136197, 27.076649 ], [ 109.136456, 27.076814 ], [ 109.136967, 27.076875 ], [ 109.137547, 27.07687 ], [ 109.138119, 27.076699 ], [ 109.139199, 27.076471 ], [ 109.140145, 27.076242 ], [ 109.140534, 27.076181 ], [ 109.141167, 27.075947 ], [ 109.141869, 27.075669 ], [ 109.142613, 27.075319 ], [ 109.143315, 27.075095 ], [ 109.1442, 27.07469 ], [ 109.144642, 27.074517 ], [ 109.145669, 27.074432 ], [ 109.146111, 27.074493 ], [ 109.146683, 27.074549 ], [ 109.14721, 27.074714 ], [ 109.148102, 27.074943 ], [ 109.148476, 27.075002 ], [ 109.148732, 27.075177 ], [ 109.149113, 27.075223 ], [ 109.149685, 27.075225 ], [ 109.149937, 27.075108 ], [ 109.150128, 27.074717 ], [ 109.150052, 27.07431 ], [ 109.150113, 27.07374 ], [ 109.150052, 27.073453 ], [ 109.150052, 27.072886 ], [ 109.149922, 27.072479 ], [ 109.149922, 27.072199 ], [ 109.149975, 27.071965 ], [ 109.150105, 27.07168 ], [ 109.150227, 27.07134 ], [ 109.150486, 27.071052 ], [ 109.150921, 27.07048 ], [ 109.151367, 27.070071 ], [ 109.151688, 27.069852 ], [ 109.152718, 27.069554 ], [ 109.153107, 27.069615 ], [ 109.153374, 27.069669 ], [ 109.154194, 27.069669 ], [ 109.154576, 27.06961 ], [ 109.154896, 27.069552 ], [ 109.155346, 27.06943 ], [ 109.155857, 27.069254 ], [ 109.156239, 27.069206 ], [ 109.156498, 27.069198 ], [ 109.157013, 27.069086 ], [ 109.158299, 27.069119 ], [ 109.15857, 27.069091 ], [ 109.158959, 27.069096 ], [ 109.159855, 27.069322 ], [ 109.160359, 27.069546 ], [ 109.160755, 27.069828 ], [ 109.161015, 27.070057 ], [ 109.161206, 27.070459 ], [ 109.162632, 27.07275 ], [ 109.163853, 27.075385 ], [ 109.167103, 27.083527 ], [ 109.167908, 27.086607 ], [ 109.168289, 27.087772 ], [ 109.168412, 27.088182 ], [ 109.168671, 27.088644 ], [ 109.16906, 27.089153 ], [ 109.16938, 27.089552 ], [ 109.169571, 27.089728 ], [ 109.170342, 27.090361 ], [ 109.170666, 27.090543 ], [ 109.171117, 27.090314 ], [ 109.171307, 27.090032 ], [ 109.171628, 27.089744 ], [ 109.171818, 27.08934 ], [ 109.172002, 27.089052 ], [ 109.172208, 27.088541 ], [ 109.172398, 27.088193 ], [ 109.172528, 27.087852 ], [ 109.172845, 27.087565 ], [ 109.173157, 27.08727 ], [ 109.173539, 27.086987 ], [ 109.174248, 27.086759 ], [ 109.174637, 27.086626 ], [ 109.17476, 27.086586 ], [ 109.175336, 27.086517 ], [ 109.175908, 27.086405 ], [ 109.176488, 27.086349 ], [ 109.176999, 27.086283 ], [ 109.177518, 27.086169 ], [ 109.178155, 27.086049 ], [ 109.178536, 27.085991 ], [ 109.178857, 27.085932 ], [ 109.179307, 27.085871 ], [ 109.180016, 27.085698 ], [ 109.180577, 27.085584 ], [ 109.181042, 27.085581 ], [ 109.181737, 27.085688 ], [ 109.182393, 27.085917 ], [ 109.183411, 27.086341 ], [ 109.183731, 27.086562 ], [ 109.183933, 27.086651 ], [ 109.18425, 27.086791 ], [ 109.184708, 27.087079 ], [ 109.185474, 27.087536 ], [ 109.185795, 27.087648 ], [ 109.186047, 27.087814 ], [ 109.186497, 27.088042 ], [ 109.187275, 27.088388 ], [ 109.187794, 27.088554 ], [ 109.18837, 27.088838 ], [ 109.188881, 27.08907 ], [ 109.189461, 27.089294 ], [ 109.189911, 27.08935 ], [ 109.190746, 27.089578 ], [ 109.191135, 27.08969 ], [ 109.191837, 27.089975 ], [ 109.192417, 27.090202 ], [ 109.193134, 27.09054 ], [ 109.193597, 27.090825 ], [ 109.194108, 27.091165 ], [ 109.194421, 27.091509 ], [ 109.194817, 27.091796 ], [ 109.195321, 27.092254 ], [ 109.195323086000087, 27.092256407000036 ], [ 109.195587, 27.092561 ], [ 109.195854, 27.092789 ], [ 109.196358, 27.093074 ], [ 109.196751, 27.093476 ], [ 109.197064, 27.093761 ], [ 109.197254, 27.093985 ], [ 109.19746, 27.094331 ], [ 109.198094, 27.094898 ], [ 109.19862, 27.095355 ], [ 109.19894, 27.095818 ], [ 109.199185, 27.096047 ], [ 109.199391, 27.096385 ], [ 109.199829, 27.096958 ], [ 109.200219, 27.097304 ], [ 109.200555, 27.097642 ], [ 109.200799, 27.098158 ], [ 109.201058, 27.098557 ], [ 109.201249, 27.099015 ], [ 109.201508, 27.09948 ], [ 109.201714, 27.099824 ], [ 109.202027, 27.100449 ], [ 109.202287, 27.100905 ], [ 109.202546, 27.101418 ], [ 109.202798, 27.101993 ], [ 109.203366, 27.102965 ], [ 109.203496, 27.103257 ], [ 109.204274, 27.10433 ], [ 109.204595, 27.104732 ], [ 109.204854, 27.105131 ], [ 109.205167, 27.105586 ], [ 109.205426, 27.105815 ], [ 109.205678, 27.106097 ], [ 109.205998, 27.106273 ], [ 109.206265, 27.106502 ], [ 109.206586, 27.106675 ], [ 109.206838, 27.107303 ], [ 109.207223, 27.107702 ], [ 109.207475, 27.107987 ], [ 109.207604, 27.108216 ], [ 109.207734, 27.108503 ], [ 109.207932, 27.108788 ], [ 109.208062, 27.109152 ], [ 109.208192, 27.109616 ], [ 109.208383, 27.110132 ], [ 109.208512, 27.110585 ], [ 109.208581, 27.110981 ], [ 109.208581, 27.111325 ], [ 109.208512, 27.111612 ], [ 109.208451, 27.112192 ], [ 109.20826, 27.11265 ], [ 109.208199, 27.113057 ], [ 109.20794, 27.113724 ], [ 109.207948, 27.114067 ], [ 109.207948, 27.114756 ], [ 109.208009, 27.115404 ], [ 109.208138, 27.115801 ], [ 109.208207, 27.116143 ], [ 109.20839, 27.116662 ], [ 109.208527, 27.117232 ], [ 109.208657, 27.117466 ], [ 109.20871, 27.117746 ], [ 109.209031, 27.118374 ], [ 109.20929, 27.11906 ], [ 109.20942, 27.11935 ], [ 109.20974, 27.119808 ], [ 109.210137, 27.120263 ], [ 109.21032, 27.120436 ], [ 109.210587, 27.120785 ], [ 109.210846, 27.12095 ], [ 109.21103, 27.12124 ], [ 109.21135, 27.121522 ], [ 109.211747, 27.121754 ], [ 109.21206, 27.12198 ], [ 109.212514, 27.1222 ], [ 109.212781, 27.122371 ], [ 109.213231, 27.122541 ], [ 109.213681, 27.12277 ], [ 109.21407, 27.122882 ], [ 109.214314, 27.123111 ], [ 109.214635, 27.12334 ], [ 109.21497, 27.12351 ], [ 109.215924, 27.124021 ], [ 109.216374, 27.12425 ], [ 109.217084, 27.124647 ], [ 109.217477, 27.124878 ], [ 109.217797, 27.125046 ], [ 109.218171, 27.125504 ], [ 109.21843, 27.125791 ], [ 109.218827, 27.126363 ], [ 109.21901, 27.126702 ], [ 109.219201, 27.127164 ], [ 109.219331, 27.127617 ], [ 109.219452, 27.128371 ], [ 109.219582, 27.128885 ], [ 109.219788, 27.129396 ], [ 109.220047, 27.129966 ], [ 109.220299, 27.130375 ], [ 109.220574, 27.130955 ], [ 109.220963, 27.131466 ], [ 109.221283, 27.131985 ], [ 109.221543, 27.132493 ], [ 109.221802, 27.132953 ], [ 109.222252, 27.133635 ], [ 109.222512, 27.133981 ], [ 109.222771, 27.134383 ], [ 109.22303, 27.134837 ], [ 109.22316, 27.13513 ], [ 109.223412, 27.135356 ], [ 109.223862, 27.135694 ], [ 109.224316, 27.136096 ], [ 109.224571, 27.136442 ], [ 109.224827, 27.136554 ], [ 109.225216, 27.136895 ], [ 109.225537, 27.13707 ], [ 109.225796, 27.137297 ], [ 109.226116, 27.137408 ], [ 109.226368, 27.137584 ], [ 109.226818, 27.137698 ], [ 109.227207, 27.13781 ], [ 109.227528, 27.137976 ], [ 109.227848, 27.138034 ], [ 109.228237, 27.13821 ], [ 109.228558, 27.138377 ], [ 109.229199, 27.138662 ], [ 109.229519, 27.138723 ], [ 109.229908, 27.138835 ], [ 109.230168, 27.139 ], [ 109.230618, 27.139178 ], [ 109.230999, 27.13929 ], [ 109.23132, 27.139519 ], [ 109.231838, 27.139743 ], [ 109.23222, 27.140025 ], [ 109.232548, 27.140257 ], [ 109.2328, 27.140547 ], [ 109.233059, 27.141005 ], [ 109.233258, 27.141463 ], [ 109.233387, 27.14204 ], [ 109.233448, 27.14244 ], [ 109.233647, 27.142839 ], [ 109.233708, 27.143297 ], [ 109.233906, 27.143643 ], [ 109.233967, 27.144156 ], [ 109.234112, 27.144729 ], [ 109.23431, 27.145415 ], [ 109.234577, 27.146445 ], [ 109.234844, 27.147291 ], [ 109.234974, 27.147922 ], [ 109.234997, 27.149806 ], [ 109.235081, 27.150439 ], [ 109.235081942000079, 27.150443575000054 ], [ 109.235222, 27.151124 ], [ 109.235417, 27.151352 ], [ 109.235546, 27.151645 ], [ 109.235745, 27.151927 ], [ 109.236515, 27.152611 ], [ 109.236904, 27.152838 ], [ 109.23729, 27.153008 ], [ 109.237728, 27.153122 ], [ 109.238117, 27.153232 ], [ 109.238819, 27.153351 ], [ 109.239697, 27.153576 ], [ 109.24028, 27.153693 ], [ 109.240589, 27.153688 ], [ 109.241043, 27.153805 ], [ 109.24149, 27.153973 ], [ 109.242008, 27.154148 ], [ 109.242325, 27.154207 ], [ 109.242714, 27.154258 ], [ 109.243088, 27.154263 ], [ 109.244869, 27.154026 ], [ 109.245476, 27.153909 ], [ 109.245553, 27.153925 ], [ 109.245782, 27.153874 ], [ 109.246163, 27.153815 ], [ 109.247125, 27.153465 ], [ 109.247814, 27.153294 ], [ 109.248394, 27.153065 ], [ 109.248844, 27.153063 ], [ 109.249485, 27.152836 ], [ 109.249989, 27.152885 ], [ 109.250576, 27.152882 ], [ 109.251026, 27.152943 ], [ 109.251347, 27.152829 ], [ 109.251866, 27.152824 ], [ 109.252186, 27.152712 ], [ 109.252568, 27.152653 ], [ 109.253201, 27.152572 ], [ 109.252682, 27.151583 ], [ 109.252094, 27.150558 ], [ 109.250218, 27.148683 ], [ 109.250336, 27.147943 ], [ 109.251301, 27.147422 ], [ 109.25195, 27.146849 ], [ 109.252133, 27.14599 ], [ 109.251805, 27.144906 ], [ 109.251218, 27.143709 ], [ 109.250306, 27.142684 ], [ 109.250005, 27.142381 ], [ 109.249398, 27.141776 ], [ 109.249593, 27.141031 ], [ 109.250005, 27.140673 ], [ 109.25213, 27.138836 ], [ 109.252339, 27.138549 ], [ 109.252584, 27.138091 ], [ 109.252786, 27.137806 ], [ 109.25303, 27.137288 ], [ 109.253293, 27.136883 ], [ 109.25348, 27.136489 ], [ 109.253736, 27.135914 ], [ 109.253926, 27.135457 ], [ 109.254186, 27.135055 ], [ 109.254693, 27.134368 ], [ 109.254964, 27.133912 ], [ 109.255349, 27.133444 ], [ 109.256047, 27.132707 ], [ 109.256246, 27.132476 ], [ 109.256680370000083, 27.132074356000032 ], [ 109.256684, 27.132071 ], [ 109.257085, 27.131898 ], [ 109.257722, 27.131672 ], [ 109.258377, 27.131665 ], [ 109.258999, 27.131604 ], [ 109.259583, 27.131611 ], [ 109.260166, 27.131492 ], [ 109.260678, 27.131489 ], [ 109.261074, 27.131377 ], [ 109.262104, 27.13137 ], [ 109.262814, 27.131316 ], [ 109.263401, 27.13126 ], [ 109.263909, 27.131197 ], [ 109.264488, 27.131194 ], [ 109.264939, 27.131253 ], [ 109.265579, 27.131306 ], [ 109.266617, 27.131311 ], [ 109.26733, 27.131365 ], [ 109.26791, 27.131482 ], [ 109.268353, 27.131596 ], [ 109.268933, 27.131764 ], [ 109.269383, 27.131995 ], [ 109.269905, 27.132273 ], [ 109.270226, 27.132504 ], [ 109.270737, 27.132854 ], [ 109.271187, 27.133142 ], [ 109.271569, 27.13331 ], [ 109.271897, 27.133485 ], [ 109.272481, 27.133709 ], [ 109.273053, 27.133877 ], [ 109.273442, 27.133935 ], [ 109.273892, 27.134106 ], [ 109.274533, 27.134052 ], [ 109.275254, 27.133933 ], [ 109.276093, 27.133818 ], [ 109.276413, 27.133762 ], [ 109.276993, 27.13376 ], [ 109.277836, 27.133877 ], [ 109.278225, 27.133874 ], [ 109.278866, 27.134101 ], [ 109.279519, 27.134279 ], [ 109.280091, 27.134332 ], [ 109.28061, 27.134563 ], [ 109.281128, 27.134837 ], [ 109.281708, 27.135188 ], [ 109.282872, 27.135753 ], [ 109.283192, 27.135983 ], [ 109.283573, 27.136158 ], [ 109.283898, 27.136206 ], [ 109.284287, 27.136212 ], [ 109.284607, 27.136206 ], [ 109.285454, 27.136092 ], [ 109.285774, 27.136034 ], [ 109.286228, 27.135975 ], [ 109.286549, 27.13598 ], [ 109.28693, 27.135871 ], [ 109.287911, 27.135695 ], [ 109.288292, 27.135581 ], [ 109.288681, 27.135576 ], [ 109.28907, 27.135464 ], [ 109.289581, 27.135413 ], [ 109.290043, 27.135408 ], [ 109.290623, 27.135522 ], [ 109.291134, 27.135576 ], [ 109.291588, 27.135693 ], [ 109.292236, 27.135983 ], [ 109.292687, 27.136214 ], [ 109.293205, 27.136608 ], [ 109.293659, 27.13701 ], [ 109.293911, 27.137292 ], [ 109.2943, 27.137643 ], [ 109.294689, 27.137928 ], [ 109.295071, 27.138096 ], [ 109.295494, 27.138308 ], [ 109.295944, 27.138652 ], [ 109.297177, 27.139399 ], [ 109.297955, 27.140033 ], [ 109.298466, 27.140256 ], [ 109.298989, 27.140544 ], [ 109.299767, 27.141 ], [ 109.300091, 27.141224 ], [ 109.300542, 27.141399 ], [ 109.301121, 27.141519 ], [ 109.301123878000055, 27.141519 ], [ 109.303002, 27.141519 ], [ 109.303715, 27.141458 ], [ 109.304356, 27.14129 ], [ 109.305138, 27.141237 ], [ 109.306039, 27.141008 ], [ 109.30655, 27.140891 ], [ 109.307194, 27.140666 ], [ 109.307896, 27.140671 ], [ 109.30822, 27.140592 ], [ 109.308472, 27.140647 ], [ 109.308991, 27.14082 ], [ 109.309311, 27.14083 ], [ 109.310605, 27.14082 ], [ 109.310986, 27.140655 ], [ 109.311379, 27.140597 ], [ 109.31176, 27.140419 ], [ 109.312096, 27.140429 ], [ 109.312417, 27.140314 ], [ 109.312932, 27.140197 ], [ 109.313252, 27.140083 ], [ 109.313771, 27.139859 ], [ 109.314152, 27.139684 ], [ 109.314736, 27.139396 ], [ 109.316037, 27.138951 ], [ 109.316807, 27.13889 ], [ 109.317257, 27.13889 ], [ 109.317643, 27.138949 ], [ 109.318162, 27.139292 ], [ 109.318688, 27.13976 ], [ 109.320443, 27.139945 ], [ 109.322506, 27.140449 ], [ 109.324757, 27.140439 ], [ 109.326874, 27.140314 ], [ 109.32893, 27.140075 ], [ 109.330086, 27.140014 ], [ 109.331059, 27.14064 ], [ 109.330876, 27.141726 ], [ 109.329796, 27.143443 ], [ 109.329689, 27.143764 ], [ 109.329705, 27.143891 ], [ 109.329644, 27.144346 ], [ 109.329644, 27.145203 ], [ 109.329522, 27.145541 ], [ 109.329514, 27.145884 ], [ 109.329445, 27.146223 ], [ 109.329445, 27.146579 ], [ 109.329461, 27.147024 ], [ 109.329339, 27.147657 ], [ 109.329339, 27.148114 ], [ 109.329263, 27.148628 ], [ 109.329209, 27.149086 ], [ 109.329209, 27.14949 ], [ 109.329072, 27.150052 ], [ 109.329072, 27.150685 ], [ 109.329018, 27.15109 ], [ 109.329079, 27.152051 ], [ 109.3294, 27.152405 ], [ 109.329919, 27.15286 ], [ 109.330373, 27.153094 ], [ 109.330754, 27.153147 ], [ 109.33141, 27.153264 ], [ 109.332367, 27.15337 ], [ 109.33357, 27.153468 ], [ 109.334081, 27.153534 ], [ 109.33447, 27.153532 ], [ 109.335114, 27.153478 ], [ 109.335565, 27.153415 ], [ 109.336209, 27.153364 ], [ 109.338403, 27.153374 ], [ 109.338853, 27.153427 ], [ 109.339246, 27.153486 ], [ 109.339635, 27.153483 ], [ 109.340474, 27.153438 ], [ 109.341187, 27.153611 ], [ 109.341577, 27.153659 ], [ 109.34229, 27.153834 ], [ 109.34261, 27.153959 ], [ 109.342999, 27.154012 ], [ 109.34332, 27.154068 ], [ 109.343572, 27.154127 ], [ 109.344544, 27.154414 ], [ 109.344865, 27.154475 ], [ 109.345197, 27.154653 ], [ 109.345547, 27.154798 ], [ 109.345807, 27.154857 ], [ 109.346196, 27.154971 ], [ 109.346447, 27.15508 ], [ 109.346779, 27.155207 ], [ 109.347039, 27.155266 ], [ 109.347359, 27.155487 ], [ 109.34768, 27.155607 ], [ 109.348069, 27.155724 ], [ 109.348584, 27.155894 ], [ 109.349484, 27.156128 ], [ 109.349877, 27.156126 ], [ 109.350327, 27.15624 ], [ 109.350968, 27.156245 ], [ 109.351296, 27.156301 ], [ 109.351681, 27.156298 ], [ 109.35207, 27.15636 ], [ 109.35252, 27.156306 ], [ 109.353295, 27.156253 ], [ 109.354065, 27.156136 ], [ 109.354714, 27.155899 ], [ 109.35542, 27.155612 ], [ 109.356068, 27.155332 ], [ 109.356904, 27.155098 ], [ 109.357544, 27.154874 ], [ 109.358411, 27.154444 ], [ 109.3588, 27.154218 ], [ 109.359189, 27.153926 ], [ 109.359632, 27.15376 ], [ 109.359963564000054, 27.153611980000051 ], [ 109.360024, 27.153585 ], [ 109.360536, 27.153407 ], [ 109.361191, 27.15313 ], [ 109.361763, 27.152901 ], [ 109.362416, 27.152611 ], [ 109.363247, 27.1521 ], [ 109.36356, 27.151815 ], [ 109.363961, 27.151523 ], [ 109.364464, 27.15135 ], [ 109.364724, 27.151299 ], [ 109.365494, 27.151065 ], [ 109.365948, 27.150953 ], [ 109.366848, 27.150839 ], [ 109.367375, 27.150836 ], [ 109.367829, 27.150778 ], [ 109.368088, 27.150834 ], [ 109.368531, 27.150834 ], [ 109.368851, 27.150948 ], [ 109.369294, 27.15106 ], [ 109.370015, 27.151574 ], [ 109.370293, 27.15195 ], [ 109.370701, 27.152583 ], [ 109.370892, 27.153099 ], [ 109.371006, 27.153389 ], [ 109.371136, 27.153842 ], [ 109.371464, 27.154638 ], [ 109.371659, 27.15505 ], [ 109.371857, 27.155386 ], [ 109.371918, 27.155899 ], [ 109.371926, 27.156703 ], [ 109.372056, 27.157166 ], [ 109.372185, 27.157446 ], [ 109.372376, 27.157738 ], [ 109.372574, 27.158018 ], [ 109.372826, 27.158247 ], [ 109.373284, 27.158598 ], [ 109.373429, 27.158671 ], [ 109.374078661000055, 27.157312890000071 ], [ 109.374081, 27.157308 ], [ 109.374333, 27.156393 ], [ 109.37502, 27.155958 ], [ 109.375607, 27.155587 ], [ 109.377526, 27.154775 ], [ 109.37867, 27.153684 ], [ 109.379254, 27.152481 ], [ 109.379246, 27.151395 ], [ 109.378838, 27.14951 ], [ 109.3787, 27.148084 ], [ 109.379849, 27.147163 ], [ 109.383858, 27.147756 ], [ 109.386235, 27.147856 ], [ 109.387509, 27.147161 ], [ 109.388413, 27.1471 ], [ 109.387905, 27.148591 ], [ 109.387669, 27.150589 ], [ 109.387707, 27.150994 ], [ 109.387894, 27.151159 ], [ 109.388085, 27.151396 ], [ 109.388138, 27.151675 ], [ 109.388344, 27.152077 ], [ 109.388398, 27.152657 ], [ 109.388398, 27.153679 ], [ 109.388344, 27.154023 ], [ 109.388283, 27.15431 ], [ 109.388222, 27.154704 ], [ 109.388153, 27.155165 ], [ 109.388092, 27.155686 ], [ 109.387986, 27.156256 ], [ 109.387947, 27.156833 ], [ 109.387963, 27.15723 ], [ 109.387871, 27.157924 ], [ 109.387886, 27.158321 ], [ 109.387955, 27.158611 ], [ 109.388031, 27.159007 ], [ 109.388039, 27.159297 ], [ 109.388382, 27.159977 ], [ 109.388886, 27.160549 ], [ 109.389092, 27.160724 ], [ 109.389267, 27.160897 ], [ 109.389534, 27.161126 ], [ 109.389847, 27.161292 ], [ 109.390152, 27.16147 ], [ 109.390412, 27.161526 ], [ 109.391148, 27.161752 ], [ 109.391659, 27.161976 ], [ 109.392216, 27.162144 ], [ 109.393086, 27.16237 ], [ 109.393582, 27.162484 ], [ 109.394162, 27.162599 ], [ 109.394482, 27.162774 ], [ 109.395318, 27.162868 ], [ 109.39576, 27.162868 ], [ 109.396081, 27.162807 ], [ 109.395821, 27.159089 ], [ 109.395486, 27.157263 ], [ 109.395466, 27.155605 ], [ 109.396874, 27.154967 ], [ 109.399316, 27.154951 ], [ 109.402199, 27.155503 ], [ 109.405499, 27.156734 ], [ 109.40643, 27.156721 ], [ 109.407269, 27.156836 ], [ 109.407651, 27.156945 ], [ 109.408085, 27.157106 ], [ 109.408726, 27.157218 ], [ 109.409054, 27.157327 ], [ 109.409825, 27.157322 ], [ 109.410214, 27.157198 ], [ 109.410473, 27.157083 ], [ 109.410855, 27.156732 ], [ 109.411175, 27.156389 ], [ 109.411885, 27.155285 ], [ 109.412129, 27.154769 ], [ 109.412335, 27.154418 ], [ 109.412449, 27.154072 ], [ 109.412526, 27.153782 ], [ 109.412579, 27.153439 ], [ 109.412579, 27.150915 ], [ 109.41264, 27.150574 ], [ 109.412701, 27.15005 ], [ 109.41277, 27.149651 ], [ 109.412831, 27.149135 ], [ 109.412892, 27.148725 ], [ 109.412892, 27.148262 ], [ 109.413006, 27.147863 ], [ 109.413083, 27.147337 ], [ 109.413273, 27.147052 ], [ 109.413548, 27.146584 ], [ 109.413869, 27.146241 ], [ 109.414319, 27.145597 ], [ 109.414895, 27.145023 ], [ 109.415399, 27.144433 ], [ 109.415719, 27.143972 ], [ 109.41726, 27.142174 ], [ 109.417771, 27.141536 ], [ 109.418541, 27.140499 ], [ 109.418992, 27.139804 ], [ 109.419236, 27.139344 ], [ 109.419571, 27.13882 ], [ 109.419762, 27.138243 ], [ 109.419938, 27.137874 ], [ 109.420136, 27.137437 ], [ 109.420663, 27.13653 ], [ 109.420854, 27.136006 ], [ 109.421105, 27.135495 ], [ 109.421235, 27.135142 ], [ 109.421365, 27.134745 ], [ 109.421357, 27.134455 ], [ 109.421487, 27.134106 ], [ 109.421548, 27.133765 ], [ 109.421616, 27.133475 ], [ 109.421739, 27.132671 ], [ 109.421815, 27.132262 ], [ 109.422185, 27.131123 ], [ 109.422246, 27.130716 ], [ 109.422505, 27.13026 ], [ 109.422948, 27.129915 ], [ 109.423268, 27.129683 ], [ 109.424115, 27.129335 ], [ 109.424436, 27.129103 ], [ 109.424756, 27.129047 ], [ 109.425137, 27.128933 ], [ 109.425458, 27.128872 ], [ 109.426228, 27.128699 ], [ 109.426557, 27.128691 ], [ 109.427903, 27.128465 ], [ 109.428353, 27.12834 ], [ 109.428872, 27.128231 ], [ 109.429253, 27.128117 ], [ 109.42965, 27.128058 ], [ 109.43042, 27.127827 ], [ 109.43079, 27.127769 ], [ 109.431057, 27.127654 ], [ 109.431454, 27.127598 ], [ 109.431713, 27.127591 ], [ 109.431958, 27.127535 ], [ 109.433064, 27.127534 ], [ 109.433827, 27.127467 ], [ 109.434143, 27.127526 ], [ 109.434914, 27.127409 ], [ 109.435242, 27.127521 ], [ 109.435631, 27.127577 ], [ 109.436081, 27.127572 ], [ 109.436852, 27.127689 ], [ 109.437298, 27.127801 ], [ 109.43768, 27.127912 ], [ 109.43813, 27.12808 ], [ 109.438648, 27.128365 ], [ 109.438969, 27.128594 ], [ 109.439358, 27.128703 ], [ 109.439804, 27.128881 ], [ 109.440316, 27.129052 ], [ 109.440972, 27.129156 ], [ 109.441742, 27.129156 ], [ 109.442379, 27.1291 ], [ 109.442761, 27.129044 ], [ 109.443821, 27.129042 ], [ 109.445076, 27.13011 ], [ 109.446, 27.131771 ], [ 109.446526, 27.13348 ], [ 109.448193, 27.134093 ], [ 109.448872, 27.133665 ], [ 109.450486, 27.132648 ], [ 109.451314, 27.132353 ], [ 109.453889, 27.133586 ], [ 109.456013, 27.134879 ], [ 109.457848, 27.136547 ], [ 109.459522, 27.137674 ], [ 109.462299, 27.138623 ], [ 109.462742, 27.138561 ], [ 109.463181, 27.138396 ], [ 109.463631, 27.138335 ], [ 109.464142, 27.13816 ], [ 109.464661, 27.138038 ], [ 109.465435, 27.137694 ], [ 109.466385, 27.137165 ], [ 109.467018, 27.136649 ], [ 109.467415, 27.13642 ], [ 109.468121, 27.135845 ], [ 109.468769, 27.135433 ], [ 109.469078, 27.135149 ], [ 109.46946, 27.134917 ], [ 109.469841, 27.134515 ], [ 109.470375, 27.133906 ], [ 109.470433, 27.133738 ], [ 109.468098, 27.131027 ], [ 109.466027, 27.128593 ], [ 109.465366, 27.126879 ], [ 109.465988, 27.124878 ], [ 109.466232, 27.123316 ], [ 109.46640769000004, 27.12218699500005 ], [ 109.466408, 27.122185 ], [ 109.467679, 27.120409 ], [ 109.46748, 27.119381 ], [ 109.464589, 27.118664 ], [ 109.462929, 27.118565 ], [ 109.461583, 27.119727 ], [ 109.461308, 27.1199 ], [ 109.461049, 27.120022 ], [ 109.460732, 27.12031 ], [ 109.460488, 27.120546 ], [ 109.460228, 27.120712 ], [ 109.460099, 27.120945 ], [ 109.459778, 27.121233 ], [ 109.459527, 27.121637 ], [ 109.45921, 27.121925 ], [ 109.458943, 27.122032 ], [ 109.458622, 27.122208 ], [ 109.458302, 27.122258 ], [ 109.458042, 27.122266 ], [ 109.457627, 27.122354 ], [ 109.457177, 27.122359 ], [ 109.456536, 27.122308 ], [ 109.456216, 27.122306 ], [ 109.45564, 27.122255 ], [ 109.454746, 27.121919 ], [ 109.454365, 27.121744 ], [ 109.453979, 27.121523 ], [ 109.45372, 27.12135 ], [ 109.453461, 27.12124 ], [ 109.45314, 27.121126 ], [ 109.452759, 27.120836 ], [ 109.452499, 27.120671 ], [ 109.452244, 27.120327 ], [ 109.451794, 27.119814 ], [ 109.451458, 27.1193 ], [ 109.451008, 27.118789 ], [ 109.450619, 27.118102 ], [ 109.450428, 27.11782 ], [ 109.450294, 27.117474 ], [ 109.450165, 27.116665 ], [ 109.450165, 27.116035 ], [ 109.450218, 27.11564 ], [ 109.450294, 27.115297 ], [ 109.450405, 27.114946 ], [ 109.450481, 27.114824 ], [ 109.45113, 27.111844 ], [ 109.451435, 27.110295 ], [ 109.452377, 27.108401 ], [ 109.452042, 27.107091 ], [ 109.452423, 27.106572 ], [ 109.453953, 27.105814 ], [ 109.456757, 27.104762 ], [ 109.458332, 27.103864 ], [ 109.458439, 27.103801 ], [ 109.458355, 27.103788 ], [ 109.456169, 27.10334 ], [ 109.454632, 27.102955 ], [ 109.453278, 27.101709 ], [ 109.453133, 27.099766 ], [ 109.454067, 27.097643 ], [ 109.45496, 27.096896 ], [ 109.458901, 27.098146 ], [ 109.45913, 27.098136 ], [ 109.461331, 27.098064 ], [ 109.462677, 27.098113 ], [ 109.463349, 27.095815 ], [ 109.462814, 27.093361 ], [ 109.461407, 27.092974 ], [ 109.459038, 27.093223 ], [ 109.457394, 27.09316 ], [ 109.457134, 27.092969 ], [ 109.456345, 27.092272 ], [ 109.455948, 27.091883 ], [ 109.455498, 27.090909 ], [ 109.455238, 27.090219 ], [ 109.455101, 27.089822 ], [ 109.455044, 27.089479 ], [ 109.454845, 27.088909 ], [ 109.454716, 27.087986 ], [ 109.45483, 27.087355 ], [ 109.455223, 27.086564 ], [ 109.455597, 27.085809 ], [ 109.45623, 27.085122 ], [ 109.456619, 27.084891 ], [ 109.457317, 27.084537 ], [ 109.457981, 27.084456 ], [ 109.458481, 27.08445 ], [ 109.459122, 27.084395 ], [ 109.459648, 27.08427 ], [ 109.460152, 27.0841 ], [ 109.460728, 27.083919 ], [ 109.461254, 27.08381 ], [ 109.463421, 27.083797 ], [ 109.465149, 27.083799 ], [ 109.46592, 27.08396 ], [ 109.466496, 27.084189 ], [ 109.467144, 27.084529 ], [ 109.467526, 27.084644 ], [ 109.467785, 27.08487 ], [ 109.4683, 27.084987 ], [ 109.46875, 27.085099 ], [ 109.469201, 27.08515 ], [ 109.470028, 27.085201 ], [ 109.470818, 27.0853 ], [ 109.472092, 27.085295 ], [ 109.472798, 27.085229 ], [ 109.473248, 27.08512 ], [ 109.473694, 27.085059 ], [ 109.474267, 27.084944 ], [ 109.474904, 27.084886 ], [ 109.475354, 27.08483 ], [ 109.476246, 27.084817 ], [ 109.476822, 27.084647 ], [ 109.477464, 27.084536 ], [ 109.477712, 27.084411 ], [ 109.478292, 27.083788 ], [ 109.478456, 27.083292 ], [ 109.478482, 27.083213 ], [ 109.478482, 27.082868 ], [ 109.478353, 27.082183 ], [ 109.478078, 27.081148 ], [ 109.477948, 27.080579 ], [ 109.47788, 27.080001 ], [ 109.477811, 27.079722 ], [ 109.477681, 27.079259 ], [ 109.477555, 27.078575 ], [ 109.477479, 27.078295 ], [ 109.477471, 27.077949 ], [ 109.477418, 27.077659 ], [ 109.477341, 27.077374 ], [ 109.477288, 27.076805 ], [ 109.477288, 27.076403 ], [ 109.477212, 27.076001 ], [ 109.477013, 27.075373 ], [ 109.476952, 27.075083 ], [ 109.476754, 27.074803 ], [ 109.476685, 27.074567 ], [ 109.476235, 27.074173 ], [ 109.476048, 27.073885 ], [ 109.475789, 27.073773 ], [ 109.475407, 27.073542 ], [ 109.475079, 27.073433 ], [ 109.474702, 27.073435 ], [ 109.473427, 27.073544 ], [ 109.47292, 27.073667 ], [ 109.472287, 27.073669 ], [ 109.471505, 27.073786 ], [ 109.470864, 27.073845 ], [ 109.470364, 27.073901 ], [ 109.469822, 27.073992 ], [ 109.469388, 27.074053 ], [ 109.469071, 27.074048 ], [ 109.468812, 27.074162 ], [ 109.468552, 27.074168 ], [ 109.468171, 27.074226 ], [ 109.467721, 27.074221 ], [ 109.467465, 27.074173 ], [ 109.467144, 27.074053 ], [ 109.466893, 27.073995 ], [ 109.466565, 27.073832 ], [ 109.466374, 27.0736 ], [ 109.465737, 27.073143 ], [ 109.465348, 27.072977 ], [ 109.464959, 27.072713 ], [ 109.464383, 27.07241 ], [ 109.464001, 27.072176 ], [ 109.463551, 27.072352 ], [ 109.463292, 27.072466 ], [ 109.462914, 27.072698 ], [ 109.462464, 27.072865 ], [ 109.461762, 27.073216 ], [ 109.461442, 27.073275 ], [ 109.460995, 27.073562 ], [ 109.460492, 27.073738 ], [ 109.459519, 27.074025 ], [ 109.458954, 27.074081 ], [ 109.458313, 27.074086 ], [ 109.457706, 27.073887 ], [ 109.457066, 27.07378 ], [ 109.456936, 27.073709 ], [ 109.451736, 27.073665 ], [ 109.449802, 27.072714 ], [ 109.450306, 27.07123 ], [ 109.450989, 27.069048 ], [ 109.452202, 27.068695 ], [ 109.454498, 27.068336 ], [ 109.457241, 27.068534 ], [ 109.458275, 27.068417 ], [ 109.458664, 27.06841 ], [ 109.459176, 27.068468 ], [ 109.459496, 27.06841 ], [ 109.460011, 27.068471 ], [ 109.460522, 27.068468 ], [ 109.461281, 27.068346 ], [ 109.462258, 27.068341 ], [ 109.462948, 27.068117 ], [ 109.463528, 27.068056 ], [ 109.4641, 27.06782 ], [ 109.464608, 27.067474 ], [ 109.465058, 27.067362 ], [ 109.465699, 27.067019 ], [ 109.466397, 27.066609 ], [ 109.466717, 27.066444 ], [ 109.469335, 27.065569 ], [ 109.469716, 27.065401 ], [ 109.470036, 27.065289 ], [ 109.470757, 27.064964 ], [ 109.471147, 27.064796 ], [ 109.47152, 27.064671 ], [ 109.472157, 27.064394 ], [ 109.472791, 27.064048 ], [ 109.473504, 27.063639 ], [ 109.474069, 27.063242 ], [ 109.474576, 27.062777 ], [ 109.475148, 27.062378 ], [ 109.475657891000083, 27.061976873000049 ], [ 109.475659, 27.061976 ], [ 109.476426, 27.061569 ], [ 109.477597, 27.060765 ], [ 109.47807, 27.060361 ], [ 109.478517, 27.059893 ], [ 109.478768, 27.059672 ], [ 109.479149, 27.059381 ], [ 109.479714, 27.058926 ], [ 109.480351, 27.058583 ], [ 109.48111, 27.058122 ], [ 109.481484, 27.05783 ], [ 109.482056, 27.057487 ], [ 109.482377, 27.057258 ], [ 109.482754, 27.05709 ], [ 109.483166, 27.057124 ], [ 109.483616, 27.057292 ], [ 109.483941, 27.057757 ], [ 109.484131, 27.058159 ], [ 109.484261, 27.058675 ], [ 109.484719, 27.059474 ], [ 109.484978, 27.059984 ], [ 109.485165, 27.060322 ], [ 109.485417, 27.060721 ], [ 109.485684, 27.061011 ], [ 109.486073, 27.061525 ], [ 109.486519, 27.061983 ], [ 109.486832, 27.062385 ], [ 109.487282, 27.062613 ], [ 109.488675, 27.063183 ], [ 109.48906, 27.063359 ], [ 109.489632, 27.063529 ], [ 109.490651, 27.063923 ], [ 109.491284, 27.064445 ], [ 109.491414, 27.064729 ], [ 109.491539, 27.065126 ], [ 109.491539, 27.065467 ], [ 109.491494, 27.065818 ], [ 109.491299, 27.065984 ], [ 109.491108, 27.066271 ], [ 109.490158, 27.06707 ], [ 109.489853, 27.067245 ], [ 109.489342, 27.067474 ], [ 109.48909, 27.067479 ], [ 109.48872, 27.067525 ], [ 109.487942, 27.067761 ], [ 109.487572, 27.067932 ], [ 109.487129, 27.067927 ], [ 109.486679, 27.068105 ], [ 109.48637, 27.068331 ], [ 109.485928, 27.06856 ], [ 109.485607, 27.068735 ], [ 109.485107, 27.068964 ], [ 109.484657, 27.069137 ], [ 109.484154, 27.069366 ], [ 109.483837, 27.069595 ], [ 109.483334, 27.069826 ], [ 109.482937, 27.070111 ], [ 109.482419, 27.070484 ], [ 109.481846, 27.070881 ], [ 109.481454, 27.071285 ], [ 109.481335, 27.071519 ], [ 109.481206, 27.071979 ], [ 109.481343, 27.072657 ], [ 109.481469, 27.07312 ], [ 109.481598, 27.073516 ], [ 109.481728, 27.073806 ], [ 109.481995, 27.074841 ], [ 109.482049, 27.075238 ], [ 109.482178, 27.07552 ], [ 109.482308, 27.075864 ], [ 109.482644, 27.076606 ], [ 109.482857, 27.07694 ], [ 109.48383, 27.07872 ], [ 109.484551, 27.08031 ], [ 109.485017, 27.082021 ], [ 109.486233, 27.082639 ], [ 109.488393, 27.08153 ], [ 109.489434, 27.081291 ], [ 109.490029, 27.08166 ], [ 109.49054, 27.081892 ], [ 109.491299, 27.082288 ], [ 109.491818, 27.082522 ], [ 109.493027, 27.082746 ], [ 109.493787, 27.082685 ], [ 109.494416, 27.082515 ], [ 109.494973, 27.082344 ], [ 109.495301, 27.082225 ], [ 109.495484, 27.082222 ], [ 109.495976, 27.082105 ], [ 109.496602, 27.081538 ], [ 109.496732, 27.081251 ], [ 109.497033, 27.080442 ], [ 109.497224, 27.07988 ], [ 109.497331, 27.07942 ], [ 109.49746, 27.079188 ], [ 109.49759, 27.078845 ], [ 109.497781, 27.078563 ], [ 109.49804, 27.078329 ], [ 109.498356, 27.078098 ], [ 109.498989, 27.077877 ], [ 109.499306, 27.077699 ], [ 109.499939, 27.07747 ], [ 109.49997, 27.077388 ], [ 109.500431, 27.076084 ], [ 109.500775, 27.076155 ], [ 109.503205, 27.076605 ], [ 109.505879, 27.076664 ], [ 109.508484, 27.0767 ], [ 109.511429, 27.076408 ], [ 109.513917, 27.076003 ], [ 109.516282, 27.074729 ], [ 109.516858, 27.073984 ], [ 109.517438, 27.072491 ], [ 109.515458, 27.071758 ], [ 109.513154, 27.071704 ], [ 109.510155, 27.071536 ], [ 109.508366, 27.071658 ], [ 109.505825, 27.071335 ], [ 109.507046, 27.06869 ], [ 109.509205, 27.067584 ], [ 109.51125, 27.065863 ], [ 109.512978, 27.064487 ], [ 109.514256, 27.063447 ], [ 109.515156, 27.062127 ], [ 109.514645, 27.058628 ], [ 109.513817, 27.056566 ], [ 109.512673, 27.054336 ], [ 109.512109, 27.052442 ], [ 109.512303, 27.050604 ], [ 109.512685, 27.048999 ], [ 109.513318, 27.046656 ], [ 109.514405, 27.045448 ], [ 109.516392, 27.044065 ], [ 109.519009, 27.042224 ], [ 109.520455, 27.040759 ], [ 109.521035, 27.03921 ], [ 109.521679, 27.036571 ], [ 109.52142, 27.034454 ], [ 109.520973, 27.032968 ], [ 109.521225, 27.030039 ], [ 109.523545, 27.027059 ], [ 109.525528, 27.025215 ], [ 109.528084, 27.023433 ], [ 109.530056, 27.021713 ], [ 109.532291, 27.019581 ], [ 109.534256, 27.01836 ], [ 109.53682, 27.016404 ], [ 109.537647, 27.014684 ], [ 109.537838, 27.013015 ], [ 109.536888, 27.011589 ], [ 109.53542, 27.00913 ], [ 109.536255, 27.006374 ], [ 109.537285, 27.00425 ], [ 109.537671, 27.003505 ], [ 109.538051450000069, 27.00276107600007 ], [ 109.538052, 27.00276 ], [ 109.53793, 27.001153 ], [ 109.537839, 26.999978 ], [ 109.537228, 26.999093 ], [ 109.536095, 26.997661 ], [ 109.534253, 26.996257 ], [ 109.53259, 26.996072 ], [ 109.530122, 26.996408 ], [ 109.528859, 26.996601 ], [ 109.527535, 26.996683 ], [ 109.52636, 26.995976 ], [ 109.526807, 26.994007 ], [ 109.526707, 26.99152 ], [ 109.52615, 26.989367 ], [ 109.525887, 26.987836 ], [ 109.526444, 26.986153 ], [ 109.527997, 26.985064 ], [ 109.529148, 26.984244 ], [ 109.529831, 26.982621 ], [ 109.530327, 26.980999 ], [ 109.53098, 26.980338 ], [ 109.532265, 26.97958 ], [ 109.533684, 26.979637 ], [ 109.53468, 26.980003 ], [ 109.535553, 26.980489 ], [ 109.536614, 26.981626 ], [ 109.538243, 26.983447 ], [ 109.540005, 26.98548 ], [ 109.541516, 26.987016 ], [ 109.542572, 26.987911 ], [ 109.543789, 26.987934 ], [ 109.545311, 26.98741 ], [ 109.545769, 26.986997 ], [ 109.545823, 26.986316 ], [ 109.545968, 26.98535 ], [ 109.545968, 26.984033 ], [ 109.545197, 26.98262 ], [ 109.544407, 26.981285 ], [ 109.543545, 26.980113 ], [ 109.543087, 26.978742 ], [ 109.542763, 26.977329 ], [ 109.542748, 26.975973 ], [ 109.543392, 26.97356 ], [ 109.544293, 26.97121 ], [ 109.546036, 26.969421 ], [ 109.547581, 26.966575 ], [ 109.548409, 26.96434 ], [ 109.549378, 26.961936 ], [ 109.550557, 26.960382 ], [ 109.5523, 26.959137 ], [ 109.553654, 26.958097 ], [ 109.554638, 26.957107 ], [ 109.555245, 26.955823 ], [ 109.555184, 26.955047 ], [ 109.555012, 26.953044 ], [ 109.554051, 26.949741 ], [ 109.553395, 26.947241 ], [ 109.552559, 26.946033 ], [ 109.551323, 26.945268 ], [ 109.549748, 26.945283 ], [ 109.54741, 26.945674 ], [ 109.544464, 26.94585 ], [ 109.542942, 26.946204 ], [ 109.541252, 26.945939 ], [ 109.539372, 26.945662 ], [ 109.537567, 26.945054 ], [ 109.535614, 26.94348 ], [ 109.534088, 26.94203 ], [ 109.532745, 26.940274 ], [ 109.531307, 26.937866 ], [ 109.530998, 26.936052 ], [ 109.531551, 26.934485 ], [ 109.532425, 26.93298 ], [ 109.534012, 26.931412 ], [ 109.534939, 26.930079 ], [ 109.535416, 26.928963 ], [ 109.53539, 26.92812 ], [ 109.53497, 26.927374 ], [ 109.533394, 26.927448 ], [ 109.530198, 26.927962 ], [ 109.527168, 26.928555 ], [ 109.524315, 26.929162 ], [ 109.522514, 26.928608 ], [ 109.520352, 26.92784 ], [ 109.518975, 26.927637 ], [ 109.517774, 26.927891 ], [ 109.516381, 26.928252 ], [ 109.515782, 26.929306 ], [ 109.514665, 26.930634 ], [ 109.513539, 26.932304 ], [ 109.512177, 26.93368 ], [ 109.512173407000034, 26.933680891000051 ], [ 109.511346, 26.933886 ], [ 109.509515, 26.93424 ], [ 109.507786, 26.933814 ], [ 109.506229, 26.933549 ], [ 109.504257, 26.932369 ], [ 109.502426, 26.930915 ], [ 109.501148, 26.929585 ], [ 109.500431, 26.928885 ], [ 109.50013, 26.928552 ], [ 109.499977, 26.928537 ], [ 109.499493, 26.928494 ], [ 109.499241, 26.928494 ], [ 109.49892, 26.928435 ], [ 109.498665, 26.928435 ], [ 109.498154, 26.928322 ], [ 109.497395, 26.927976 ], [ 109.497074, 26.927803 ], [ 109.496311, 26.92734 ], [ 109.495613, 26.926939 ], [ 109.495316, 26.926761 ], [ 109.495255, 26.926728 ], [ 109.494923, 26.926555 ], [ 109.494679, 26.926379 ], [ 109.494107, 26.925921 ], [ 109.493725, 26.925634 ], [ 109.49347, 26.925405 ], [ 109.493157, 26.925059 ], [ 109.492592, 26.924485 ], [ 109.492146, 26.924136 ], [ 109.491887, 26.923849 ], [ 109.491635, 26.923678 ], [ 109.491124, 26.923274 ], [ 109.490441, 26.922758 ], [ 109.490174, 26.922468 ], [ 109.489991, 26.922181 ], [ 109.489865, 26.921948 ], [ 109.489674, 26.921777 ], [ 109.489529, 26.921531 ], [ 109.489527011000064, 26.921529901000042 ], [ 109.486817, 26.920033 ], [ 109.486363, 26.919781 ], [ 109.484593, 26.918738 ], [ 109.482094, 26.917426 ], [ 109.478203, 26.916619 ], [ 109.477768, 26.91653 ], [ 109.475014, 26.916505 ], [ 109.471218, 26.916073 ], [ 109.469399, 26.915428 ], [ 109.466832, 26.913065 ], [ 109.463498, 26.909868 ], [ 109.45966, 26.907963 ], [ 109.454514, 26.906209 ], [ 109.451336, 26.904638 ], [ 109.449822, 26.903308 ], [ 109.44891, 26.900563 ], [ 109.448956, 26.897194 ], [ 109.448918, 26.897138 ], [ 109.447323, 26.895003 ], [ 109.444202, 26.893925 ], [ 109.441269, 26.892811 ], [ 109.438274, 26.891868 ], [ 109.435478, 26.890758 ], [ 109.435226, 26.890069 ], [ 109.434906, 26.889089 ], [ 109.434029, 26.886442 ], [ 109.433331, 26.884338 ], [ 109.433048697000061, 26.882108501000062 ], [ 109.433048, 26.882103 ], [ 109.433701, 26.880798 ], [ 109.435982, 26.878652 ], [ 109.437786, 26.877579 ], [ 109.439201, 26.876043 ], [ 109.440132, 26.875036 ], [ 109.439392, 26.873025 ], [ 109.438831, 26.872419 ], [ 109.437504, 26.871015 ], [ 109.434921, 26.868187 ], [ 109.431874, 26.865743 ], [ 109.431508, 26.864942 ], [ 109.431706, 26.864428 ], [ 109.432808, 26.86359 ], [ 109.435379, 26.86316 ], [ 109.439476, 26.863086 ], [ 109.443127, 26.862896 ], [ 109.445435, 26.863962 ], [ 109.449242, 26.865768 ], [ 109.452729, 26.867401 ], [ 109.453095, 26.868602 ], [ 109.452858, 26.871631 ], [ 109.452245, 26.874997 ], [ 109.452008, 26.876531 ], [ 109.452393, 26.876844 ], [ 109.452714, 26.877184 ], [ 109.453156, 26.877589 ], [ 109.453866, 26.878107 ], [ 109.454236, 26.878337 ], [ 109.454999, 26.878744 ], [ 109.455441, 26.879087 ], [ 109.455815, 26.879319 ], [ 109.456322, 26.879664 ], [ 109.456773, 26.879781 ], [ 109.45773, 26.880244 ], [ 109.458264, 26.880503 ], [ 109.458707, 26.88079 ], [ 109.459348, 26.881194 ], [ 109.459847, 26.881482 ], [ 109.46029, 26.881772 ], [ 109.460549, 26.882059 ], [ 109.460801, 26.88229 ], [ 109.461369, 26.882695 ], [ 109.461743, 26.883153 ], [ 109.461934, 26.883442 ], [ 109.462193, 26.883786 ], [ 109.463463, 26.88557 ], [ 109.464028, 26.885974 ], [ 109.464466, 26.886261 ], [ 109.46555, 26.886839 ], [ 109.465809, 26.887009 ], [ 109.465935, 26.88724 ], [ 109.466255, 26.887472 ], [ 109.46682, 26.887645 ], [ 109.467518, 26.887876 ], [ 109.467839, 26.887937 ], [ 109.46822, 26.88811 ], [ 109.468075, 26.889026 ], [ 109.468151, 26.8896 ], [ 109.468266, 26.890173 ], [ 109.468251, 26.890911 ], [ 109.468312, 26.891773 ], [ 109.468305, 26.892116 ], [ 109.468434, 26.892632 ], [ 109.468549, 26.893034 ], [ 109.468678, 26.893665 ], [ 109.468739, 26.894184 ], [ 109.469045, 26.895155 ], [ 109.469094, 26.895616 ], [ 109.469285, 26.896534 ], [ 109.469468, 26.897625 ], [ 109.47004, 26.898431 ], [ 109.470391, 26.898748 ], [ 109.470581, 26.899038 ], [ 109.470761, 26.89921 ], [ 109.472428, 26.901064 ], [ 109.474072, 26.902562 ], [ 109.475788, 26.903208 ], [ 109.477337, 26.902194 ], [ 109.478886, 26.901291 ], [ 109.480931, 26.901367 ], [ 109.482144, 26.901207 ], [ 109.482102, 26.899836 ], [ 109.483369, 26.898396 ], [ 109.485116, 26.897152 ], [ 109.485654, 26.895499 ], [ 109.484143, 26.89406 ], [ 109.484349, 26.892519 ], [ 109.485341, 26.890914 ], [ 109.486371, 26.890355 ], [ 109.486817, 26.889953 ], [ 109.487076, 26.889554 ], [ 109.487465, 26.888982 ], [ 109.487664, 26.888351 ], [ 109.487919, 26.887779 ], [ 109.488308, 26.887377 ], [ 109.488568, 26.887034 ], [ 109.488888, 26.886693 ], [ 109.489205, 26.886291 ], [ 109.489594, 26.885892 ], [ 109.489861, 26.885493 ], [ 109.490365, 26.885149 ], [ 109.49075, 26.884806 ], [ 109.49107, 26.884636 ], [ 109.491391, 26.884402 ], [ 109.491646, 26.884229 ], [ 109.492157, 26.884058 ], [ 109.493306, 26.883891 ], [ 109.493626, 26.883949 ], [ 109.494645, 26.884468 ], [ 109.495095, 26.88476 ], [ 109.495316, 26.884882 ], [ 109.495464, 26.884971 ], [ 109.496342, 26.88566 ], [ 109.496727, 26.885835 ], [ 109.49704, 26.885891 ], [ 109.49749, 26.885952 ], [ 109.497864, 26.886067 ], [ 109.49818, 26.886125 ], [ 109.498577, 26.886181 ], [ 109.498837, 26.886184 ], [ 109.499153, 26.886186 ], [ 109.499466, 26.886128 ], [ 109.499786, 26.886128 ], [ 109.499973, 26.886095 ], [ 109.500107, 26.886072 ], [ 109.500431, 26.885828 ], [ 109.501465, 26.885813 ], [ 109.504299, 26.885428 ], [ 109.506726, 26.884594 ], [ 109.509064, 26.883558 ], [ 109.511055, 26.882248 ], [ 109.512478, 26.881098 ], [ 109.513214, 26.879763 ], [ 109.513253, 26.878461 ], [ 109.513047, 26.876993 ], [ 109.51336, 26.875246 ], [ 109.514554, 26.873471 ], [ 109.515057, 26.871902 ], [ 109.514973, 26.8706 ], [ 109.514546, 26.870249 ], [ 109.51355, 26.87 ], [ 109.510666, 26.869647 ], [ 109.509312, 26.868823 ], [ 109.508164, 26.867551 ], [ 109.506993, 26.865901 ], [ 109.506772, 26.864991 ], [ 109.506619, 26.863801 ], [ 109.507092, 26.862964 ], [ 109.508808, 26.861633 ], [ 109.510414, 26.860486 ], [ 109.511967, 26.859341 ], [ 109.51268, 26.858571 ], [ 109.512963, 26.857726 ], [ 109.513382, 26.856437 ], [ 109.513169, 26.855473 ], [ 109.512284, 26.853701 ], [ 109.511395, 26.851986 ], [ 109.510339, 26.8497 ], [ 109.509595, 26.847703 ], [ 109.508786, 26.84582 ], [ 109.507676, 26.844057 ], [ 109.506314, 26.841595 ], [ 109.504754, 26.839579 ], [ 109.503186, 26.83756 ], [ 109.502205, 26.836802 ], [ 109.50216, 26.836756 ], [ 109.50124, 26.835818 ], [ 109.500435, 26.835711 ], [ 109.500126, 26.835904 ], [ 109.500054, 26.835925 ], [ 109.499978, 26.835897 ], [ 109.499737, 26.835765 ], [ 109.499485, 26.835711 ], [ 109.499169, 26.835653 ], [ 109.498787, 26.835472 ], [ 109.498528, 26.83547 ], [ 109.498215, 26.835411 ], [ 109.497845, 26.835291 ], [ 109.497448, 26.835289 ], [ 109.497204, 26.835169 ], [ 109.496693, 26.834994 ], [ 109.496437, 26.834821 ], [ 109.496125, 26.834594 ], [ 109.495743, 26.834302 ], [ 109.495438, 26.833785 ], [ 109.495324, 26.833674 ], [ 109.495198, 26.833513 ], [ 109.495072, 26.833279 ], [ 109.495015, 26.833168 ], [ 109.494893, 26.832707 ], [ 109.494706, 26.832308 ], [ 109.494573, 26.832071 ], [ 109.494595, 26.831448 ], [ 109.494664, 26.831097 ], [ 109.494794, 26.830874 ], [ 109.49492, 26.830533 ], [ 109.495324, 26.829836 ], [ 109.495568, 26.829663 ], [ 109.495823, 26.829315 ], [ 109.496025, 26.829088 ], [ 109.496216, 26.828918 ], [ 109.49635, 26.828694 ], [ 109.496544, 26.828359 ], [ 109.496739, 26.828125 ], [ 109.496998, 26.827785 ], [ 109.4972, 26.827444 ], [ 109.497525, 26.826983 ], [ 109.497918, 26.826302 ], [ 109.498043, 26.826025 ], [ 109.498185, 26.825562 ], [ 109.498185, 26.824985 ], [ 109.498009, 26.8243 ], [ 109.497891, 26.824011 ], [ 109.497885730000064, 26.824001352000039 ], [ 109.497578, 26.823438 ], [ 109.497395, 26.823265 ], [ 109.497273, 26.823029 ], [ 109.497078, 26.822858 ], [ 109.49664, 26.82251 ], [ 109.49625, 26.822103 ], [ 109.496071, 26.821922 ], [ 109.495876, 26.821693 ], [ 109.495697, 26.821403 ], [ 109.495324, 26.821 ], [ 109.495152, 26.820736 ], [ 109.494714, 26.820163 ], [ 109.494523, 26.819927 ], [ 109.494401, 26.81964 ], [ 109.494225, 26.819123 ], [ 109.494096, 26.818841 ], [ 109.494035, 26.818554 ], [ 109.493977, 26.818147 ], [ 109.493855, 26.817801 ], [ 109.49381, 26.817287 ], [ 109.493749, 26.816997 ], [ 109.493756, 26.816484 ], [ 109.493695, 26.816087 ], [ 109.493863, 26.814987 ], [ 109.494134, 26.814168 ], [ 109.494721, 26.813112 ], [ 109.495324, 26.812309 ], [ 109.496663, 26.812067 ], [ 109.497002, 26.811955 ], [ 109.498566, 26.811434 ], [ 109.499394, 26.811088 ], [ 109.499978, 26.810111 ], [ 109.500430390000076, 26.808399307000059 ], [ 109.500431, 26.808397 ], [ 109.501763, 26.807644 ], [ 109.503567, 26.806332 ], [ 109.505909, 26.80577 ], [ 109.508244, 26.804908 ], [ 109.509453, 26.80426 ], [ 109.51051, 26.802882 ], [ 109.510388, 26.800957 ], [ 109.510197, 26.799144 ], [ 109.510022, 26.797048 ], [ 109.510037, 26.794846 ], [ 109.510579, 26.793618 ], [ 109.511613, 26.792796 ], [ 109.514229, 26.791675 ], [ 109.516312, 26.791215 ], [ 109.518154, 26.790355 ], [ 109.519654, 26.788867 ], [ 109.519787, 26.788679 ], [ 109.521538, 26.78624 ], [ 109.521940527000083, 26.785461847000079 ], [ 109.521942, 26.785459 ], [ 109.521943, 26.783879 ], [ 109.521485, 26.782399 ], [ 109.520649, 26.781306 ], [ 109.519044, 26.781058 ], [ 109.51706, 26.780442 ], [ 109.516205, 26.779629 ], [ 109.515614, 26.778713 ], [ 109.515332, 26.777462 ], [ 109.515545, 26.774926 ], [ 109.514912, 26.771635 ], [ 109.514432, 26.769026 ], [ 109.513879, 26.767034 ], [ 109.513298, 26.76533 ], [ 109.512547, 26.763502 ], [ 109.512371, 26.762904 ], [ 109.512379, 26.762828 ], [ 109.512387, 26.762708 ], [ 109.512371, 26.761239 ], [ 109.512924, 26.75973 ], [ 109.514935, 26.759779 ], [ 109.516434, 26.75987 ], [ 109.517712, 26.759168 ], [ 109.518143, 26.757599 ], [ 109.518235, 26.75489 ], [ 109.51796, 26.753479 ], [ 109.517922, 26.753293 ], [ 109.51756, 26.752724 ], [ 109.515763, 26.752167 ], [ 109.513405, 26.751488 ], [ 109.511464, 26.751157 ], [ 109.509854, 26.750722 ], [ 109.508111, 26.750226 ], [ 109.507588, 26.749951 ], [ 109.50652, 26.749417 ], [ 109.505097, 26.748875 ], [ 109.50309, 26.74888 ], [ 109.502453, 26.749091 ], [ 109.501995, 26.749755 ], [ 109.501912, 26.749969 ], [ 109.501576, 26.750821 ], [ 109.501374, 26.75344 ], [ 109.501366, 26.753577 ], [ 109.501591, 26.755899 ], [ 109.501828, 26.758336 ], [ 109.502141, 26.760439 ], [ 109.502515, 26.762199 ], [ 109.502408, 26.763493 ], [ 109.503260672000067, 26.765861536000045 ], [ 109.50323092900004, 26.767408185000079 ], [ 109.503974511000081, 26.76862765900006 ], [ 109.504896552000048, 26.770382512000026 ], [ 109.504182713000034, 26.770263539000041 ], [ 109.502398118000087, 26.769847133000042 ], [ 109.500256603000082, 26.769519957000057 ], [ 109.497549966000065, 26.769430727000042 ], [ 109.496155, 26.76949 ], [ 109.495827, 26.769414 ], [ 109.495324, 26.769618 ], [ 109.495091, 26.769742 ], [ 109.494641, 26.770027 ], [ 109.494382, 26.77008 ], [ 109.493989, 26.770195 ], [ 109.493615, 26.770246 ], [ 109.493165, 26.770243 ], [ 109.492856, 26.770185 ], [ 109.492346038000051, 26.770002372000079 ], [ 109.492345, 26.770002 ], [ 109.492093, 26.769892 ], [ 109.491593, 26.769651 ], [ 109.49096, 26.769078 ], [ 109.490277, 26.76855 ], [ 109.48988, 26.768257 ], [ 109.489575, 26.767977 ], [ 109.489385, 26.767685 ], [ 109.489205, 26.767225 ], [ 109.48877, 26.766825 ], [ 109.488587, 26.766245 ], [ 109.488397, 26.766017 ], [ 109.487835, 26.765607 ], [ 109.487461, 26.765315 ], [ 109.487087, 26.764915 ], [ 109.486843, 26.76475 ], [ 109.48658, 26.76457 ], [ 109.486009580000086, 26.763660534000053 ], [ 109.484314214000051, 26.762203114000044 ], [ 109.482589105000045, 26.762292344000059 ], [ 109.479882468000085, 26.762738493000029 ], [ 109.477949156000079, 26.763303615000041 ], [ 109.476239, 26.763566 ], [ 109.476139, 26.763533 ], [ 109.475319, 26.764258 ], [ 109.475174, 26.765453 ], [ 109.474454, 26.767108 ], [ 109.47379, 26.768534 ], [ 109.473592, 26.769043 ], [ 109.473, 26.77018 ], [ 109.471905, 26.770688 ], [ 109.470944, 26.770678 ], [ 109.46867, 26.771021 ], [ 109.466812, 26.771349 ], [ 109.465275, 26.771506 ], [ 109.463616, 26.771206 ], [ 109.462178, 26.77011 ], [ 109.461529, 26.770102 ], [ 109.460503, 26.769975 ], [ 109.460121, 26.770026 ], [ 109.459744, 26.770024 ], [ 109.459423, 26.770075 ], [ 109.459172, 26.769965 ], [ 109.458546, 26.769212 ], [ 109.458294, 26.768867 ], [ 109.458103, 26.768574 ], [ 109.457985, 26.768348 ], [ 109.45752, 26.76786 ], [ 109.4572, 26.767567 ], [ 109.456956, 26.767278 ], [ 109.456704, 26.767049 ], [ 109.456315, 26.766642 ], [ 109.456143, 26.766466 ], [ 109.456013, 26.766176 ], [ 109.45583, 26.765833 ], [ 109.455586, 26.765547 ], [ 109.455135, 26.765267 ], [ 109.455006, 26.765114 ], [ 109.45483, 26.764911 ], [ 109.454769, 26.764631 ], [ 109.454586, 26.764341 ], [ 109.454476, 26.764115 ], [ 109.454285, 26.763878 ], [ 109.454025, 26.763705 ], [ 109.453514, 26.76353 ], [ 109.453262, 26.763464 ], [ 109.452751, 26.763408 ], [ 109.452305, 26.76352 ], [ 109.451862, 26.763571 ], [ 109.451214, 26.763853 ], [ 109.450523, 26.76401 ], [ 109.450256, 26.764189 ], [ 109.449883, 26.76429 ], [ 109.449776, 26.764344 ], [ 109.445534, 26.764211 ], [ 109.44315, 26.764004 ], [ 109.440667, 26.763351 ], [ 109.439526, 26.762654 ], [ 109.438519, 26.761446 ], [ 109.437214, 26.75943 ], [ 109.437321, 26.759094 ], [ 109.43726, 26.758697 ], [ 109.437016, 26.758115 ], [ 109.436833, 26.757718 ], [ 109.436467, 26.756848 ], [ 109.436409, 26.756503 ], [ 109.436165, 26.755816 ], [ 109.436051, 26.755353 ], [ 109.43599, 26.754956 ], [ 109.435997, 26.754493 ], [ 109.435936, 26.754038 ], [ 109.436005, 26.75369 ], [ 109.435944, 26.753402 ], [ 109.435913, 26.75329 ], [ 109.43583, 26.752947 ], [ 109.435715, 26.752207 ], [ 109.435601, 26.751744 ], [ 109.43541, 26.751342 ], [ 109.435349, 26.751052 ], [ 109.435227, 26.750709 ], [ 109.434845, 26.750704 ], [ 109.434464, 26.750638 ], [ 109.434204, 26.750635 ], [ 109.433831, 26.750693 ], [ 109.433434, 26.750574 ], [ 109.432873, 26.750505 ], [ 109.432599, 26.750445 ], [ 109.431325, 26.750435 ], [ 109.431065, 26.750539 ], [ 109.430623, 26.750534 ], [ 109.430234, 26.750595 ], [ 109.42973, 26.750646 ], [ 109.429413, 26.750641 ], [ 109.428963, 26.750745 ], [ 109.428567, 26.750803 ], [ 109.428261, 26.750801 ], [ 109.427552, 26.750903 ], [ 109.4273, 26.750847 ], [ 109.426919, 26.750895 ], [ 109.426278, 26.750773 ], [ 109.425904, 26.750831 ], [ 109.425454, 26.750819 ], [ 109.424428, 26.750925 ], [ 109.424046, 26.750867 ], [ 109.423787, 26.750915 ], [ 109.422963, 26.75074 ], [ 109.422131, 26.75073 ], [ 109.421681, 26.750544 ], [ 109.421117, 26.750259 ], [ 109.420865, 26.750076 ], [ 109.420685, 26.749997 ], [ 109.420613, 26.749964 ], [ 109.420308, 26.749672 ], [ 109.419552, 26.749246 ], [ 109.419243, 26.74919 ], [ 109.418923, 26.749014 ], [ 109.41848, 26.748946 ], [ 109.417656, 26.748648 ], [ 109.417275, 26.748473 ], [ 109.416893, 26.748414 ], [ 109.416321, 26.748289 ], [ 109.41581, 26.748114 ], [ 109.41536, 26.747936 ], [ 109.414856, 26.747697 ], [ 109.414475, 26.747585 ], [ 109.414032, 26.747407 ], [ 109.413781, 26.747287 ], [ 109.41346, 26.747221 ], [ 109.413216, 26.746989 ], [ 109.412896, 26.746814 ], [ 109.412705, 26.746641 ], [ 109.412392, 26.746519 ], [ 109.412072, 26.746346 ], [ 109.411576, 26.745825 ], [ 109.411003, 26.745469 ], [ 109.410813, 26.745293 ], [ 109.4105, 26.745067 ], [ 109.408920199000079, 26.743588987000066 ], [ 109.407149880000077, 26.742503953000039 ], [ 109.405379561000075, 26.741304705000061 ], [ 109.404675241000064, 26.740010278000057 ], [ 109.405265347000068, 26.738239959000055 ], [ 109.406521702000077, 26.737592746000075 ], [ 109.408082629000035, 26.737840210000059 ], [ 109.409681626000065, 26.738144781000074 ], [ 109.412061087000041, 26.736964568000076 ], [ 109.413521, 26.73617 ], [ 109.413849, 26.735542 ], [ 109.414116, 26.735082 ], [ 109.414254, 26.734744 ], [ 109.414375, 26.734294 ], [ 109.414383, 26.733831 ], [ 109.414398, 26.73349 ], [ 109.414406, 26.732793 ], [ 109.414345, 26.732282 ], [ 109.414421, 26.731822 ], [ 109.414436, 26.731028 ], [ 109.414253, 26.730502 ], [ 109.414192, 26.730225 ], [ 109.414001, 26.729876 ], [ 109.413948, 26.72964 ], [ 109.413765, 26.729179 ], [ 109.413513, 26.72878 ], [ 109.413086, 26.728146 ], [ 109.412835, 26.7278 ], [ 109.412651, 26.727508 ], [ 109.412156, 26.727043 ], [ 109.41182, 26.726867 ], [ 109.411454, 26.726641 ], [ 109.411011, 26.726399 ], [ 109.4105, 26.726168 ], [ 109.410256, 26.725985 ], [ 109.409806, 26.725753 ], [ 109.409554, 26.725751 ], [ 109.409302, 26.725631 ], [ 109.408791, 26.725506 ], [ 109.408226, 26.725105 ], [ 109.407959, 26.724983 ], [ 109.407662, 26.724699 ], [ 109.406518, 26.724516 ], [ 109.406274, 26.72446 ], [ 109.405434, 26.724332 ], [ 109.40511, 26.724266 ], [ 109.404668, 26.724205 ], [ 109.404408, 26.724203 ], [ 109.403645, 26.724366 ], [ 109.402806, 26.724638 ], [ 109.402425, 26.724867 ], [ 109.401974, 26.725034 ], [ 109.401776, 26.725256 ], [ 109.401456, 26.725423 ], [ 109.401257, 26.725647 ], [ 109.401128, 26.725935 ], [ 109.400609, 26.72639 ], [ 109.40022, 26.727125 ], [ 109.400014, 26.727356 ], [ 109.399831, 26.727527 ], [ 109.399564, 26.727804 ], [ 109.399358, 26.728262 ], [ 109.399098, 26.728546 ], [ 109.398778, 26.728714 ], [ 109.398389, 26.728999 ], [ 109.398129, 26.729223 ], [ 109.397939, 26.729444 ], [ 109.397549, 26.729782 ], [ 109.39716, 26.730065 ], [ 109.396954, 26.730238 ], [ 109.39671, 26.730349 ], [ 109.396447, 26.730517 ], [ 109.39586, 26.731079 ], [ 109.3956, 26.731474 ], [ 109.395463, 26.731825 ], [ 109.395264, 26.732389 ], [ 109.395028, 26.732576 ], [ 109.394578, 26.732795 ], [ 109.393556, 26.732849 ], [ 109.393113, 26.73278 ], [ 109.392793, 26.732831 ], [ 109.392533, 26.732772 ], [ 109.392289, 26.732482 ], [ 109.3919, 26.732531 ], [ 109.391576, 26.732472 ], [ 109.391004, 26.732467 ], [ 109.390622, 26.732409 ], [ 109.39005, 26.732337 ], [ 109.3896, 26.732332 ], [ 109.389356, 26.732274 ], [ 109.388905, 26.732205 ], [ 109.387753, 26.732192 ], [ 109.387109, 26.732131 ], [ 109.386475, 26.732116 ], [ 109.385201691000077, 26.732098010000072 ], [ 109.385201, 26.732098 ], [ 109.384866, 26.732157 ], [ 109.384046, 26.732139 ], [ 109.383595, 26.732251 ], [ 109.383275, 26.732302 ], [ 109.382954, 26.732416 ], [ 109.381825, 26.732521 ], [ 109.380776, 26.732523 ], [ 109.380281, 26.73245 ], [ 109.379716, 26.732442 ], [ 109.379334, 26.732376 ], [ 109.378884, 26.732368 ], [ 109.37869, 26.732193 ], [ 109.378324, 26.732073 ], [ 109.377927, 26.731788 ], [ 109.377553, 26.731603 ], [ 109.377309, 26.731033 ], [ 109.377187, 26.730687 ], [ 109.377316, 26.730456 ], [ 109.377316, 26.730006 ], [ 109.377522, 26.729599 ], [ 109.377599, 26.729261 ], [ 109.377728, 26.728971 ], [ 109.377858, 26.728747 ], [ 109.378247, 26.727948 ], [ 109.378583, 26.727663 ], [ 109.378842, 26.727386 ], [ 109.379037, 26.727155 ], [ 109.379487, 26.726987 ], [ 109.379746, 26.726819 ], [ 109.380204, 26.726483 ], [ 109.380456, 26.726318 ], [ 109.380654, 26.726092 ], [ 109.381425, 26.725759 ], [ 109.381879, 26.725647 ], [ 109.382138, 26.725657 ], [ 109.382459, 26.725545 ], [ 109.382809, 26.725309 ], [ 109.383198, 26.725026 ], [ 109.383519, 26.724805 ], [ 109.384297, 26.724353 ], [ 109.384617, 26.724185 ], [ 109.384949, 26.7239 ], [ 109.385399, 26.723562 ], [ 109.385727, 26.723223 ], [ 109.385987, 26.722939 ], [ 109.386254, 26.722768 ], [ 109.386757, 26.722209 ], [ 109.386971, 26.72187 ], [ 109.38717, 26.721476 ], [ 109.387238, 26.721071 ], [ 109.387437, 26.720848 ], [ 109.387505, 26.720504 ], [ 109.387452, 26.719874 ], [ 109.387269, 26.719413 ], [ 109.387032, 26.718894 ], [ 109.386971, 26.718658 ], [ 109.386765, 26.718482 ], [ 109.386521, 26.718083 ], [ 109.386277, 26.717844 ], [ 109.385842, 26.717496 ], [ 109.385575, 26.717208 ], [ 109.384694, 26.716799 ], [ 109.384198, 26.716333 ], [ 109.383748, 26.716092 ], [ 109.383496, 26.715866 ], [ 109.383175, 26.715511 ], [ 109.382794, 26.715444 ], [ 109.382051, 26.715231 ], [ 109.381166, 26.715104 ], [ 109.380914, 26.715048 ], [ 109.380525, 26.715043 ], [ 109.380273, 26.714974 ], [ 109.379968, 26.714799 ], [ 109.379514, 26.714796 ], [ 109.378934, 26.714842 ], [ 109.378102, 26.714832 ], [ 109.377591, 26.714771 ], [ 109.37721, 26.714702 ], [ 109.376634, 26.714471 ], [ 109.375993, 26.714293 ], [ 109.375497, 26.714051 ], [ 109.375024, 26.713865 ], [ 109.374539, 26.713695 ], [ 109.374295, 26.713629 ], [ 109.37383, 26.713456 ], [ 109.373593, 26.713224 ], [ 109.373151, 26.712929 ], [ 109.372899, 26.712701 ], [ 109.372445, 26.712342 ], [ 109.371888, 26.711767 ], [ 109.371522, 26.711421 ], [ 109.371072, 26.710839 ], [ 109.370507, 26.710369 ], [ 109.370324, 26.710137 ], [ 109.370236, 26.710038 ], [ 109.369786, 26.709636 ], [ 109.369404, 26.709221 ], [ 109.369153, 26.708931 ], [ 109.368779, 26.70858 ], [ 109.368588, 26.70829 ], [ 109.368271, 26.708061 ], [ 109.368081, 26.707886 ], [ 109.367585, 26.707474 ], [ 109.367142, 26.706902 ], [ 109.366707, 26.706434 ], [ 109.366078, 26.705678 ], [ 109.365696, 26.705276 ], [ 109.365384, 26.705037 ], [ 109.364567, 26.70417 ], [ 109.364197, 26.703758 ], [ 109.363373, 26.702888 ], [ 109.363137, 26.702543 ], [ 109.362561, 26.702014 ], [ 109.361287, 26.703486 ], [ 109.360367, 26.704447 ], [ 109.35952, 26.705635 ], [ 109.35841, 26.706879 ], [ 109.357148, 26.706717 ], [ 109.355759, 26.705267 ], [ 109.354977, 26.705654 ], [ 109.353234, 26.706318 ], [ 109.350781, 26.707086 ], [ 109.348668, 26.706656 ], [ 109.346688, 26.705773 ], [ 109.343781, 26.704433 ], [ 109.343697, 26.704591 ], [ 109.343377, 26.704756 ], [ 109.343056, 26.704815 ], [ 109.342358, 26.705089 ], [ 109.342099, 26.705138 ], [ 109.341778, 26.705077 ], [ 109.341381, 26.704955 ], [ 109.340943, 26.704843 ], [ 109.340432, 26.704769 ], [ 109.34005, 26.70465 ], [ 109.33955, 26.704471 ], [ 109.339291, 26.704349 ], [ 109.338971, 26.704174 ], [ 109.338719, 26.704062 ], [ 109.33796, 26.703353 ], [ 109.336724, 26.704403 ], [ 109.334137, 26.7054 ], [ 109.331963, 26.706183 ], [ 109.331056, 26.707253 ], [ 109.329442, 26.707292 ], [ 109.327069, 26.707086 ], [ 109.323651, 26.707612 ], [ 109.320237, 26.709132 ], [ 109.317791, 26.710125 ], [ 109.316162, 26.711186 ], [ 109.314541, 26.712536 ], [ 109.312534, 26.713024 ], [ 109.310028, 26.713449 ], [ 109.307961, 26.713592 ], [ 109.306324, 26.713362 ], [ 109.30473, 26.712714 ], [ 109.304181, 26.712271 ], [ 109.303586, 26.711786 ], [ 109.302514, 26.710514 ], [ 109.301457, 26.708612 ], [ 109.300969, 26.706608 ], [ 109.299973, 26.704535 ], [ 109.298253, 26.703599 ], [ 109.296189, 26.70397 ], [ 109.294323, 26.7047 ], [ 109.290554, 26.705766 ], [ 109.289875, 26.705954 ], [ 109.28814, 26.705705 ], [ 109.287777, 26.705394 ], [ 109.287106, 26.704815 ], [ 109.286999, 26.704721 ], [ 109.285858, 26.703619 ], [ 109.285034, 26.70286 ], [ 109.28524, 26.702237 ], [ 109.287441, 26.701006 ], [ 109.288033, 26.700386 ], [ 109.287274, 26.699345 ], [ 109.286072, 26.697848 ], [ 109.285057, 26.697026 ], [ 109.28508, 26.696725 ], [ 109.285553, 26.69581 ], [ 109.285744, 26.695365 ], [ 109.286003, 26.694905 ], [ 109.286141, 26.694564 ], [ 109.286209, 26.69422 ], [ 109.286488, 26.693648 ], [ 109.286488, 26.693369 ], [ 109.286816, 26.692743 ], [ 109.286946, 26.692506 ], [ 109.287144, 26.692115 ], [ 109.287541, 26.691433 ], [ 109.287731, 26.691148 ], [ 109.288067, 26.690584 ], [ 109.288201, 26.690296 ], [ 109.288399, 26.690009 ], [ 109.288529, 26.689785 ], [ 109.288666, 26.689391 ], [ 109.289002, 26.688992 ], [ 109.289131, 26.688765 ], [ 109.28965, 26.688086 ], [ 109.290039, 26.687631 ], [ 109.290169, 26.687407 ], [ 109.290371, 26.68724 ], [ 109.290692, 26.686838 ], [ 109.291142, 26.686619 ], [ 109.291661, 26.68622 ], [ 109.292118, 26.685828 ], [ 109.292572, 26.685543 ], [ 109.293289, 26.684933 ], [ 109.293473, 26.684702 ], [ 109.293999, 26.684263 ], [ 109.294331, 26.683688 ], [ 109.294598, 26.68335 ], [ 109.294796, 26.682953 ], [ 109.294987, 26.682668 ], [ 109.295063, 26.682381 ], [ 109.295391, 26.68187 ], [ 109.295915, 26.680785 ], [ 109.295983, 26.680495 ], [ 109.296113, 26.680154 ], [ 109.296388, 26.679358 ], [ 109.296655, 26.678847 ], [ 109.296715, 26.678331 ], [ 109.296792, 26.678044 ], [ 109.296753, 26.677655 ], [ 109.296746, 26.676841 ], [ 109.296814, 26.676609 ], [ 109.296875, 26.676266 ], [ 109.296891, 26.675923 ], [ 109.297081, 26.675755 ], [ 109.297219, 26.675241 ], [ 109.297242, 26.674494 ], [ 109.297242, 26.674214 ], [ 109.297204, 26.673748 ], [ 109.297066, 26.673003 ], [ 109.297005, 26.672721 ], [ 109.297005, 26.67237 ], [ 109.296906, 26.671747 ], [ 109.296845, 26.671457 ], [ 109.296724461000053, 26.671170473000075 ], [ 109.296723, 26.671167 ], [ 109.296609, 26.670597 ], [ 109.296616, 26.670107 ], [ 109.296624, 26.669847 ], [ 109.296693, 26.669506 ], [ 109.296822, 26.669219 ], [ 109.297089, 26.668708 ], [ 109.297227, 26.668248 ], [ 109.297357, 26.668024 ], [ 109.297555, 26.667856 ], [ 109.297753, 26.667464 ], [ 109.297959, 26.667007 ], [ 109.298093, 26.666773 ], [ 109.298139, 26.666676 ], [ 109.298352, 26.666208 ], [ 109.298551, 26.665984 ], [ 109.298612, 26.665756 ], [ 109.29881, 26.665588 ], [ 109.299069, 26.665301 ], [ 109.299519, 26.665138 ], [ 109.299905, 26.665151 ], [ 109.300225, 26.665093 ], [ 109.300675, 26.664991 ], [ 109.302785, 26.665019 ], [ 109.3033, 26.66508 ], [ 109.303803, 26.665098 ], [ 109.304063, 26.665037 ], [ 109.304707, 26.664991 ], [ 109.305219, 26.664772 ], [ 109.305478, 26.664607 ], [ 109.305737, 26.664375 ], [ 109.305997, 26.664269 ], [ 109.306451, 26.663869 ], [ 109.30684, 26.663478 ], [ 109.307168, 26.663022 ], [ 109.307313, 26.662799 ], [ 109.307572, 26.662287 ], [ 109.307626, 26.662053 ], [ 109.307965, 26.661436 ], [ 109.308064, 26.660952 ], [ 109.308392, 26.660383 ], [ 109.308651, 26.660105 ], [ 109.30891, 26.659874 ], [ 109.309177, 26.65953 ], [ 109.309494, 26.659252 ], [ 109.31002, 26.658856 ], [ 109.310524, 26.658634 ], [ 109.310921, 26.658416 ], [ 109.311184, 26.658304 ], [ 109.311695, 26.658192 ], [ 109.312782, 26.658207 ], [ 109.313164, 26.658276 ], [ 109.313423, 26.658278 ], [ 109.313927, 26.658339 ], [ 109.314503, 26.658464 ], [ 109.314762, 26.658703 ], [ 109.315083, 26.658815 ], [ 109.315456, 26.658993 ], [ 109.315964, 26.659115 ], [ 109.316544, 26.659072 ], [ 109.316986, 26.659077 ], [ 109.317364, 26.659026 ], [ 109.317623, 26.659031 ], [ 109.31789, 26.658978 ], [ 109.31834, 26.658815 ], [ 109.319107, 26.658418 ], [ 109.319504, 26.658253 ], [ 109.320007, 26.657981 ], [ 109.320278, 26.657749 ], [ 109.320782, 26.657397 ], [ 109.321297, 26.657125 ], [ 109.321553, 26.65701 ], [ 109.322006, 26.656728 ], [ 109.322266, 26.656507 ], [ 109.322464, 26.656283 ], [ 109.323044, 26.655884 ], [ 109.323818, 26.655553 ], [ 109.324074, 26.655556 ], [ 109.324917, 26.655342 ], [ 109.325428, 26.655233 ], [ 109.325875, 26.655067 ], [ 109.326195, 26.654676 ], [ 109.326527, 26.654391 ], [ 109.326725, 26.654167 ], [ 109.327046, 26.653829 ], [ 109.327366, 26.653608 ], [ 109.327821, 26.652933 ], [ 109.328023, 26.652699 ], [ 109.328282, 26.65236 ], [ 109.328599, 26.651969 ], [ 109.328858, 26.651801 ], [ 109.329446, 26.651348 ], [ 109.330293, 26.650901 ], [ 109.330609, 26.650794 ], [ 109.33125, 26.650804 ], [ 109.331777, 26.650758 ], [ 109.331782051000062, 26.650759292000032 ], [ 109.332215, 26.65087 ], [ 109.332654, 26.650941 ], [ 109.333069, 26.6511 ], [ 109.334279, 26.651695 ], [ 109.33453, 26.651807 ], [ 109.334851, 26.651926 ], [ 109.335556, 26.652173 ], [ 109.335801, 26.652229 ], [ 109.336121, 26.652468 ], [ 109.33656, 26.652872 ], [ 109.33688, 26.653218 ], [ 109.337216, 26.653453 ], [ 109.337391, 26.653682 ], [ 109.337704, 26.653975 ], [ 109.338539, 26.654615 ], [ 109.339226, 26.654799 ], [ 109.339802, 26.654921 ], [ 109.340634, 26.654936 ], [ 109.341026, 26.655055 ], [ 109.341843, 26.655353 ], [ 109.342224, 26.655531 ], [ 109.342594, 26.655653 ], [ 109.342991, 26.655828 ], [ 109.343304, 26.65594 ], [ 109.343678, 26.656182 ], [ 109.344002, 26.656357 ], [ 109.344254, 26.656416 ], [ 109.344689, 26.656591 ], [ 109.345024, 26.65678 ], [ 109.34539, 26.657062 ], [ 109.345608, 26.657163 ], [ 109.34599, 26.657455 ], [ 109.34631, 26.657687 ], [ 109.346501, 26.65786 ], [ 109.346867, 26.658272 ], [ 109.347504, 26.658857 ], [ 109.347748, 26.659142 ], [ 109.348061, 26.659434 ], [ 109.348237, 26.65972 ], [ 109.348988, 26.660414 ], [ 109.349179, 26.660653 ], [ 109.349492, 26.660946 ], [ 109.349927, 26.661467 ], [ 109.350373, 26.661762 ], [ 109.350625, 26.661991 ], [ 109.350876, 26.662164 ], [ 109.351571, 26.662688 ], [ 109.351887, 26.662863 ], [ 109.352269, 26.663049 ], [ 109.352528, 26.663054 ], [ 109.35291, 26.662886 ], [ 109.353432, 26.662604 ], [ 109.354149, 26.661874 ], [ 109.35434, 26.661643 ], [ 109.354729, 26.661365 ], [ 109.354928, 26.660963 ], [ 109.355196489000036, 26.660626891000049 ], [ 109.355198, 26.660625 ], [ 109.355382, 26.66017 ], [ 109.355527, 26.659717 ], [ 109.35561, 26.65937 ], [ 109.355686, 26.658226 ], [ 109.355519, 26.657539 ], [ 109.355473, 26.657023 ], [ 109.355397, 26.65668 ], [ 109.355351, 26.656219 ], [ 109.355374, 26.655362 ], [ 109.355294, 26.654958 ], [ 109.355313, 26.654676 ], [ 109.355252, 26.654386 ], [ 109.355126, 26.653987 ], [ 109.354958, 26.652714 ], [ 109.354973, 26.65145 ], [ 109.354988, 26.651165 ], [ 109.355057, 26.650652 ], [ 109.355065, 26.650135 ], [ 109.35508, 26.649741 ], [ 109.355019, 26.649164 ], [ 109.355088, 26.648877 ], [ 109.355103, 26.648187 ], [ 109.355179, 26.647793 ], [ 109.355309, 26.647506 ], [ 109.355557, 26.647056 ], [ 109.355763, 26.646428 ], [ 109.355893, 26.646202 ], [ 109.356228, 26.64552 ], [ 109.356541, 26.64524 ], [ 109.356679, 26.645016 ], [ 109.357129, 26.644625 ], [ 109.357331, 26.644337 ], [ 109.357842, 26.643853 ], [ 109.357971, 26.643631 ], [ 109.35836, 26.6434 ], [ 109.358681, 26.643179 ], [ 109.359333, 26.642843 ], [ 109.359715, 26.642734 ], [ 109.360233, 26.642566 ], [ 109.361008, 26.642243 ], [ 109.361458, 26.642078 ], [ 109.361778, 26.64191 ], [ 109.361824, 26.641877 ], [ 109.362828, 26.639914 ], [ 109.363164, 26.638889 ], [ 109.362866, 26.637572 ], [ 109.363019, 26.635916 ], [ 109.364064, 26.63484 ], [ 109.364915, 26.633883 ], [ 109.366578, 26.633903 ], [ 109.367596, 26.634604 ], [ 109.370087, 26.635817 ], [ 109.370324, 26.635616 ], [ 109.370606, 26.635485 ], [ 109.370797, 26.635317 ], [ 109.371189, 26.635096 ], [ 109.371579, 26.634928 ], [ 109.37183, 26.63476 ], [ 109.372158, 26.634592 ], [ 109.372548, 26.634372 ], [ 109.373006, 26.634034 ], [ 109.373391, 26.633802 ], [ 109.373589, 26.633634 ], [ 109.374108, 26.633243 ], [ 109.374429, 26.633024 ], [ 109.374573, 26.632856 ], [ 109.374474, 26.63267 ], [ 109.373605, 26.630946 ], [ 109.373242, 26.629285 ], [ 109.372884, 26.627343 ], [ 109.372861, 26.625057 ], [ 109.372815, 26.623803 ], [ 109.371472, 26.623096 ], [ 109.372067, 26.621675 ], [ 109.373562, 26.620325 ], [ 109.375023, 26.618733 ], [ 109.375328, 26.618402 ], [ 109.376934, 26.616599 ], [ 109.377087, 26.616426 ], [ 109.378277, 26.614101 ], [ 109.37883, 26.611764 ], [ 109.379372, 26.60977 ], [ 109.380043, 26.60806 ], [ 109.38226, 26.605974 ], [ 109.385018, 26.604452 ], [ 109.386879, 26.604251 ], [ 109.386376, 26.603556 ], [ 109.384534, 26.601531 ], [ 109.383092, 26.599855 ], [ 109.381165, 26.597676 ], [ 109.379464, 26.595711 ], [ 109.379346, 26.594854 ], [ 109.379563, 26.593313 ], [ 109.379147, 26.591306 ], [ 109.379387, 26.590769 ], [ 109.37967, 26.590174 ], [ 109.381676, 26.589114 ], [ 109.383138, 26.588077 ], [ 109.384763, 26.586727 ], [ 109.38485, 26.586625 ], [ 109.385873, 26.585428 ], [ 109.385121, 26.584455 ], [ 109.384873, 26.583349 ], [ 109.384762, 26.582853 ], [ 109.384037, 26.580157 ], [ 109.382241, 26.577804 ], [ 109.38083, 26.57433 ], [ 109.380997, 26.574332 ], [ 109.381577, 26.574223 ], [ 109.382531, 26.574243 ], [ 109.38282, 26.574167 ], [ 109.383465, 26.574119 ], [ 109.383839, 26.574068 ], [ 109.384175, 26.574012 ], [ 109.384678, 26.574027 ], [ 109.385823, 26.574213 ], [ 109.386074, 26.574269 ], [ 109.386513, 26.574337 ], [ 109.386978, 26.574393 ], [ 109.387223, 26.574454 ], [ 109.387604, 26.574637 ], [ 109.387856, 26.57464 ], [ 109.388046, 26.574815 ], [ 109.388359, 26.574991 ], [ 109.388733, 26.575393 ], [ 109.388993, 26.575568 ], [ 109.389244, 26.575688 ], [ 109.389687, 26.575756 ], [ 109.390522, 26.575767 ], [ 109.391026, 26.575708 ], [ 109.391613, 26.575489 ], [ 109.391812, 26.575319 ], [ 109.391838, 26.575276 ], [ 109.391846, 26.575212 ], [ 109.391911, 26.575187 ], [ 109.393864, 26.574904 ], [ 109.394325, 26.574281 ], [ 109.393589, 26.573239 ], [ 109.391995, 26.570823 ], [ 109.389901, 26.569371 ], [ 109.389909, 26.56857 ], [ 109.391477, 26.567105 ], [ 109.392651, 26.565861 ], [ 109.39262, 26.564147 ], [ 109.392323, 26.562598 ], [ 109.393116, 26.561067 ], [ 109.393986, 26.558503 ], [ 109.394902, 26.557374 ], [ 109.397011, 26.55675 ], [ 109.39914, 26.555804 ], [ 109.400193, 26.554329 ], [ 109.400612, 26.552112 ], [ 109.400391, 26.549879 ], [ 109.400406, 26.548796 ], [ 109.401894, 26.547671 ], [ 109.402756, 26.546023 ], [ 109.404114, 26.543643 ], [ 109.404423, 26.543269 ], [ 109.404675, 26.542616 ], [ 109.404797, 26.542089 ], [ 109.404732, 26.541217 ], [ 109.404275, 26.540278 ], [ 109.403405, 26.538414 ], [ 109.402749, 26.537417 ], [ 109.402131, 26.536151 ], [ 109.401246, 26.535833 ], [ 109.398057, 26.534993 ], [ 109.393833, 26.534673 ], [ 109.391724, 26.534015 ], [ 109.389809, 26.533191 ], [ 109.387905, 26.531795 ], [ 109.384331, 26.530668 ], [ 109.381413, 26.530424 ], [ 109.380337, 26.529265 ], [ 109.378594, 26.525758 ], [ 109.377473, 26.524517 ], [ 109.376583078000067, 26.522093624000036 ], [ 109.376440310000078, 26.520094877000076 ], [ 109.376293, 26.516929 ], [ 109.376248, 26.514982 ], [ 109.376477, 26.514455 ], [ 109.376607, 26.514231 ], [ 109.376805, 26.514 ], [ 109.376881, 26.513601 ], [ 109.377064, 26.513382 ], [ 109.377194, 26.513151 ], [ 109.377461, 26.5127 ], [ 109.37766, 26.51253 ], [ 109.377793, 26.512299 ], [ 109.377984, 26.512128 ], [ 109.378182, 26.511907 ], [ 109.378564, 26.511673 ], [ 109.378762, 26.511508 ], [ 109.379021, 26.511398 ], [ 109.379723, 26.510948 ], [ 109.379983, 26.510897 ], [ 109.380303, 26.510729 ], [ 109.380757, 26.510681 ], [ 109.381139, 26.510623 ], [ 109.381512, 26.510516 ], [ 109.381901, 26.510462 ], [ 109.382169, 26.510465 ], [ 109.382619, 26.510414 ], [ 109.38284, 26.510342 ], [ 109.382962183000075, 26.510323673000073 ], [ 109.38316, 26.510294 ], [ 109.383546, 26.510296 ], [ 109.383805, 26.510238 ], [ 109.384057, 26.510241 ], [ 109.385132, 26.510024 ], [ 109.387500045000081, 26.509493902000031 ], [ 109.389213257000051, 26.508675367000023 ], [ 109.390165041000046, 26.507685511000034 ], [ 109.390812255000071, 26.50646722700003 ], [ 109.389936613000089, 26.504811123000025 ], [ 109.388432794000039, 26.503573803000052 ], [ 109.38757, 26.502808 ], [ 109.387128, 26.502498 ], [ 109.386807, 26.502437 ], [ 109.386429, 26.502147 ], [ 109.386109, 26.501918 ], [ 109.385796, 26.50174 ], [ 109.385415, 26.501555 ], [ 109.385239, 26.501382 ], [ 109.384843, 26.50115 ], [ 109.384598, 26.500977 ], [ 109.384034, 26.500629 ], [ 109.383366, 26.500014 ], [ 109.383214, 26.499869 ], [ 109.382733, 26.49954 ], [ 109.382489, 26.499301 ], [ 109.382039, 26.498899 ], [ 109.381787, 26.498662 ], [ 109.381604, 26.498436 ], [ 109.381352, 26.498144 ], [ 109.381032, 26.497966 ], [ 109.380913, 26.497739 ], [ 109.380593, 26.497447 ], [ 109.379838, 26.496516 ], [ 109.379342, 26.496168 ], [ 109.379159, 26.495995 ], [ 109.378838, 26.495583 ], [ 109.378724, 26.495354 ], [ 109.378285, 26.494665 ], [ 109.378171, 26.494429 ], [ 109.377965, 26.494256 ], [ 109.377721, 26.49391 ], [ 109.377408, 26.493671 ], [ 109.377217, 26.493495 ], [ 109.376965, 26.493437 ], [ 109.376324, 26.493432 ], [ 109.375947, 26.493193 ], [ 109.375695, 26.49319 ], [ 109.375024, 26.49302 ], [ 109.374993, 26.493012 ], [ 109.374741, 26.493004 ], [ 109.374291, 26.493055 ], [ 109.373841, 26.492941 ], [ 109.373597, 26.492938 ], [ 109.372891, 26.492867 ], [ 109.37238, 26.49274 ], [ 109.371995, 26.492631 ], [ 109.37156, 26.492445 ], [ 109.371178, 26.492211 ], [ 109.370866, 26.491982 ], [ 109.370614, 26.491692 ], [ 109.370331, 26.491518 ], [ 109.370259, 26.491475 ], [ 109.370075, 26.49119 ], [ 109.369705, 26.490773 ], [ 109.369446, 26.49048 ], [ 109.369259, 26.49019 ], [ 109.368889, 26.489735 ], [ 109.36858, 26.489323 ], [ 109.368336, 26.489033 ], [ 109.367954, 26.488741 ], [ 109.367703, 26.488456 ], [ 109.367386, 26.48822 ], [ 109.367142, 26.487927 ], [ 109.366249, 26.48723 ], [ 109.366001, 26.48694 ], [ 109.365685, 26.486589 ], [ 109.365498, 26.486366 ], [ 109.365315, 26.486071 ], [ 109.364868, 26.485661 ], [ 109.364678, 26.48543 ], [ 109.364052, 26.484964 ], [ 109.363224, 26.484546 ], [ 109.363037, 26.48437 ], [ 109.362793, 26.484192 ], [ 109.36229, 26.483729 ], [ 109.362034, 26.483618 ], [ 109.361786, 26.483498 ], [ 109.361336, 26.483086 ], [ 109.360901, 26.482852 ], [ 109.360581, 26.482613 ], [ 109.360207, 26.482387 ], [ 109.359951, 26.482209 ], [ 109.35976, 26.482036 ], [ 109.359577, 26.481799 ], [ 109.359196, 26.481451 ], [ 109.359013, 26.481224 ], [ 109.358761, 26.480876 ], [ 109.358448, 26.480469 ], [ 109.358322, 26.48024 ], [ 109.358078, 26.479894 ], [ 109.358017, 26.479607 ], [ 109.357537, 26.478991 ], [ 109.357476, 26.478757 ], [ 109.357499, 26.478131 ], [ 109.357438, 26.477838 ], [ 109.357384, 26.477378 ], [ 109.357453, 26.47692 ], [ 109.35772, 26.476239 ], [ 109.357857, 26.475949 ], [ 109.357956, 26.475708 ], [ 109.358086, 26.475424 ], [ 109.358345, 26.475146 ], [ 109.358807, 26.474745 ], [ 109.359196, 26.474353 ], [ 109.359463, 26.474132 ], [ 109.360306, 26.473509 ], [ 109.36055, 26.47328 ], [ 109.36081, 26.47317 ], [ 109.361077, 26.473005 ], [ 109.361397, 26.472837 ], [ 109.361714, 26.472725 ], [ 109.361977, 26.472674 ], [ 109.362293, 26.472507 ], [ 109.36256, 26.472395 ], [ 109.362873, 26.472173 ], [ 109.363392, 26.472012 ], [ 109.363652, 26.471842 ], [ 109.364297, 26.471628 ], [ 109.364548, 26.471565 ], [ 109.364937, 26.471402 ], [ 109.365258, 26.471348 ], [ 109.365643, 26.471234 ], [ 109.366288, 26.471074 ], [ 109.366536, 26.471086 ], [ 109.366795, 26.471028 ], [ 109.367043, 26.471028 ], [ 109.36744, 26.470977 ], [ 109.367756, 26.47087 ], [ 109.368153, 26.470819 ], [ 109.368458, 26.470766 ], [ 109.368836, 26.470771 ], [ 109.36929, 26.47083 ], [ 109.369729, 26.470835 ], [ 109.370114, 26.470908 ], [ 109.370339, 26.470911 ], [ 109.371926, 26.47091 ], [ 109.372311, 26.470857 ], [ 109.372632, 26.470862 ], [ 109.372887, 26.470918 ], [ 109.374226, 26.470936 ], [ 109.374673, 26.47089 ], [ 109.374932, 26.470783 ], [ 109.375024, 26.47075 ], [ 109.375252, 26.470671 ], [ 109.37576, 26.470386 ], [ 109.37608, 26.470282 ], [ 109.376401, 26.470224 ], [ 109.377179, 26.469891 ], [ 109.377434, 26.469723 ], [ 109.377755, 26.469618 ], [ 109.378079, 26.469278 ], [ 109.378537, 26.468995 ], [ 109.378728, 26.46883 ], [ 109.378987, 26.468779 ], [ 109.379239, 26.468665 ], [ 109.379761, 26.468324 ], [ 109.379887, 26.468103 ], [ 109.38009, 26.467525 ], [ 109.379975, 26.466722 ], [ 109.379731, 26.466322 ], [ 109.379361, 26.465977 ], [ 109.378986, 26.465503 ], [ 109.378735, 26.465159 ], [ 109.378422, 26.464577 ], [ 109.378231, 26.464351 ], [ 109.378056, 26.463944 ], [ 109.377865, 26.463649 ], [ 109.377613, 26.463476 ], [ 109.377228, 26.463247 ], [ 109.377037, 26.463074 ], [ 109.37661, 26.462659 ], [ 109.375847, 26.461912 ], [ 109.375221, 26.461617 ], [ 109.375031, 26.461543 ], [ 109.374905, 26.461492 ], [ 109.374519, 26.461319 ], [ 109.37421, 26.461144 ], [ 109.373768, 26.460968 ], [ 109.373264, 26.460727 ], [ 109.37236, 26.460427 ], [ 109.371162, 26.460238 ], [ 109.370331, 26.460249 ], [ 109.369835, 26.460244 ], [ 109.369259, 26.460341 ], [ 109.36882, 26.460338 ], [ 109.368561, 26.46045 ], [ 109.367924, 26.460445 ], [ 109.367478, 26.460549 ], [ 109.366966, 26.460603 ], [ 109.366581, 26.460534 ], [ 109.366203, 26.460529 ], [ 109.365753, 26.46047 ], [ 109.365254, 26.46029 ], [ 109.364998, 26.460107 ], [ 109.364548, 26.459705 ], [ 109.364377, 26.459294 ], [ 109.364323, 26.458897 ], [ 109.364003, 26.458668 ], [ 109.363759, 26.458376 ], [ 109.363568, 26.458033 ], [ 109.363392, 26.457738 ], [ 109.36308, 26.457331 ], [ 109.362835, 26.45698 ], [ 109.362519, 26.456637 ], [ 109.362267, 26.456344 ], [ 109.361962, 26.456115 ], [ 109.361565, 26.455703 ], [ 109.361077, 26.455238 ], [ 109.360692, 26.455006 ], [ 109.360432, 26.454831 ], [ 109.359685, 26.45448 ], [ 109.359242, 26.454238 ], [ 109.358735, 26.45406 ], [ 109.358414, 26.453829 ], [ 109.358101, 26.453539 ], [ 109.357751, 26.453325 ], [ 109.357362, 26.453094 ], [ 109.357114, 26.452974 ], [ 109.35661, 26.452679 ], [ 109.356358, 26.452501 ], [ 109.356114, 26.452381 ], [ 109.355714, 26.452209 ], [ 109.355088, 26.451972 ], [ 109.354836, 26.451852 ], [ 109.354516, 26.45173 ], [ 109.354264, 26.451619 ], [ 109.353375, 26.451316 ], [ 109.352872, 26.451196 ], [ 109.352551, 26.45113 ], [ 109.352242, 26.451016 ], [ 109.351716, 26.450891 ], [ 109.351342, 26.450713 ], [ 109.350583, 26.450589 ], [ 109.350323, 26.450464 ], [ 109.349812, 26.450344 ], [ 109.349492, 26.450233 ], [ 109.349187, 26.450164 ], [ 109.348931, 26.449988 ], [ 109.348672, 26.44993 ], [ 109.348229, 26.449805 ], [ 109.347733, 26.44934 ], [ 109.347287, 26.449106 ], [ 109.346776, 26.44893 ], [ 109.346394, 26.448808 ], [ 109.345826, 26.448396 ], [ 109.34536, 26.448062 ], [ 109.344979, 26.447716 ], [ 109.344227, 26.447248 ], [ 109.343976, 26.447007 ], [ 109.343655, 26.446778 ], [ 109.343411, 26.446549 ], [ 109.342911, 26.445964 ], [ 109.342667, 26.445448 ], [ 109.342415, 26.445209 ], [ 109.341973, 26.444688 ], [ 109.341668, 26.444342 ], [ 109.341282, 26.44393 ], [ 109.340787, 26.443355 ], [ 109.340397, 26.443007 ], [ 109.340027, 26.442658 ], [ 109.339654, 26.442422 ], [ 109.339409, 26.442246 ], [ 109.338959, 26.4419 ], [ 109.338707, 26.441605 ], [ 109.338524, 26.441377 ], [ 109.338276, 26.441137 ], [ 109.338009, 26.44102 ], [ 109.337383, 26.440437 ], [ 109.337074, 26.440088 ], [ 109.336884, 26.439852 ], [ 109.336624, 26.439681 ], [ 109.335694, 26.438982 ], [ 109.33524, 26.43874 ], [ 109.334736, 26.438506 ], [ 109.334294, 26.438331 ], [ 109.33403, 26.438262 ], [ 109.33371, 26.438087 ], [ 109.333084, 26.437792 ], [ 109.332733, 26.437577 ], [ 109.332409, 26.437455 ], [ 109.331959, 26.43716 ], [ 109.331341, 26.436868 ], [ 109.331017, 26.43686 ], [ 109.330582, 26.436682 ], [ 109.330185, 26.436507 ], [ 109.32988, 26.436448 ], [ 109.329617, 26.436326 ], [ 109.329365, 26.436377 ], [ 109.328732, 26.436313 ], [ 109.328358, 26.436247 ], [ 109.327828, 26.436133 ], [ 109.327462, 26.435894 ], [ 109.327141, 26.435716 ], [ 109.326763, 26.435484 ], [ 109.32658, 26.435248 ], [ 109.32626, 26.435072 ], [ 109.325817, 26.434727 ], [ 109.325642, 26.434491 ], [ 109.325398, 26.434143 ], [ 109.325204, 26.433968 ], [ 109.324959, 26.433337 ], [ 109.324975, 26.432767 ], [ 109.324975, 26.432307 ], [ 109.324349, 26.431613 ], [ 109.324158, 26.431152 ], [ 109.323796, 26.430171 ], [ 109.323735, 26.429863 ], [ 109.323567, 26.429024 ], [ 109.323575, 26.428446 ], [ 109.323659, 26.427127 ], [ 109.323605, 26.426733 ], [ 109.323491, 26.426494 ], [ 109.323414, 26.426212 ], [ 109.323179413000048, 26.425870059000033 ], [ 109.323178, 26.425868 ], [ 109.322987, 26.425512 ], [ 109.322934, 26.425232 ], [ 109.322804, 26.424996 ], [ 109.322243, 26.424421 ], [ 109.321801, 26.424007 ], [ 109.321557, 26.423951 ], [ 109.321427, 26.423717 ], [ 109.321107, 26.423541 ], [ 109.320859, 26.423246 ], [ 109.320431, 26.422861 ], [ 109.320172, 26.422689 ], [ 109.319935, 26.422447 ], [ 109.31968, 26.422277 ], [ 109.319489, 26.4221 ], [ 109.319054, 26.421749 ], [ 109.318795, 26.42152 ], [ 109.318543, 26.421337 ], [ 109.318299, 26.421057 ], [ 109.31786, 26.420643 ], [ 109.317208, 26.420043 ], [ 109.317166, 26.420002 ], [ 109.316651, 26.419654 ], [ 109.31646, 26.419425 ], [ 109.316224, 26.419186 ], [ 109.316033, 26.41901 ], [ 109.315796, 26.418496 ], [ 109.31572, 26.418151 ], [ 109.315545, 26.417807 ], [ 109.315422, 26.417517 ], [ 109.3153, 26.417169 ], [ 109.315068, 26.416688 ], [ 109.315052, 26.416655 ], [ 109.314679, 26.416187 ], [ 109.314427, 26.415953 ], [ 109.314244, 26.415648 ], [ 109.313935, 26.415366 ], [ 109.313622, 26.414957 ], [ 109.313432, 26.414725 ], [ 109.31337, 26.414491 ], [ 109.313256, 26.414211 ], [ 109.313073, 26.413685 ], [ 109.312897, 26.412708 ], [ 109.31292, 26.411508 ], [ 109.31292, 26.411111 ], [ 109.312936, 26.410654 ], [ 109.312814, 26.410415 ], [ 109.312691, 26.410071 ], [ 109.31263, 26.409789 ], [ 109.312436, 26.409556 ], [ 109.312184, 26.40916 ], [ 109.31213, 26.40875 ], [ 109.31194, 26.408521 ], [ 109.311955, 26.408117 ], [ 109.311764, 26.407771 ], [ 109.311642, 26.40743 ], [ 109.311589, 26.407087 ], [ 109.311459, 26.406858 ], [ 109.311459, 26.406568 ], [ 109.311406, 26.406225 ], [ 109.311421, 26.405531 ], [ 109.311375, 26.405131 ], [ 109.311573, 26.404043 ], [ 109.311642, 26.403763 ], [ 109.311711, 26.403427 ], [ 109.311726, 26.402792 ], [ 109.311803, 26.402385 ], [ 109.311932, 26.402164 ], [ 109.312001, 26.401818 ], [ 109.312207, 26.4009 ], [ 109.312283, 26.400269 ], [ 109.312306, 26.399194 ], [ 109.312192, 26.398334 ], [ 109.312131, 26.398098 ], [ 109.312154, 26.397637 ], [ 109.312154, 26.397187 ], [ 109.312032, 26.396484 ], [ 109.312039, 26.396144 ], [ 109.311917, 26.395627 ], [ 109.311551, 26.394938 ], [ 109.311299, 26.394697 ], [ 109.31112, 26.394412 ], [ 109.310853, 26.394178 ], [ 109.310365, 26.393654 ], [ 109.310113, 26.393364 ], [ 109.30993, 26.393188 ], [ 109.309361, 26.39255 ], [ 109.309056, 26.392319 ], [ 109.308659, 26.391963 ], [ 109.308228, 26.391444 ], [ 109.308121, 26.391327 ], [ 109.306553, 26.391919 ], [ 109.30468, 26.392407 ], [ 109.302762, 26.391924 ], [ 109.301224, 26.391387 ], [ 109.300145, 26.390464 ], [ 109.299084, 26.388846 ], [ 109.297608, 26.388488 ], [ 109.296727, 26.387275 ], [ 109.296048, 26.385492 ], [ 109.295319, 26.384179 ], [ 109.293938, 26.381987 ], [ 109.292943, 26.379518 ], [ 109.293278, 26.378034 ], [ 109.294007, 26.377015 ], [ 109.294915, 26.37617 ], [ 109.296071, 26.375432 ], [ 109.297364, 26.375045 ], [ 109.297448, 26.373448 ], [ 109.297177, 26.373084 ], [ 109.296551, 26.372504 ], [ 109.295804, 26.371632 ], [ 109.295388, 26.371236 ], [ 109.295205, 26.370944 ], [ 109.29477, 26.370478 ], [ 109.294579, 26.370133 ], [ 109.294457, 26.369789 ], [ 109.294289, 26.368986 ], [ 109.294289, 26.368693 ], [ 109.294167, 26.368296 ], [ 109.293919, 26.36777 ], [ 109.293866, 26.367254 ], [ 109.294064, 26.366913 ], [ 109.294198, 26.366521 ], [ 109.294335, 26.366231 ], [ 109.294602, 26.365549 ], [ 109.2948, 26.365214 ], [ 109.29525, 26.364705 ], [ 109.295326, 26.364471 ], [ 109.295495, 26.364234 ], [ 109.295693, 26.363947 ], [ 109.295896, 26.363504 ], [ 109.296033, 26.363214 ], [ 109.296552, 26.362474 ], [ 109.296742, 26.362131 ], [ 109.296948, 26.361856 ], [ 109.297193, 26.361625 ], [ 109.297406, 26.360887 ], [ 109.297475, 26.360481 ], [ 109.297689, 26.359454 ], [ 109.297696, 26.358993 ], [ 109.297513, 26.358597 ], [ 109.297322, 26.358302 ], [ 109.297078, 26.358012 ], [ 109.296826, 26.357612 ], [ 109.296582, 26.357323 ], [ 109.296399, 26.357027 ], [ 109.296338, 26.35674 ], [ 109.296346, 26.356226 ], [ 109.296414, 26.355939 ], [ 109.296483, 26.355489 ], [ 109.296613, 26.355255 ], [ 109.296872, 26.354917 ], [ 109.297269, 26.354469 ], [ 109.297399, 26.354238 ], [ 109.297791, 26.35378 ], [ 109.298059, 26.353335 ], [ 109.298188, 26.352877 ], [ 109.298326, 26.352249 ], [ 109.298142, 26.351956 ], [ 109.298028, 26.351494 ], [ 109.297902, 26.350583 ], [ 109.297849, 26.350347 ], [ 109.297856, 26.34995 ], [ 109.297734, 26.349551 ], [ 109.297689, 26.3492 ], [ 109.297689, 26.348859 ], [ 109.297566, 26.348404 ], [ 109.297513, 26.347709 ], [ 109.297452, 26.34731 ], [ 109.297399, 26.347068 ], [ 109.297406, 26.346788 ], [ 109.297284, 26.346554 ], [ 109.297032, 26.346155 ], [ 109.296582, 26.345977 ], [ 109.295701, 26.345954 ], [ 109.295396, 26.345911 ], [ 109.295136, 26.345959 ], [ 109.294884, 26.346074 ], [ 109.294499, 26.346188 ], [ 109.29424, 26.346236 ], [ 109.293919, 26.346287 ], [ 109.29366, 26.346231 ], [ 109.293095, 26.346277 ], [ 109.29258, 26.346269 ], [ 109.292329, 26.346318 ], [ 109.291756, 26.346313 ], [ 109.291497, 26.346427 ], [ 109.291116, 26.346539 ], [ 109.290852, 26.346643 ], [ 109.290608, 26.346694 ], [ 109.28989, 26.347321 ], [ 109.289108, 26.348168 ], [ 109.288849, 26.348397 ], [ 109.288467, 26.348672 ], [ 109.288208, 26.348839 ], [ 109.287758, 26.349007 ], [ 109.287499, 26.349175 ], [ 109.287056, 26.349284 ], [ 109.286793, 26.349399 ], [ 109.286358, 26.349447 ], [ 109.285778, 26.349496 ], [ 109.285458, 26.349435 ], [ 109.285072, 26.349429 ], [ 109.284561, 26.349363 ], [ 109.283737, 26.349178 ], [ 109.283234, 26.349002 ], [ 109.28278, 26.348882 ], [ 109.282399, 26.348704 ], [ 109.282086, 26.348528 ], [ 109.281697, 26.348528 ], [ 109.281392, 26.34835 ], [ 109.281071, 26.348281 ], [ 109.280816, 26.348053 ], [ 109.280564, 26.348047 ], [ 109.280312, 26.347877 ], [ 109.279938, 26.347635 ], [ 109.279488, 26.34746 ], [ 109.279114, 26.347229 ], [ 109.278863, 26.3471 ], [ 109.278599, 26.34693 ], [ 109.278294, 26.346752 ], [ 109.277974, 26.346513 ], [ 109.277791, 26.346284 ], [ 109.277035, 26.34587 ], [ 109.276654, 26.345692 ], [ 109.276337, 26.345463 ], [ 109.276086, 26.345397 ], [ 109.275765, 26.345168 ], [ 109.275651, 26.344824 ], [ 109.275468, 26.344417 ], [ 109.275025, 26.343779 ], [ 109.274659, 26.343433 ], [ 109.274476, 26.343087 ], [ 109.274155, 26.342686 ], [ 109.274041, 26.342452 ], [ 109.273846, 26.34222 ], [ 109.273663, 26.341984 ], [ 109.273473, 26.341811 ], [ 109.273038, 26.341289 ], [ 109.272786, 26.34105 ], [ 109.272221, 26.340418 ], [ 109.271847, 26.340062 ], [ 109.271725, 26.339835 ], [ 109.271477, 26.339492 ], [ 109.271104, 26.339083 ], [ 109.2706, 26.338612 ], [ 109.270448, 26.338332 ], [ 109.270066, 26.337922 ], [ 109.270013, 26.337292 ], [ 109.269761, 26.336943 ], [ 109.269574, 26.336714 ], [ 109.269441, 26.336544 ], [ 109.269212, 26.335908 ], [ 109.269097, 26.335392 ], [ 109.269364, 26.334304 ], [ 109.269509, 26.33333 ], [ 109.269517, 26.333279 ], [ 109.269647, 26.332936 ], [ 109.269906, 26.332481 ], [ 109.270173, 26.331799 ], [ 109.270303, 26.331565 ], [ 109.270607, 26.331397 ], [ 109.270866, 26.331122 ], [ 109.271271, 26.330611 ], [ 109.271324, 26.330379 ], [ 109.271591, 26.329983 ], [ 109.27166, 26.329695 ], [ 109.271858, 26.329299 ], [ 109.271866, 26.328668 ], [ 109.272015, 26.328386 ], [ 109.272061, 26.328098 ], [ 109.272137, 26.327755 ], [ 109.272084, 26.327185 ], [ 109.272019, 26.326895 ], [ 109.271836, 26.326565 ], [ 109.271592, 26.32614 ], [ 109.271401, 26.325967 ], [ 109.271218, 26.325621 ], [ 109.271027, 26.325448 ], [ 109.270974, 26.325108 ], [ 109.270982, 26.324591 ], [ 109.27105, 26.324248 ], [ 109.271249, 26.323793 ], [ 109.271455, 26.323109 ], [ 109.271523, 26.322821 ], [ 109.271981, 26.322022 ], [ 109.272313, 26.321572 ], [ 109.272443, 26.321338 ], [ 109.273152, 26.320715 ], [ 109.273412, 26.320437 ], [ 109.273618, 26.320275 ], [ 109.273862, 26.319814 ], [ 109.274121, 26.319479 ], [ 109.274396, 26.318904 ], [ 109.274594, 26.318334 ], [ 109.274861, 26.317772 ], [ 109.275056, 26.317485 ], [ 109.275506, 26.316979 ], [ 109.275651, 26.316465 ], [ 109.275918, 26.315833 ], [ 109.275986, 26.315599 ], [ 109.276116, 26.315375 ], [ 109.276246, 26.31509 ], [ 109.276505, 26.314696 ], [ 109.276772, 26.314241 ], [ 109.276841, 26.313842 ], [ 109.276788, 26.313437 ], [ 109.276612, 26.313152 ], [ 109.27636, 26.312575 ], [ 109.276238, 26.312056 ], [ 109.276131, 26.31137 ], [ 109.276002, 26.311082 ], [ 109.275948, 26.31062 ], [ 109.275712, 26.310159 ], [ 109.275445, 26.30976 ], [ 109.275272, 26.309589 ], [ 109.275211, 26.30918 ], [ 109.275234, 26.308376 ], [ 109.275044, 26.307862 ], [ 109.27486, 26.307463 ], [ 109.274815, 26.307117 ], [ 109.274754, 26.306596 ], [ 109.274654, 26.305449 ], [ 109.274654, 26.304765 ], [ 109.274731, 26.304195 ], [ 109.274944, 26.303513 ], [ 109.275128, 26.303159 ], [ 109.275388, 26.302767 ], [ 109.275712, 26.302375 ], [ 109.276101, 26.30192 ], [ 109.276818, 26.301297 ], [ 109.277207, 26.300908 ], [ 109.277589, 26.300567 ], [ 109.277909, 26.300455 ], [ 109.278554, 26.300183 ], [ 109.278943, 26.300069 ], [ 109.279324, 26.30013 ], [ 109.279576, 26.300025 ], [ 109.279835, 26.299858 ], [ 109.280209, 26.299687 ], [ 109.280549, 26.299458 ], [ 109.280923, 26.299357 ], [ 109.28119, 26.299245 ], [ 109.281502, 26.299128 ], [ 109.281502931000034, 26.299127852000026 ], [ 109.281823, 26.299077 ], [ 109.282082, 26.298911 ], [ 109.282464, 26.298863 ], [ 109.282857, 26.298642 ], [ 109.283299, 26.298405 ], [ 109.283688, 26.298298 ], [ 109.284199, 26.298186 ], [ 109.284642, 26.298138 ], [ 109.28521, 26.298201 ], [ 109.285722, 26.298443 ], [ 109.286042, 26.298555 ], [ 109.286984, 26.298916 ], [ 109.287366, 26.299096 ], [ 109.287808, 26.299272 ], [ 109.288129, 26.299447 ], [ 109.28838, 26.299623 ], [ 109.288705, 26.299798 ], [ 109.28901, 26.299915 ], [ 109.289269, 26.299974 ], [ 109.289582, 26.299979 ], [ 109.289834, 26.300047 ], [ 109.290208, 26.30022 ], [ 109.290478, 26.300228 ], [ 109.290799, 26.300345 ], [ 109.291043, 26.300459 ], [ 109.291486, 26.300531 ], [ 109.291798, 26.30065 ], [ 109.292119, 26.300655 ], [ 109.292382, 26.300711 ], [ 109.292626, 26.300658 ], [ 109.292886, 26.300663 ], [ 109.293137, 26.300602 ], [ 109.293336, 26.300381 ], [ 109.293603, 26.300266 ], [ 109.293847, 26.300101 ], [ 109.29424, 26.299877 ], [ 109.294499, 26.299763 ], [ 109.294881, 26.299663 ], [ 109.295262, 26.299496 ], [ 109.295697, 26.299151 ], [ 109.296471, 26.29848 ], [ 109.296937, 26.297971 ], [ 109.297631, 26.297348 ], [ 109.297978, 26.297009 ], [ 109.298299, 26.296727 ], [ 109.298612, 26.296389 ], [ 109.298879, 26.296224 ], [ 109.299706, 26.295835 ], [ 109.300172, 26.295211 ], [ 109.300492, 26.294873 ], [ 109.30082, 26.294588 ], [ 109.301206, 26.294423 ], [ 109.301465, 26.294319 ], [ 109.301976, 26.29409 ], [ 109.302297, 26.294039 ], [ 109.303124, 26.293942 ], [ 109.303575, 26.293831 ], [ 109.303956, 26.293838 ], [ 109.304276, 26.293785 ], [ 109.30473, 26.293675 ], [ 109.305417, 26.293579 ], [ 109.305944, 26.29352 ], [ 109.306321, 26.293525 ], [ 109.306962, 26.293482 ], [ 109.309846, 26.293501 ], [ 109.310288, 26.293677 ], [ 109.310609, 26.293735 ], [ 109.311948, 26.293753 ], [ 109.312333, 26.293766 ], [ 109.31321, 26.293781 ], [ 109.313477, 26.293837 ], [ 109.313931, 26.293903 ], [ 109.314236, 26.293967 ], [ 109.316468, 26.293995 ], [ 109.316853, 26.293891 ], [ 109.317174, 26.293835 ], [ 109.317746, 26.29384 ], [ 109.318391, 26.293796 ], [ 109.318772, 26.293692 ], [ 109.319146, 26.293751 ], [ 109.319466, 26.293702 ], [ 109.32005, 26.293707 ], [ 109.320363, 26.293659 ], [ 109.320744, 26.293531 ], [ 109.320996, 26.293416 ], [ 109.321194, 26.293193 ], [ 109.321328, 26.292852 ], [ 109.321335, 26.291995 ], [ 109.321366, 26.290787 ], [ 109.321366, 26.290276 ], [ 109.321125, 26.289703 ], [ 109.320942, 26.289464 ], [ 109.320813, 26.289235 ], [ 109.320263, 26.288952 ], [ 109.31995, 26.288716 ], [ 109.319763, 26.28854 ], [ 109.319573, 26.288261 ], [ 109.319389, 26.288022 ], [ 109.319199, 26.287729 ], [ 109.318886, 26.287447 ], [ 109.318573, 26.286809 ], [ 109.318455, 26.286404 ], [ 109.318855, 26.285776 ], [ 109.319176, 26.285557 ], [ 109.319565, 26.285336 ], [ 109.319946, 26.285168 ], [ 109.320507, 26.284932 ], [ 109.320965, 26.284594 ], [ 109.321225, 26.284361 ], [ 109.32148, 26.284311 ], [ 109.32174, 26.284143 ], [ 109.321991, 26.284084 ], [ 109.322495, 26.283866 ], [ 109.322762, 26.283698 ], [ 109.323086, 26.283586 ], [ 109.323346, 26.283482 ], [ 109.32359, 26.283314 ], [ 109.323925, 26.283202 ], [ 109.32457, 26.282869 ], [ 109.324959, 26.282698 ], [ 109.325859, 26.282261 ], [ 109.326367, 26.282032 ], [ 109.326878, 26.281813 ], [ 109.327389, 26.28165 ], [ 109.327645, 26.2816 ], [ 109.327973, 26.281434 ], [ 109.328354, 26.281205 ], [ 109.328675, 26.280984 ], [ 109.328934, 26.28076 ], [ 109.329449, 26.280481 ], [ 109.329708, 26.28031 ], [ 109.329968, 26.280089 ], [ 109.330227, 26.279975 ], [ 109.330681, 26.279522 ], [ 109.331398, 26.278502 ], [ 109.331604, 26.278279 ], [ 109.332188, 26.277427 ], [ 109.332386, 26.276972 ], [ 109.332455, 26.276458 ], [ 109.332585, 26.276173 ], [ 109.332669, 26.27583 ], [ 109.332951, 26.274844 ], [ 109.333149, 26.274506 ], [ 109.333478, 26.274048 ], [ 109.33368, 26.273483 ], [ 109.334137, 26.272685 ], [ 109.334343, 26.272227 ], [ 109.33442, 26.271934 ], [ 109.334611, 26.27171 ], [ 109.334886, 26.270573 ], [ 109.334886, 26.270176 ], [ 109.334962, 26.269833 ], [ 109.33503, 26.269599 ], [ 109.335103, 26.269258 ], [ 109.335111, 26.268966 ], [ 109.335179, 26.268404 ], [ 109.335393, 26.267432 ], [ 109.335393, 26.267137 ], [ 109.335683, 26.266919 ], [ 109.33754704200004, 26.26688501700005 ], [ 109.337548, 26.266885 ], [ 109.339791, 26.267145 ], [ 109.342236, 26.267178 ], [ 109.34295, 26.266674 ], [ 109.344232, 26.267036 ], [ 109.345128, 26.267163 ], [ 109.345993, 26.26761 ], [ 109.346947, 26.268192 ], [ 109.347912, 26.268151 ], [ 109.349739, 26.268561 ], [ 109.349923, 26.268884 ], [ 109.35019, 26.26923 ], [ 109.350365, 26.269403 ], [ 109.350487, 26.269756 ], [ 109.350666, 26.270038 ], [ 109.351117, 26.270506 ], [ 109.351361, 26.270913 ], [ 109.351613, 26.271142 ], [ 109.351918, 26.271663 ], [ 109.352287, 26.272126 ], [ 109.352669, 26.272421 ], [ 109.353294, 26.272942 ], [ 109.354054, 26.273303 ], [ 109.354687, 26.273593 ], [ 109.35519, 26.273835 ], [ 109.355766, 26.274183 ], [ 109.356392, 26.274427 ], [ 109.357784, 26.275076 ], [ 109.358579, 26.275404 ], [ 109.359033, 26.275699 ], [ 109.359467, 26.275877 ], [ 109.360032, 26.276279 ], [ 109.360276, 26.276518 ], [ 109.360661, 26.276866 ], [ 109.360974, 26.27721 ], [ 109.361279, 26.27739 ], [ 109.361546, 26.277627 ], [ 109.36192, 26.277919 ], [ 109.362294, 26.278151 ], [ 109.362664, 26.278449 ], [ 109.363, 26.278624 ], [ 109.363496, 26.278922 ], [ 109.363679, 26.279212 ], [ 109.363923, 26.279443 ], [ 109.364278, 26.27958 ], [ 109.365727, 26.282029 ], [ 109.369107, 26.283728 ], [ 109.370347, 26.284145 ], [ 109.370675, 26.284249 ], [ 109.373859, 26.285833 ], [ 109.375019, 26.286082 ], [ 109.376419, 26.28638 ], [ 109.378475, 26.286294 ], [ 109.37957, 26.285851 ], [ 109.38073, 26.285866 ], [ 109.382526, 26.285945 ], [ 109.384114, 26.286177 ], [ 109.386551, 26.286266 ], [ 109.388474, 26.286291 ], [ 109.390881, 26.286657 ], [ 109.391445, 26.287296 ], [ 109.39169, 26.287695 ], [ 109.39188, 26.287871 ], [ 109.392186, 26.288216 ], [ 109.39238, 26.288389 ], [ 109.392884, 26.288684 ], [ 109.393204, 26.288857 ], [ 109.393525, 26.288979 ], [ 109.39402, 26.289104 ], [ 109.394524, 26.289396 ], [ 109.394844, 26.289521 ], [ 109.395104, 26.28963 ], [ 109.395325, 26.289681 ], [ 109.396477, 26.289407 ], [ 109.396858, 26.289292 ], [ 109.397248, 26.289135 ], [ 109.397503, 26.289074 ], [ 109.398838, 26.288919 ], [ 109.399349, 26.288924 ], [ 109.399983, 26.288875 ], [ 109.400112, 26.288883 ], [ 109.401684, 26.289867 ], [ 109.402638, 26.290279 ], [ 109.403851, 26.290982 ], [ 109.403852649000044, 26.290982021000048 ], [ 109.405526, 26.291003 ], [ 109.407071, 26.290733 ], [ 109.408459, 26.290341 ], [ 109.40984, 26.289988 ], [ 109.410008, 26.290145 ], [ 109.410378, 26.290377 ], [ 109.410889, 26.29056 ], [ 109.411267, 26.290672 ], [ 109.4119, 26.290744 ], [ 109.412346, 26.290917 ], [ 109.412655, 26.290978 ], [ 109.413723, 26.291222 ], [ 109.41412, 26.291224 ], [ 109.41457, 26.291283 ], [ 109.414871, 26.291402 ], [ 109.415253, 26.291471 ], [ 109.415695, 26.291646 ], [ 109.415939, 26.291705 ], [ 109.416199, 26.291878 ], [ 109.416298, 26.291931 ], [ 109.418244, 26.291479 ], [ 109.419983, 26.290929 ], [ 109.422051, 26.290554 ], [ 109.423138, 26.290224 ], [ 109.426856330000078, 26.288951179000037 ], [ 109.430901414000061, 26.288415800000053 ], [ 109.433042929000067, 26.289546044000076 ], [ 109.435719822000067, 26.288772720000054 ], [ 109.438039797000044, 26.290259883000033 ], [ 109.437742364000087, 26.293293695000045 ], [ 109.436875, 26.29534 ], [ 109.433637794000049, 26.294721372000026 ], [ 109.432448064000084, 26.295792129000063 ], [ 109.433578308000051, 26.297814671000026 ], [ 109.437028526000063, 26.299004402000037 ], [ 109.439388951000069, 26.299901459000068 ], [ 109.440987949000089, 26.300872279000032 ], [ 109.440014, 26.301962 ], [ 109.439755, 26.302127 ], [ 109.439434, 26.302361 ], [ 109.438984, 26.302755 ], [ 109.438725, 26.303269 ], [ 109.43858, 26.304016 ], [ 109.43858, 26.304413 ], [ 109.438633, 26.304759 ], [ 109.438816, 26.305217 ], [ 109.43919, 26.305618 ], [ 109.43932, 26.305855 ], [ 109.439503, 26.306028 ], [ 109.439755, 26.306318 ], [ 109.44019, 26.30661 ], [ 109.44038, 26.306781 ], [ 109.440693, 26.306959 ], [ 109.44096, 26.307066 ], [ 109.441635, 26.307536 ], [ 109.441956, 26.30789 ], [ 109.442452, 26.308291 ], [ 109.442765, 26.308528 ], [ 109.443016, 26.308754 ], [ 109.443329, 26.308932 ], [ 109.443646, 26.309166 ], [ 109.444325, 26.309571 ], [ 109.444638, 26.309805 ], [ 109.44502, 26.30998 ], [ 109.445607, 26.31029 ], [ 109.44579, 26.310519 ], [ 109.446236, 26.310865 ], [ 109.446732, 26.311157 ], [ 109.446976, 26.31145 ], [ 109.44735, 26.311679 ], [ 109.447671, 26.311915 ], [ 109.448109, 26.312197 ], [ 109.448292, 26.312434 ], [ 109.449238, 26.313192 ], [ 109.44949, 26.313365 ], [ 109.449803, 26.313657 ], [ 109.450112, 26.313883 ], [ 109.450493, 26.314115 ], [ 109.450806, 26.314234 ], [ 109.451119, 26.314473 ], [ 109.451432, 26.314646 ], [ 109.451813, 26.314819 ], [ 109.452252, 26.314995 ], [ 109.453335, 26.315582 ], [ 109.453892, 26.315935 ], [ 109.454079, 26.316108 ], [ 109.454255, 26.316334 ], [ 109.454705, 26.316626 ], [ 109.455086, 26.316802 ], [ 109.45546, 26.317038 ], [ 109.455834, 26.317158 ], [ 109.456097, 26.317214 ], [ 109.456341, 26.317336 ], [ 109.456723, 26.317392 ], [ 109.457165, 26.317514 ], [ 109.457886, 26.317663 ], [ 109.45839, 26.317721 ], [ 109.45871, 26.317671 ], [ 109.459092, 26.317673 ], [ 109.459729, 26.317561 ], [ 109.46024, 26.317513 ], [ 109.460683, 26.317515 ], [ 109.461449, 26.317414 ], [ 109.461892, 26.317299 ], [ 109.462159, 26.317076 ], [ 109.462342, 26.316844 ], [ 109.462605, 26.31662 ], [ 109.463185, 26.315939 ], [ 109.463322, 26.31559 ], [ 109.463268, 26.31513 ], [ 109.463589, 26.314789 ], [ 109.463657, 26.314501 ], [ 109.463787, 26.314278 ], [ 109.463856, 26.313871 ], [ 109.464378, 26.312912 ], [ 109.464706, 26.312561 ], [ 109.464836, 26.312279 ], [ 109.465096, 26.311994 ], [ 109.465225, 26.311773 ], [ 109.466251, 26.31086 ], [ 109.466511, 26.310692 ], [ 109.466709, 26.310415 ], [ 109.466839, 26.310181 ], [ 109.467094, 26.309893 ], [ 109.467354, 26.309497 ], [ 109.467477, 26.309213 ], [ 109.467744, 26.308992 ], [ 109.468064, 26.308481 ], [ 109.468194, 26.308254 ], [ 109.468323, 26.30797 ], [ 109.468457, 26.307626 ], [ 109.468716, 26.307113 ], [ 109.468976, 26.306711 ], [ 109.469174, 26.306423 ], [ 109.46938, 26.305973 ], [ 109.469434, 26.305739 ], [ 109.469693, 26.305292 ], [ 109.470284, 26.30461 ], [ 109.470635, 26.304409 ], [ 109.471085, 26.304015 ], [ 109.471344, 26.303676 ], [ 109.471729, 26.303221 ], [ 109.471928, 26.302933 ], [ 109.472119, 26.302707 ], [ 109.472241, 26.302531 ], [ 109.469933, 26.301888 ], [ 109.468285, 26.301303 ], [ 109.467011, 26.300721 ], [ 109.465817, 26.299452 ], [ 109.463791, 26.297832 ], [ 109.462917, 26.296685 ], [ 109.462421, 26.295538 ], [ 109.461105, 26.293809 ], [ 109.460301, 26.292201 ], [ 109.458851, 26.290526 ], [ 109.457688, 26.289398 ], [ 109.455586, 26.288351 ], [ 109.454133, 26.287366 ], [ 109.453629, 26.286675 ], [ 109.453644, 26.285703 ], [ 109.453599, 26.284559 ], [ 109.453736, 26.283852 ], [ 109.453469, 26.28344 ], [ 109.453286, 26.282805 ], [ 109.453171, 26.282517 ], [ 109.45311, 26.282174 ], [ 109.452988, 26.281935 ], [ 109.453126, 26.281253 ], [ 109.453332, 26.280452 ], [ 109.453347, 26.279201 ], [ 109.453301, 26.278741 ], [ 109.453225, 26.278331 ], [ 109.453248, 26.278058 ], [ 109.453385, 26.277654 ], [ 109.453385, 26.277254 ], [ 109.453202, 26.276677 ], [ 109.453225, 26.275764 ], [ 109.453103, 26.27525 ], [ 109.453103, 26.274554 ], [ 109.453179, 26.274327 ], [ 109.452996, 26.273869 ], [ 109.452813, 26.273643 ], [ 109.452626, 26.273236 ], [ 109.452321, 26.272773 ], [ 109.452138, 26.272374 ], [ 109.452077, 26.272084 ], [ 109.451825, 26.271729 ], [ 109.451634, 26.2715 ], [ 109.451451, 26.27121 ], [ 109.451131, 26.27092 ], [ 109.450955, 26.270691 ], [ 109.450692, 26.270457 ], [ 109.450516, 26.270228 ], [ 109.450394, 26.269939 ], [ 109.450143, 26.269529 ], [ 109.450013, 26.269252 ], [ 109.449708, 26.26884 ], [ 109.449525, 26.268443 ], [ 109.449349, 26.268097 ], [ 109.449097, 26.267576 ], [ 109.448784, 26.267004 ], [ 109.448422, 26.266536 ], [ 109.448109, 26.266078 ], [ 109.447484, 26.265211 ], [ 109.447248, 26.264751 ], [ 109.446996, 26.264459 ], [ 109.446744, 26.264232 ], [ 109.446504, 26.263825 ], [ 109.446252, 26.263426 ], [ 109.445878, 26.262727 ], [ 109.445825, 26.262383 ], [ 109.445458, 26.261697 ], [ 109.445198, 26.261048 ], [ 109.444947, 26.260702 ], [ 109.444573, 26.260242 ], [ 109.444382, 26.260069 ], [ 109.444199, 26.25984 ], [ 109.443951, 26.259603 ], [ 109.443699, 26.259542 ], [ 109.443447, 26.259313 ], [ 109.443142, 26.259084 ], [ 109.442501, 26.258733 ], [ 109.442127, 26.258497 ], [ 109.441746, 26.258441 ], [ 109.441429, 26.258319 ], [ 109.440979, 26.258197 ], [ 109.440674, 26.258087 ], [ 109.439926, 26.257846 ], [ 109.43953, 26.257673 ], [ 109.438915, 26.257258 ], [ 109.43861, 26.25691 ], [ 109.43842, 26.256572 ], [ 109.438229, 26.256279 ], [ 109.438107, 26.255819 ], [ 109.437985, 26.255536 ], [ 109.43787, 26.255191 ], [ 109.437809, 26.254957 ], [ 109.437748, 26.254667 ], [ 109.437504, 26.25398 ], [ 109.437283, 26.25317 ], [ 109.437268, 26.253114 ], [ 109.437085, 26.252705 ], [ 109.436963, 26.252361 ], [ 109.436787, 26.252074 ], [ 109.436581, 26.251898 ], [ 109.436215, 26.251723 ], [ 109.435776, 26.25143 ], [ 109.434965356000077, 26.251018717000079 ], [ 109.43496, 26.251016 ], [ 109.434304, 26.250952 ], [ 109.434075, 26.250556 ], [ 109.433701, 26.250383 ], [ 109.433259, 26.25009 ], [ 109.433201, 26.249989 ], [ 109.43314, 26.249864 ], [ 109.432946, 26.249627 ], [ 109.432744, 26.249161 ], [ 109.432691, 26.24882 ], [ 109.432782, 26.24848 ], [ 109.432969, 26.248193 ], [ 109.433167, 26.247969 ], [ 109.433426, 26.247629 ], [ 109.433938, 26.24729 ], [ 109.434128, 26.24712 ], [ 109.43451, 26.246836 ], [ 109.434769, 26.246609 ], [ 109.435089, 26.246441 ], [ 109.435539, 26.246106 ], [ 109.435856, 26.245882 ], [ 109.436306, 26.245478 ], [ 109.436756, 26.245205 ], [ 109.437016, 26.245038 ], [ 109.437535, 26.244636 ], [ 109.437855, 26.244412 ], [ 109.438175, 26.244242 ], [ 109.438427, 26.244076 ], [ 109.439133, 26.243568 ], [ 109.440102, 26.242945 ], [ 109.440354, 26.242723 ], [ 109.440743, 26.242556 ], [ 109.441002, 26.242324 ], [ 109.441509, 26.242049 ], [ 109.44228, 26.241477 ], [ 109.442539, 26.241253 ], [ 109.443058, 26.240619 ], [ 109.443447, 26.240284 ], [ 109.443634, 26.24006 ], [ 109.444084, 26.239605 ], [ 109.444283, 26.239378 ], [ 109.444412, 26.239037 ], [ 109.444618, 26.238867 ], [ 109.444802, 26.238409 ], [ 109.444939, 26.238122 ], [ 109.445267, 26.237323 ], [ 109.445546, 26.236658 ], [ 109.445745, 26.236264 ], [ 109.445951, 26.235921 ], [ 109.446271, 26.235346 ], [ 109.446599, 26.234728 ], [ 109.44685, 26.234092 ], [ 109.447186, 26.233123 ], [ 109.447316, 26.232436 ], [ 109.447461, 26.232151 ], [ 109.44759, 26.231691 ], [ 109.448037, 26.231294 ], [ 109.448174, 26.230954 ], [ 109.448319, 26.230376 ], [ 109.448372, 26.229982 ], [ 109.448319, 26.229578 ], [ 109.448327, 26.229181 ], [ 109.448395, 26.228784 ], [ 109.448342, 26.228324 ], [ 109.448342, 26.227924 ], [ 109.448357, 26.227527 ], [ 109.448426, 26.227184 ], [ 109.448449, 26.22621 ], [ 109.448449, 26.225632 ], [ 109.448395, 26.225236 ], [ 109.448212, 26.224775 ], [ 109.447968, 26.223913 ], [ 109.447869, 26.222825 ], [ 109.447747, 26.222019 ], [ 109.447755, 26.221671 ], [ 109.447632, 26.221152 ], [ 109.447518, 26.220521 ], [ 109.447526, 26.220178 ], [ 109.447465, 26.219771 ], [ 109.447549, 26.219206 ], [ 109.447556, 26.218403 ], [ 109.447686, 26.217945 ], [ 109.447808, 26.217665 ], [ 109.447816, 26.217378 ], [ 109.44796, 26.216862 ], [ 109.44809, 26.216351 ], [ 109.44822, 26.216007 ], [ 109.448289, 26.215776 ], [ 109.448495, 26.215431 ], [ 109.448564, 26.214861 ], [ 109.44877, 26.214353 ], [ 109.448899, 26.214002 ], [ 109.449025, 26.213778 ], [ 109.44904, 26.212631 ], [ 109.449109, 26.212288 ], [ 109.449559, 26.212069 ], [ 109.449765, 26.211899 ], [ 109.450009, 26.211838 ], [ 109.450269, 26.211731 ], [ 109.450521, 26.21167 ], [ 109.451158, 26.211448 ], [ 109.451409, 26.211398 ], [ 109.452111, 26.211235 ], [ 109.452432, 26.211237 ], [ 109.452744, 26.211184 ], [ 109.453061, 26.211187 ], [ 109.453382, 26.211075 ], [ 109.454957, 26.211085 ], [ 109.455483, 26.211263 ], [ 109.456101, 26.211502 ], [ 109.456349, 26.211675 ], [ 109.4568, 26.211853 ], [ 109.457234, 26.211972 ], [ 109.458596, 26.212411 ], [ 109.458916, 26.212525 ], [ 109.45916, 26.212586 ], [ 109.459664, 26.212937 ], [ 109.460026, 26.213161 ], [ 109.460415, 26.213456 ], [ 109.460759, 26.21369 ], [ 109.461556, 26.212996 ], [ 109.462204, 26.212258 ], [ 109.462601, 26.211635 ], [ 109.463185, 26.210783 ], [ 109.464612, 26.209883 ], [ 109.465264, 26.209026 ], [ 109.46521, 26.208113 ], [ 109.465035, 26.207025 ], [ 109.465111, 26.20617 ], [ 109.466351, 26.204866 ], [ 109.468522, 26.204543 ], [ 109.47120876300005, 26.203594844000065 ], [ 109.470756665000067, 26.20292859500006 ], [ 109.469947648000073, 26.202262346000055 ], [ 109.468591356000047, 26.201167794000071 ], [ 109.466426046000038, 26.19997806300006 ], [ 109.464699, 26.199067 ], [ 109.464386, 26.198894 ], [ 109.46413, 26.198828 ], [ 109.46381, 26.198652 ], [ 109.463184, 26.198477 ], [ 109.462685, 26.198418 ], [ 109.462174, 26.198416 ], [ 109.461731, 26.198517 ], [ 109.461033, 26.198632 ], [ 109.460453, 26.198678 ], [ 109.459881, 26.198792 ], [ 109.458939, 26.198894 ], [ 109.458542, 26.199006 ], [ 109.458168, 26.199173 ], [ 109.457851, 26.199173 ], [ 109.457448, 26.199195 ], [ 109.456555, 26.19919 ], [ 109.45625, 26.199121 ], [ 109.455552, 26.198946 ], [ 109.455569755000056, 26.197631816000069 ], [ 109.455777958000056, 26.196352855000043 ], [ 109.457086662000052, 26.194657489000065 ], [ 109.457622040000047, 26.190731379000056 ], [ 109.458603568000058, 26.189333445000045 ], [ 109.458692798000072, 26.187667823000027 ], [ 109.459461, 26.185891 ], [ 109.459972, 26.185723 ], [ 109.460804, 26.185387 ], [ 109.461372, 26.185222 ], [ 109.461876, 26.184828 ], [ 109.462273, 26.18466 ], [ 109.462513, 26.184429 ], [ 109.463101, 26.183741 ], [ 109.46336, 26.183517 ], [ 109.463681, 26.183179 ], [ 109.463887, 26.182892 ], [ 109.464142, 26.182263 ], [ 109.464341, 26.181867 ], [ 109.4646, 26.181526 ], [ 109.464798, 26.181239 ], [ 109.464997, 26.180844 ], [ 109.465126, 26.180501 ], [ 109.465317, 26.180216 ], [ 109.465443, 26.179819 ], [ 109.465573, 26.179585 ], [ 109.465779, 26.179128 ], [ 109.465855, 26.178731 ], [ 109.465985, 26.178444 ], [ 109.466045, 26.178166 ], [ 109.466236, 26.177815 ], [ 109.466381, 26.177475 ], [ 109.466496, 26.177078 ], [ 109.466843, 26.175593 ], [ 109.466988, 26.174845 ], [ 109.466988, 26.174395 ], [ 109.467056, 26.174052 ], [ 109.467003, 26.173701 ], [ 109.467003, 26.173421 ], [ 109.467072, 26.173131 ], [ 109.467018, 26.172788 ], [ 109.466957, 26.1725 ], [ 109.466774, 26.171987 ], [ 109.46629, 26.171119 ], [ 109.466046, 26.170715 ], [ 109.465855, 26.170486 ], [ 109.46555, 26.170193 ], [ 109.465302, 26.169865 ], [ 109.465271, 26.169835 ], [ 109.464859, 26.169611 ], [ 109.464608, 26.169438 ], [ 109.464234, 26.169148 ], [ 109.463791, 26.168746 ], [ 109.463177, 26.167993 ], [ 109.462986, 26.167701 ], [ 109.462933, 26.167424 ], [ 109.462872, 26.167017 ], [ 109.462765, 26.166646 ], [ 109.462758, 26.16662 ], [ 109.462765, 26.165817 ], [ 109.462834, 26.165519 ], [ 109.463223, 26.165125 ], [ 109.463414, 26.164784 ], [ 109.463677, 26.16438 ], [ 109.463997, 26.164039 ], [ 109.464447, 26.16353 ], [ 109.464707, 26.16336 ], [ 109.464913, 26.163136 ], [ 109.465153, 26.163019 ], [ 109.465413, 26.162851 ], [ 109.465863, 26.162513 ], [ 109.466183, 26.162292 ], [ 109.466629, 26.161951 ], [ 109.46695, 26.161664 ], [ 109.467339, 26.161272 ], [ 109.46753, 26.161099 ], [ 109.467789, 26.160761 ], [ 109.467991, 26.160591 ], [ 109.468182, 26.160303 ], [ 109.468312, 26.160016 ], [ 109.468686, 26.159678 ], [ 109.468712, 26.159632 ], [ 109.468815, 26.159454 ], [ 109.468892, 26.159212 ], [ 109.46922, 26.158698 ], [ 109.469674, 26.1579 ], [ 109.470063, 26.157335 ], [ 109.470192, 26.157111 ], [ 109.470429, 26.156919 ], [ 109.470689, 26.156405 ], [ 109.470876, 26.156118 ], [ 109.471044, 26.15402 ], [ 109.471532, 26.151279 ], [ 109.472245, 26.150656 ], [ 109.473214, 26.149977 ], [ 109.474317, 26.149247 ], [ 109.475472, 26.148802 ], [ 109.476369, 26.148695 ], [ 109.47783, 26.14911 ], [ 109.478654, 26.149972 ], [ 109.479527, 26.150951 ], [ 109.480866, 26.15131 ], [ 109.482724, 26.151211 ], [ 109.484154, 26.151255 ], [ 109.4855, 26.150754 ], [ 109.486542, 26.149562 ], [ 109.487194, 26.148481 ], [ 109.488297, 26.147809 ], [ 109.48925, 26.14816 ], [ 109.489941, 26.148908 ], [ 109.489597, 26.150617 ], [ 109.489456, 26.151418 ], [ 109.489319, 26.151929 ], [ 109.489826, 26.152451 ], [ 109.490131, 26.153258 ], [ 109.490246, 26.154173 ], [ 109.490574, 26.155892 ], [ 109.490658, 26.155826 ], [ 109.491119, 26.155254 ], [ 109.49144, 26.154977 ], [ 109.491699, 26.154633 ], [ 109.491829, 26.154399 ], [ 109.492153, 26.153601 ], [ 109.492352, 26.153145 ], [ 109.49268, 26.152463 ], [ 109.493076, 26.151942 ], [ 109.493145, 26.151599 ], [ 109.493336, 26.151321 ], [ 109.493591, 26.150981 ], [ 109.49379, 26.150693 ], [ 109.493919, 26.150469 ], [ 109.494247, 26.150014 ], [ 109.494438, 26.149724 ], [ 109.494633, 26.149383 ], [ 109.494762, 26.149096 ], [ 109.494892, 26.148755 ], [ 109.495098, 26.148125 ], [ 109.495369, 26.147372 ], [ 109.495541, 26.147025 ], [ 109.495625, 26.146397 ], [ 109.495808, 26.145703 ], [ 109.496018, 26.144739 ], [ 109.496094, 26.144218 ], [ 109.496224, 26.143821 ], [ 109.496361, 26.143137 ], [ 109.49643, 26.14285 ], [ 109.496567, 26.142336 ], [ 109.49728, 26.141077 ], [ 109.49741, 26.1408 ], [ 109.497594, 26.140566 ], [ 109.4978, 26.140289 ], [ 109.498429, 26.139833 ], [ 109.49907, 26.139271 ], [ 109.499455, 26.138867 ], [ 109.499967, 26.138648 ], [ 109.500096, 26.13859 ], [ 109.500421, 26.137445 ], [ 109.500913, 26.136993 ], [ 109.503072, 26.135861 ], [ 109.505349, 26.134956 ], [ 109.507321, 26.133917 ], [ 109.508855450000055, 26.132709007000074 ], [ 109.508858, 26.132707 ], [ 109.509576425000034, 26.131599968000046 ], [ 109.509579, 26.131596 ], [ 109.509457, 26.129732 ], [ 109.509404, 26.127521 ], [ 109.508996, 26.12497 ], [ 109.508698, 26.122537 ], [ 109.508645, 26.120442 ], [ 109.508198, 26.118792 ], [ 109.506455, 26.117468 ], [ 109.505303, 26.116311 ], [ 109.503914, 26.11486 ], [ 109.502907, 26.113311 ], [ 109.502381, 26.112337 ], [ 109.501927, 26.110916 ], [ 109.501789, 26.109558 ], [ 109.502033, 26.107922 ], [ 109.501519, 26.106328 ], [ 109.500428, 26.104822 ], [ 109.49997, 26.103606 ], [ 109.499626, 26.102672 ], [ 109.499615, 26.101962 ], [ 109.499642, 26.101476 ], [ 109.499516, 26.10008 ], [ 109.498944, 26.099958 ], [ 109.498436, 26.099953 ], [ 109.498253, 26.100126 ], [ 109.498047, 26.100403 ], [ 109.497803, 26.100807 ], [ 109.497544, 26.101085 ], [ 109.49728, 26.101253 ], [ 109.49696, 26.101423 ], [ 109.496647, 26.101537 ], [ 109.496125, 26.101705 ], [ 109.495819, 26.101756 ], [ 109.495377, 26.101763 ], [ 109.495331, 26.101771 ], [ 109.495018, 26.101822 ], [ 109.492737, 26.101807 ], [ 109.492485, 26.101794 ], [ 109.490014, 26.101776 ], [ 109.489766, 26.101657 ], [ 109.489262, 26.101537 ], [ 109.488511, 26.101189 ], [ 109.488259, 26.10113 ], [ 109.487999, 26.100957 ], [ 109.487565, 26.100838 ], [ 109.487118, 26.100835 ], [ 109.486615, 26.100884 ], [ 109.486226, 26.101001 ], [ 109.485917, 26.101105 ], [ 109.485657, 26.101219 ], [ 109.484757, 26.101728 ], [ 109.484257, 26.101725 ], [ 109.483746, 26.101774 ], [ 109.483368, 26.101888 ], [ 109.482834, 26.101977 ], [ 109.481381, 26.102076 ], [ 109.480931, 26.102125 ], [ 109.480553, 26.102125 ], [ 109.48011, 26.102236 ], [ 109.479729, 26.102234 ], [ 109.479023, 26.102282 ], [ 109.478146, 26.102275 ], [ 109.477127, 26.102374 ], [ 109.476883, 26.102547 ], [ 109.47649, 26.102542 ], [ 109.476178, 26.102603 ], [ 109.475796, 26.102653 ], [ 109.473011, 26.102623 ], [ 109.472565, 26.102681 ], [ 109.472252, 26.102618 ], [ 109.471749, 26.102666 ], [ 109.471352, 26.102666 ], [ 109.470417, 26.102486 ], [ 109.469754, 26.102151 ], [ 109.468995, 26.101685 ], [ 109.468743, 26.101515 ], [ 109.468438, 26.101166 ], [ 109.468247, 26.100994 ], [ 109.468064, 26.10065 ], [ 109.467625, 26.100358 ], [ 109.466748, 26.099549 ], [ 109.4665, 26.099374 ], [ 109.466065, 26.098911 ], [ 109.465752, 26.098738 ], [ 109.4655, 26.098679 ], [ 109.46531, 26.098501 ], [ 109.464989, 26.098389 ], [ 109.464673, 26.098326 ], [ 109.464238, 26.098321 ], [ 109.463597, 26.098486 ], [ 109.463349, 26.098539 ], [ 109.462967, 26.098707 ], [ 109.462578, 26.098819 ], [ 109.462326, 26.098936 ], [ 109.462014, 26.099104 ], [ 109.460537, 26.099661 ], [ 109.460331, 26.099786 ], [ 109.459763, 26.098204 ], [ 109.460038, 26.097176 ], [ 109.460431, 26.096035 ], [ 109.461861, 26.094735 ], [ 109.460209, 26.093863 ], [ 109.458733, 26.094306 ], [ 109.45683, 26.095346 ], [ 109.455148, 26.096584 ], [ 109.453148, 26.098285 ], [ 109.451077, 26.100091 ], [ 109.448479, 26.102408 ], [ 109.447106, 26.10406 ], [ 109.445752, 26.105019 ], [ 109.444978, 26.104944 ], [ 109.444955, 26.104799 ], [ 109.445031, 26.104511 ], [ 109.445039, 26.104168 ], [ 109.445115, 26.103367 ], [ 109.445107, 26.102896 ], [ 109.445187, 26.102329 ], [ 109.445077, 26.101582 ], [ 109.445023, 26.101292 ], [ 109.444962, 26.100775 ], [ 109.444962, 26.100496 ], [ 109.444905, 26.099918 ], [ 109.44492, 26.099522 ], [ 109.444863, 26.098888 ], [ 109.44481, 26.098484 ], [ 109.444806, 26.098143 ], [ 109.44489, 26.09763 ], [ 109.444893, 26.096996 ], [ 109.445027, 26.096358 ], [ 109.44505, 26.095384 ], [ 109.445103, 26.094987 ], [ 109.445119, 26.09459 ], [ 109.445264, 26.093789 ], [ 109.445344, 26.093522 ], [ 109.445344, 26.092719 ], [ 109.445481, 26.092324 ], [ 109.445638, 26.091116 ], [ 109.445771, 26.090487 ], [ 109.445839, 26.090037 ], [ 109.445855, 26.088999 ], [ 109.445931, 26.088432 ], [ 109.445946, 26.087684 ], [ 109.445824, 26.087061 ], [ 109.445774, 26.086598 ], [ 109.445759, 26.08642 ], [ 109.445721, 26.085968 ], [ 109.445656, 26.085678 ], [ 109.445481, 26.085111 ], [ 109.4455, 26.083316 ], [ 109.445504, 26.083036 ], [ 109.445634, 26.082695 ], [ 109.445771, 26.082408 ], [ 109.445912, 26.081607 ], [ 109.446042, 26.081383 ], [ 109.446054, 26.081093 ], [ 109.446183, 26.080752 ], [ 109.446382, 26.079778 ], [ 109.446389, 26.079384 ], [ 109.446271, 26.079094 ], [ 109.446084, 26.078868 ], [ 109.445832, 26.078575 ], [ 109.445153, 26.077919 ], [ 109.444894, 26.077743 ], [ 109.444703, 26.077507 ], [ 109.44439, 26.077227 ], [ 109.444028, 26.076871 ], [ 109.443707, 26.076589 ], [ 109.443524, 26.076405 ], [ 109.443158, 26.076006 ], [ 109.442891, 26.075543 ], [ 109.442845, 26.074857 ], [ 109.443311, 26.074005 ], [ 109.443501, 26.073717 ], [ 109.443761, 26.073206 ], [ 109.443891, 26.072802 ], [ 109.444154, 26.072354 ], [ 109.444543, 26.071896 ], [ 109.444794, 26.071498 ], [ 109.445054, 26.071267 ], [ 109.445252, 26.070926 ], [ 109.445519, 26.070656 ], [ 109.445779, 26.070145 ], [ 109.445977, 26.069867 ], [ 109.446168, 26.069697 ], [ 109.44637, 26.069466 ], [ 109.4465, 26.069239 ], [ 109.446691, 26.069015 ], [ 109.446874, 26.068784 ], [ 109.44708, 26.068443 ], [ 109.447606, 26.067078 ], [ 109.447736, 26.06679 ], [ 109.447804, 26.066393 ], [ 109.447949, 26.06588 ], [ 109.448086, 26.0653 ], [ 109.448155, 26.064957 ], [ 109.448223, 26.064443 ], [ 109.448288, 26.064102 ], [ 109.448357, 26.063642 ], [ 109.448304, 26.063352 ], [ 109.448319, 26.06221 ], [ 109.448216, 26.061063 ], [ 109.448223, 26.060603 ], [ 109.44817, 26.060087 ], [ 109.448113, 26.059746 ], [ 109.448117, 26.059349 ], [ 109.44825, 26.058768 ], [ 109.448517, 26.058203 ], [ 109.448578, 26.057969 ], [ 109.448777, 26.057626 ], [ 109.449047, 26.057349 ], [ 109.449173, 26.057115 ], [ 109.449433, 26.056838 ], [ 109.449677, 26.056553 ], [ 109.449887, 26.056382 ], [ 109.450127, 26.056161 ], [ 109.450386, 26.0561 ], [ 109.450653, 26.05593 ], [ 109.451287, 26.055655 ], [ 109.451477, 26.055487 ], [ 109.452244, 26.054915 ], [ 109.4525, 26.054808 ], [ 109.452694, 26.05464 ], [ 109.452954, 26.054526 ], [ 109.453263, 26.054411 ], [ 109.453904, 26.054137 ], [ 109.454224, 26.054022 ], [ 109.454541, 26.053971 ], [ 109.454922, 26.053854 ], [ 109.455685, 26.053521 ], [ 109.456208, 26.053234 ], [ 109.456517, 26.05313 ], [ 109.456715, 26.052955 ], [ 109.457287, 26.052846 ], [ 109.458146, 26.052596 ], [ 109.458588, 26.052431 ], [ 109.459538, 26.052266 ], [ 109.45992, 26.052151 ], [ 109.460301, 26.052154 ], [ 109.460622, 26.051986 ], [ 109.461579, 26.05177 ], [ 109.462022, 26.051772 ], [ 109.462407, 26.051658 ], [ 109.463162, 26.051556 ], [ 109.463673, 26.051505 ], [ 109.464051, 26.051447 ], [ 109.464547, 26.051396 ], [ 109.465073, 26.051401 ], [ 109.465573, 26.05135 ], [ 109.466336, 26.051238 ], [ 109.466718, 26.051243 ], [ 109.46721, 26.05119 ], [ 109.467469, 26.051192 ], [ 109.46779, 26.051142 ], [ 109.468362, 26.051093 ], [ 109.468678, 26.051032 ], [ 109.46893, 26.051098 ], [ 109.469872, 26.051106 ], [ 109.470208, 26.051053 ], [ 109.470986, 26.051094 ], [ 109.471432, 26.051033 ], [ 109.471928, 26.051102 ], [ 109.473267, 26.051112 ], [ 109.473587, 26.051061 ], [ 109.4739, 26.051064 ], [ 109.474221, 26.050947 ], [ 109.474537, 26.050896 ], [ 109.474797, 26.050728 ], [ 109.47517, 26.050441 ], [ 109.475437, 26.050163 ], [ 109.475617, 26.049929 ], [ 109.475952, 26.049474 ], [ 109.475968, 26.048391 ], [ 109.475983, 26.048048 ], [ 109.475853, 26.047704 ], [ 109.475792, 26.04747 ], [ 109.475609, 26.046901 ], [ 109.475491, 26.046557 ], [ 109.474934, 26.045751 ], [ 109.474812, 26.045515 ], [ 109.474751, 26.045171 ], [ 109.47456, 26.044711 ], [ 109.474392, 26.044195 ], [ 109.474202, 26.043849 ], [ 109.474015, 26.043444 ], [ 109.473778, 26.043099 ], [ 109.473481, 26.042409 ], [ 109.473351, 26.042069 ], [ 109.473229, 26.041779 ], [ 109.473168, 26.041316 ], [ 109.473046, 26.040973 ], [ 109.472978, 26.040501 ], [ 109.472741, 26.040049 ], [ 109.472619, 26.039698 ], [ 109.472501, 26.039415 ], [ 109.472318, 26.038955 ], [ 109.472196, 26.038721 ], [ 109.472074, 26.038322 ], [ 109.471951, 26.037859 ], [ 109.472157, 26.037465 ], [ 109.472341, 26.03706 ], [ 109.472604, 26.036839 ], [ 109.473313, 26.036041 ], [ 109.473874, 26.035875 ], [ 109.474263, 26.035822 ], [ 109.474835, 26.03571 ], [ 109.475213, 26.035659 ], [ 109.475465, 26.035606 ], [ 109.475854, 26.03544 ], [ 109.476174, 26.035323 ], [ 109.476426, 26.035209 ], [ 109.476872, 26.034988 ], [ 109.477582, 26.034532 ], [ 109.477826, 26.034482 ], [ 109.478272, 26.034258 ], [ 109.478662, 26.034143 ], [ 109.478974, 26.033976 ], [ 109.479581, 26.033637 ], [ 109.479428, 26.033291 ], [ 109.479249, 26.033004 ], [ 109.479005, 26.032198 ], [ 109.479012, 26.031918 ], [ 109.478822, 26.031338 ], [ 109.478768, 26.031051 ], [ 109.478784, 26.03014 ], [ 109.478799, 26.029736 ], [ 109.478738, 26.029337 ], [ 109.478616, 26.02876 ], [ 109.478562, 26.028192 ], [ 109.47844, 26.027837 ], [ 109.478394, 26.027549 ], [ 109.478142, 26.027257 ], [ 109.477959, 26.02669 ], [ 109.477829, 26.0264 ], [ 109.477536, 26.02582 ], [ 109.477223, 26.025248 ], [ 109.477169, 26.02496 ], [ 109.476918, 26.0245 ], [ 109.476673, 26.023928 ], [ 109.476372, 26.023175 ], [ 109.476128, 26.022715 ], [ 109.475876, 26.022425 ], [ 109.475693, 26.022028 ], [ 109.475442, 26.021446 ], [ 109.47532, 26.021217 ], [ 109.475129, 26.020927 ], [ 109.475015, 26.02047 ], [ 109.474835, 26.019897 ], [ 109.47466, 26.019264 ], [ 109.474729, 26.018751 ], [ 109.474736, 26.018176 ], [ 109.474378, 26.017143 ], [ 109.474195, 26.016683 ], [ 109.47395, 26.016167 ], [ 109.473767, 26.01565 ], [ 109.473522, 26.015238 ], [ 109.47316, 26.014548 ], [ 109.472969, 26.014261 ], [ 109.472725, 26.013689 ], [ 109.472534, 26.013399 ], [ 109.47229, 26.013056 ], [ 109.472046, 26.012819 ], [ 109.471745, 26.012473 ], [ 109.471478, 26.0123 ], [ 109.471043, 26.011952 ], [ 109.47086, 26.011779 ], [ 109.470669, 26.011545 ], [ 109.470482, 26.011372 ], [ 109.470078, 26.011063 ], [ 109.469895, 26.010885 ], [ 109.469262, 26.01031 ], [ 109.469018, 26.010074 ], [ 109.468518, 26.009725 ], [ 109.468266, 26.009382 ], [ 109.467892, 26.009084 ], [ 109.467572, 26.008913 ], [ 109.467202, 26.008618 ], [ 109.466752, 26.008509 ], [ 109.466324, 26.008153 ], [ 109.466011, 26.007924 ], [ 109.465756, 26.007868 ], [ 109.465435, 26.007685 ], [ 109.464688, 26.00722 ], [ 109.464375, 26.007044 ], [ 109.46381, 26.006698 ], [ 109.463311, 26.006406 ], [ 109.463006, 26.006296 ], [ 109.462613, 26.006057 ], [ 109.462365, 26.005938 ], [ 109.462117, 26.005828 ], [ 109.461743, 26.005706 ], [ 109.461239, 26.00547 ], [ 109.460797, 26.005292 ], [ 109.460484, 26.005066 ], [ 109.459717, 26.004826 ], [ 109.459282, 26.004704 ], [ 109.459031, 26.004648 ], [ 109.458458, 26.004643 ], [ 109.458153, 26.004587 ], [ 109.457756, 26.004369 ], [ 109.457375, 26.004142 ], [ 109.457123, 26.003967 ], [ 109.456738, 26.003728 ], [ 109.456246, 26.003385 ], [ 109.456051, 26.003209 ], [ 109.455941, 26.003023 ], [ 109.455811, 26.002809 ], [ 109.455757, 26.002296 ], [ 109.456074, 26.001838 ], [ 109.456341, 26.001434 ], [ 109.456536, 26.001037 ], [ 109.456669, 26.000643 ], [ 109.45863, 25.999982 ], [ 109.458653, 25.999934 ], [ 109.458093, 25.998527 ], [ 109.456456, 25.997431 ], [ 109.455754, 25.996833 ], [ 109.45469, 25.995563 ], [ 109.452939, 25.993795 ], [ 109.450433, 25.993264 ], [ 109.446419, 25.991801 ], [ 109.4414, 25.989821 ], [ 109.440061, 25.988942 ], [ 109.433949, 25.985089 ], [ 109.430107, 25.983694 ], [ 109.427387, 25.979884 ], [ 109.425686, 25.976907 ], [ 109.421883, 25.974552 ], [ 109.417725, 25.97249 ], [ 109.414948, 25.97234 ], [ 109.413071, 25.971633 ], [ 109.411473, 25.97104 ], [ 109.408955, 25.971079 ], [ 109.406937, 25.970833 ], [ 109.403588, 25.969696 ], [ 109.402098723000051, 25.968082864000053 ], [ 109.402085, 25.968068 ], [ 109.405327, 25.966075 ], [ 109.408089, 25.965837 ], [ 109.41314, 25.966432 ], [ 109.415436, 25.966275 ], [ 109.419518, 25.965766 ], [ 109.421979, 25.964366 ], [ 109.424466, 25.962753 ], [ 109.428506, 25.95906 ], [ 109.431012, 25.958562 ], [ 109.434003, 25.95828 ], [ 109.434976, 25.957909 ], [ 109.436105, 25.95547 ], [ 109.434563, 25.94787 ], [ 109.433171, 25.943637 ], [ 109.430455, 25.939005 ], [ 109.428162, 25.936088 ], [ 109.427785, 25.935208 ], [ 109.428658, 25.933303 ], [ 109.429471, 25.929659 ], [ 109.428563, 25.925987 ], [ 109.428578, 25.924769 ], [ 109.427933, 25.924034 ], [ 109.428071, 25.92365 ], [ 109.428269, 25.922314 ], [ 109.427292, 25.921354 ], [ 109.426156, 25.920774 ], [ 109.425156, 25.91966 ], [ 109.425164, 25.919615 ], [ 109.425301, 25.918437 ], [ 109.425141, 25.917216 ], [ 109.424111, 25.916662 ], [ 109.421834, 25.915431 ], [ 109.417516, 25.913236 ], [ 109.414517, 25.912506 ], [ 109.412034, 25.911924 ], [ 109.409234, 25.911652 ], [ 109.407071, 25.910178 ], [ 109.40556, 25.909125 ], [ 109.403233, 25.908103 ], [ 109.40157, 25.907366 ], [ 109.398411, 25.906638 ], [ 109.394951, 25.904888 ], [ 109.391156, 25.904911 ], [ 109.389142, 25.903429 ], [ 109.38781, 25.9009 ], [ 109.387795, 25.897917 ], [ 109.389084, 25.895674 ], [ 109.390408, 25.893428 ], [ 109.391217, 25.891327 ], [ 109.391507, 25.886718 ], [ 109.3905, 25.883419 ], [ 109.388482, 25.87852 ], [ 109.387636929000053, 25.875552773000038 ], [ 109.387635, 25.875546 ], [ 109.38596, 25.872591 ], [ 109.383759, 25.86944 ], [ 109.381974, 25.867825 ], [ 109.378129, 25.864862 ], [ 109.375031, 25.862734 ], [ 109.372972, 25.86132 ], [ 109.370362, 25.859776 ], [ 109.368989, 25.858958 ], [ 109.367001, 25.857475 ], [ 109.365151, 25.855217 ], [ 109.36538, 25.85288 ], [ 109.36591, 25.850935 ], [ 109.365624, 25.849269 ], [ 109.363049, 25.847552 ], [ 109.359562, 25.844771 ], [ 109.356159, 25.844107 ], [ 109.353676, 25.844285 ], [ 109.351189, 25.843978 ], [ 109.346394, 25.842454 ], [ 109.343586, 25.841356 ], [ 109.340427, 25.840911 ], [ 109.337208, 25.839288 ], [ 109.33519, 25.837536 ], [ 109.334751, 25.836755 ], [ 109.334854, 25.836325 ], [ 109.335217, 25.834797 ], [ 109.335579, 25.833359 ], [ 109.335724, 25.832779 ], [ 109.335106, 25.831182 ], [ 109.33448, 25.830162 ], [ 109.332846576000065, 25.828552480000042 ], [ 109.33284, 25.828546 ], [ 109.332353, 25.8234 ], [ 109.332165, 25.821162 ], [ 109.332642, 25.819086 ], [ 109.332604, 25.814166 ], [ 109.333382, 25.810415 ], [ 109.334546, 25.80743 ], [ 109.335194, 25.805476 ], [ 109.334843, 25.803841 ], [ 109.333511, 25.801767 ], [ 109.333481, 25.798178 ], [ 109.332954, 25.794904 ], [ 109.33183, 25.79254 ], [ 109.328309, 25.789558 ], [ 109.325142, 25.787506 ], [ 109.3233, 25.786308 ], [ 109.320966, 25.784214 ], [ 109.317792, 25.782046 ], [ 109.312867, 25.781133 ], [ 109.310692, 25.780105 ], [ 109.309338, 25.778012 ], [ 109.30869, 25.775943 ], [ 109.308674, 25.774285 ], [ 109.3093, 25.771897 ], [ 109.310624, 25.769073 ], [ 109.312276, 25.768178 ], [ 109.315084, 25.767713 ], [ 109.319055, 25.76606 ], [ 109.323319, 25.764389 ], [ 109.329102, 25.76167 ], [ 109.332913, 25.759132 ], [ 109.333858, 25.758214 ], [ 109.334671, 25.755539 ], [ 109.335812, 25.752933 ], [ 109.336308, 25.751796 ], [ 109.336903, 25.750024 ], [ 109.336964, 25.749846 ], [ 109.336789, 25.74761 ], [ 109.336262, 25.744937 ], [ 109.336094, 25.743757 ], [ 109.336079, 25.741519 ], [ 109.336567, 25.739417 ], [ 109.337032, 25.737324 ], [ 109.336858843000073, 25.735417293000069 ], [ 109.336857, 25.735397 ], [ 109.335541, 25.734657 ], [ 109.331258, 25.735428 ], [ 109.327626, 25.736044 ], [ 109.323327, 25.736059 ], [ 109.321507, 25.735896 ], [ 109.315884, 25.735794 ], [ 109.310406, 25.736124 ], [ 109.307801, 25.735097 ], [ 109.306577, 25.734665 ], [ 109.30705, 25.730224 ], [ 109.309396, 25.725 ], [ 109.306176, 25.723245 ], [ 109.302517, 25.723196 ], [ 109.299656, 25.721246 ], [ 109.296036, 25.718413 ], [ 109.292221, 25.717151 ], [ 109.288353, 25.718318 ], [ 109.285824, 25.720024 ], [ 109.28352, 25.719821 ], [ 109.279908, 25.717691 ], [ 109.276067, 25.716944 ], [ 109.273362, 25.717607 ], [ 109.269486, 25.72017 ], [ 109.266976, 25.720663 ], [ 109.263901, 25.72045 ], [ 109.260624, 25.720757 ], [ 109.257935, 25.721775 ], [ 109.255817, 25.721922 ], [ 109.253319, 25.721892 ], [ 109.251957, 25.722746 ], [ 109.251747, 25.723962 ], [ 109.251522, 25.72622 ], [ 109.251091, 25.72935 ], [ 109.250385, 25.73157 ], [ 109.25, 25.731509 ], [ 109.249718, 25.731466 ], [ 109.245743, 25.73122 ], [ 109.245568, 25.73121 ], [ 109.243264, 25.731218 ], [ 109.23882, 25.734056 ], [ 109.236668, 25.735278 ], [ 109.234391, 25.736494 ], [ 109.22976, 25.739328 ], [ 109.228112, 25.739939 ], [ 109.225792, 25.740384 ], [ 109.223317, 25.740244 ], [ 109.221157, 25.740122 ], [ 109.217205, 25.739842 ], [ 109.21489, 25.739709 ], [ 109.212891, 25.739722 ], [ 109.212334, 25.740223 ], [ 109.210793, 25.740083 ], [ 109.207730532000085, 25.740895859000034 ], [ 109.20773, 25.740896 ], [ 109.204716, 25.742279 ], [ 109.203327, 25.742287 ], [ 109.202503, 25.743182 ], [ 109.202831, 25.744672 ], [ 109.20351, 25.74645 ], [ 109.204838, 25.74997 ], [ 109.205017, 25.750459 ], [ 109.204876, 25.752096 ], [ 109.204617, 25.752956 ], [ 109.20406, 25.754799 ], [ 109.203892, 25.757187 ], [ 109.204735, 25.759025 ], [ 109.204254, 25.759932 ], [ 109.203125, 25.760787 ], [ 109.202301, 25.762798 ], [ 109.203064, 25.764973 ], [ 109.203061837000064, 25.764977267000063 ], [ 109.202408, 25.766267 ], [ 109.201882, 25.76645 ], [ 109.199204, 25.767386 ], [ 109.197437, 25.768233 ], [ 109.196137, 25.770097 ], [ 109.195793, 25.771883 ], [ 109.196388, 25.772893 ], [ 109.199223, 25.77511 ], [ 109.200531, 25.776888 ], [ 109.20089, 25.778989 ], [ 109.200562, 25.782117 ], [ 109.202423, 25.786295 ], [ 109.202599, 25.788966 ], [ 109.202263, 25.791064 ], [ 109.199169, 25.794645 ], [ 109.196518, 25.796465 ], [ 109.192891, 25.798544 ], [ 109.189927, 25.80215 ], [ 109.188634, 25.803048 ], [ 109.183186, 25.804864 ], [ 109.179044, 25.806366 ], [ 109.175225, 25.807612 ], [ 109.172757, 25.808113 ], [ 109.170945, 25.807836 ], [ 109.169118, 25.80679 ], [ 109.167295, 25.805455 ], [ 109.165795, 25.80368 ], [ 109.162487, 25.800713 ], [ 109.161648, 25.799223 ], [ 109.163456, 25.797433 ], [ 109.166905, 25.795773 ], [ 109.171036, 25.794427 ], [ 109.1755, 25.792619 ], [ 109.177815, 25.791856 ], [ 109.178128, 25.790505 ], [ 109.177136, 25.789465 ], [ 109.175133, 25.78784 ], [ 109.173463, 25.785012 ], [ 109.173959, 25.782472 ], [ 109.176419, 25.780824 ], [ 109.179208, 25.779314 ], [ 109.18335, 25.778845 ], [ 109.186009, 25.77869 ], [ 109.18665, 25.777479 ], [ 109.185342, 25.775419 ], [ 109.182309, 25.7714 ], [ 109.179497, 25.768285 ], [ 109.178315, 25.766199 ], [ 109.176526, 25.764425 ], [ 109.174355, 25.762947 ], [ 109.172379, 25.762355 ], [ 109.17043, 25.762067 ], [ 109.168313, 25.762959 ], [ 109.166692, 25.764963 ], [ 109.16589, 25.765675 ], [ 109.164299, 25.765515 ], [ 109.161931, 25.763613 ], [ 109.159562, 25.762143 ], [ 109.157639, 25.76181 ], [ 109.15477, 25.761922 ], [ 109.154465, 25.760909 ], [ 109.15498, 25.758601 ], [ 109.155602, 25.755217 ], [ 109.154316, 25.75452 ], [ 109.153328, 25.75349 ], [ 109.153073, 25.752882 ], [ 109.151986, 25.750364 ], [ 109.151848, 25.74999 ], [ 109.150986, 25.747674 ], [ 109.147663, 25.744874 ], [ 109.145668, 25.744572 ], [ 109.143529, 25.744717 ], [ 109.140549, 25.747116 ], [ 109.138749, 25.749364 ], [ 109.138066, 25.749997 ], [ 109.136792, 25.75118 ], [ 109.135365, 25.752866 ], [ 109.1325, 25.756247 ], [ 109.131363, 25.758203 ], [ 109.130227, 25.759254 ], [ 109.128751, 25.76179 ], [ 109.127782, 25.765377 ], [ 109.127831, 25.765794 ], [ 109.130093, 25.769703 ], [ 109.132455, 25.771754 ], [ 109.135258, 25.775557 ], [ 109.139332, 25.780086 ], [ 109.140549, 25.783855 ], [ 109.139744, 25.785705 ], [ 109.140107, 25.786669 ], [ 109.138848, 25.789718 ], [ 109.139473, 25.791645 ], [ 109.139901, 25.795117 ], [ 109.139054, 25.798148 ], [ 109.136467, 25.80043 ], [ 109.134297, 25.801999 ], [ 109.132107, 25.80637 ], [ 109.130627, 25.808303 ], [ 109.12603, 25.810568 ], [ 109.125008, 25.810987 ], [ 109.124192, 25.811323 ], [ 109.121716, 25.811481 ], [ 109.120461, 25.811672 ], [ 109.118756, 25.811944 ], [ 109.114941, 25.812249 ], [ 109.113453, 25.812254 ], [ 109.11179, 25.81152 ], [ 109.109654, 25.810034 ], [ 109.106648, 25.80854 ], [ 109.102352, 25.807978 ], [ 109.098103, 25.807686 ], [ 109.096108, 25.808995 ], [ 109.094178, 25.810857 ], [ 109.092592813000067, 25.810692912000036 ], [ 109.092584, 25.810692 ], [ 109.090695, 25.808357 ], [ 109.090264, 25.805173 ], [ 109.09176, 25.802305 ], [ 109.093388, 25.800161 ], [ 109.093736, 25.798002 ], [ 109.092893, 25.797145 ], [ 109.090409, 25.796835 ], [ 109.086919, 25.79774 ], [ 109.083131, 25.798666 ], [ 109.082291, 25.798591 ], [ 109.081757, 25.798326 ], [ 109.080838, 25.797489 ], [ 109.076073, 25.791521 ], [ 109.075074, 25.788858 ], [ 109.074784, 25.786976 ], [ 109.074528, 25.785455 ], [ 109.075142, 25.783492 ], [ 109.075489, 25.78208 ], [ 109.075497, 25.781513 ], [ 109.07523, 25.781193 ], [ 109.074841, 25.78101 ], [ 109.073944, 25.780943 ], [ 109.072262, 25.781589 ], [ 109.068821, 25.78303 ], [ 109.066227, 25.784126 ], [ 109.064373, 25.78522 ], [ 109.062718, 25.785836 ], [ 109.061486, 25.786466 ], [ 109.058114, 25.787476 ], [ 109.054226, 25.788363 ], [ 109.052529, 25.788948 ], [ 109.050984, 25.790197 ], [ 109.04971, 25.791913 ], [ 109.048314, 25.793147 ], [ 109.046395, 25.794324 ], [ 109.045529, 25.794676 ], [ 109.044777, 25.794852 ], [ 109.043694, 25.794753 ], [ 109.041592, 25.794534 ], [ 109.040531, 25.794109 ], [ 109.038536, 25.792878 ], [ 109.038094, 25.792629 ], [ 109.037228, 25.792238 ], [ 109.03566, 25.792166 ], [ 109.03565907400008, 25.792166236000071 ], [ 109.034451, 25.792474 ], [ 109.033592, 25.792779 ], [ 109.032619, 25.793066 ], [ 109.031857, 25.793417 ], [ 109.030888, 25.794126 ], [ 109.02977, 25.79497 ], [ 109.028751, 25.795634 ], [ 109.027832, 25.7963 ], [ 109.02702, 25.796921 ], [ 109.026016, 25.796771 ], [ 109.025471, 25.796125 ], [ 109.024578, 25.795385 ], [ 109.023125, 25.795136 ], [ 109.020729, 25.794576 ], [ 109.017933, 25.793937 ], [ 109.014584, 25.794232 ], [ 109.012493, 25.793919 ], [ 109.011052, 25.791936 ], [ 109.010075, 25.789884 ], [ 109.009755, 25.786962 ], [ 109.009385, 25.784887 ], [ 109.008297, 25.782839 ], [ 109.007546, 25.782584 ], [ 109.006066, 25.784875 ], [ 109.004742, 25.786261 ], [ 109.002923, 25.784537 ], [ 109.001935, 25.784026 ], [ 109.000249, 25.784417 ], [ 109.000031, 25.784585 ], [ 108.997147, 25.7868 ], [ 108.995812, 25.787396 ], [ 108.994965, 25.787732 ], [ 108.994962771000075, 25.787731619000056 ], [ 108.99355, 25.78749 ], [ 108.991585, 25.78583 ], [ 108.989296, 25.783945 ], [ 108.985428, 25.782022 ], [ 108.985771, 25.781442 ], [ 108.987038, 25.780011 ], [ 108.9883, 25.778149 ], [ 108.989716, 25.776143 ], [ 108.990818, 25.774139 ], [ 108.991924, 25.772135 ], [ 108.993668, 25.770411 ], [ 108.995407, 25.76855 ], [ 108.995804, 25.767604 ], [ 108.996136, 25.766645 ], [ 108.995999, 25.766146 ], [ 108.995804, 25.766131 ], [ 108.995712, 25.766114 ], [ 108.995392, 25.765824 ], [ 108.9954, 25.765104 ], [ 108.995812, 25.76384 ], [ 108.995816, 25.763628 ], [ 108.995812, 25.763621 ], [ 108.995545, 25.763382 ], [ 108.994595, 25.763242 ], [ 108.992695, 25.764527 ], [ 108.990788, 25.765966 ], [ 108.989357, 25.766393 ], [ 108.98745, 25.766393 ], [ 108.985489, 25.766055 ], [ 108.982266, 25.762361 ], [ 108.976612, 25.755514 ], [ 108.975335, 25.753122 ], [ 108.975651, 25.750024 ], [ 108.975739, 25.749183 ], [ 108.975441, 25.74841 ], [ 108.972062, 25.746774 ], [ 108.968861, 25.745797 ], [ 108.963909, 25.74616 ], [ 108.962243, 25.74756 ], [ 108.960129, 25.748211 ], [ 108.957917, 25.74696 ], [ 108.956494, 25.744934 ], [ 108.955498, 25.743274 ], [ 108.956055, 25.742188 ], [ 108.958916, 25.740261 ], [ 108.960369, 25.739274 ], [ 108.960408, 25.737107 ], [ 108.959473, 25.73565 ], [ 108.957276, 25.735221 ], [ 108.954098, 25.734575 ], [ 108.949788, 25.733929 ], [ 108.946103, 25.734306 ], [ 108.944951, 25.734333 ], [ 108.944097, 25.73485 ], [ 108.943376, 25.7356 ], [ 108.944173, 25.736607 ], [ 108.944451, 25.738921 ], [ 108.941701, 25.741044 ], [ 108.939324148000082, 25.742009840000037 ], [ 108.936223, 25.74327 ], [ 108.933835, 25.742799 ], [ 108.932285, 25.741196 ], [ 108.930706, 25.739169 ], [ 108.930508, 25.739162 ], [ 108.927971, 25.737768 ], [ 108.925724, 25.735749 ], [ 108.920105, 25.735612 ], [ 108.916874, 25.734607 ], [ 108.913635, 25.732352 ], [ 108.908718, 25.72969 ], [ 108.907433, 25.727924 ], [ 108.907853, 25.723735 ], [ 108.908162, 25.721531 ], [ 108.903481, 25.719959 ], [ 108.901211, 25.719199 ], [ 108.899277, 25.72047 ], [ 108.896092, 25.719992 ], [ 108.895653, 25.719629 ], [ 108.89531, 25.719823 ], [ 108.893631, 25.719324 ], [ 108.892212, 25.717303 ], [ 108.89138, 25.711597 ], [ 108.891075, 25.706542 ], [ 108.892166, 25.701482 ], [ 108.892853, 25.699071 ], [ 108.894387, 25.696145 ], [ 108.895371, 25.694507 ], [ 108.894112, 25.692104 ], [ 108.892838, 25.689555 ], [ 108.893974, 25.687795 ], [ 108.896338037000078, 25.685525604000077 ], [ 108.896346678000043, 25.685517310000023 ], [ 108.896347, 25.685517 ], [ 108.902409, 25.68297 ], [ 108.908295, 25.681317 ], [ 108.911774, 25.680675 ], [ 108.913617, 25.680815 ], [ 108.915597, 25.680935 ], [ 108.917542, 25.682181 ], [ 108.918401, 25.683455 ], [ 108.919232, 25.683557 ], [ 108.919385, 25.684373 ], [ 108.920147, 25.685542 ], [ 108.921883, 25.686712 ], [ 108.924107, 25.687468 ], [ 108.925388, 25.687343 ], [ 108.926048, 25.685909 ], [ 108.92643, 25.685385 ], [ 108.926514, 25.685474 ], [ 108.927162, 25.686054 ], [ 108.929066, 25.686054 ], [ 108.931439, 25.685191 ], [ 108.93364, 25.684316 ], [ 108.935688, 25.683027 ], [ 108.937744, 25.681448 ], [ 108.938534, 25.68102 ], [ 108.939965, 25.680731 ], [ 108.942021, 25.680588 ], [ 108.943451, 25.681018 ], [ 108.944722, 25.681877 ], [ 108.945362, 25.683454 ], [ 108.947083, 25.685163 ], [ 108.949471, 25.68674 ], [ 108.949948, 25.687887 ], [ 108.949963, 25.690036 ], [ 108.950757, 25.690896 ], [ 108.953389, 25.690445 ], [ 108.954141, 25.694484 ], [ 108.956254, 25.696242 ], [ 108.960301, 25.696864 ], [ 108.963944, 25.698886 ], [ 108.966786, 25.701533 ], [ 108.97046, 25.70356 ], [ 108.972943, 25.706583 ], [ 108.974664, 25.708337 ], [ 108.976357, 25.710632 ], [ 108.977788, 25.714818 ], [ 108.979062, 25.71949 ], [ 108.97894, 25.72127 ], [ 108.979771, 25.723681 ], [ 108.982751, 25.725078 ], [ 108.99199, 25.725551 ], [ 108.995251, 25.726179 ], [ 108.995812, 25.726579 ], [ 108.997151, 25.727537 ], [ 108.997327, 25.728933 ], [ 108.996179, 25.730812 ], [ 108.995812, 25.732965 ], [ 108.995553, 25.734272 ], [ 108.995667, 25.734623 ], [ 108.994935, 25.735892 ], [ 108.99474, 25.738054 ], [ 108.995812, 25.738748 ], [ 108.996735, 25.739346 ], [ 108.998978, 25.739384 ], [ 109.000027, 25.7387 ], [ 109.000455, 25.738423 ], [ 109.003403, 25.737795 ], [ 109.006787, 25.735631 ], [ 109.011803, 25.734182 ], [ 109.017304, 25.73052 ], [ 109.017438, 25.730439 ], [ 109.018616, 25.730996 ], [ 109.018739, 25.733163 ], [ 109.020482, 25.734354 ], [ 109.020505, 25.733046 ], [ 109.02018, 25.728773 ], [ 109.02369, 25.72656 ], [ 109.026226, 25.725668 ], [ 109.029305, 25.726054 ], [ 109.032574, 25.727448 ], [ 109.032984433000081, 25.732026674000053 ], [ 109.036256192000053, 25.734822541000028 ], [ 109.035542353000039, 25.73827275900004 ], [ 109.035958759000039, 25.740235815000062 ], [ 109.037326949000033, 25.74071170700006 ], [ 109.039067, 25.741329 ], [ 109.04118, 25.741954 ], [ 109.043216115000064, 25.743448087000047 ], [ 109.046368901000051, 25.744875763000039 ], [ 109.047677604000057, 25.747017278000044 ], [ 109.048688875000039, 25.748682901000052 ], [ 109.049700146000077, 25.747493171000031 ], [ 109.050651931000061, 25.745530115000065 ], [ 109.050057065000033, 25.744161925000071 ], [ 109.049759633000065, 25.74255578900005 ], [ 109.050949363000086, 25.741604005000056 ], [ 109.050473471000089, 25.740890166000042 ], [ 109.052193, 25.740606 ], [ 109.052094, 25.739659 ], [ 109.052441, 25.73793 ], [ 109.051979, 25.736768 ], [ 109.051052, 25.734733 ], [ 109.052189, 25.733739 ], [ 109.054764, 25.732767 ], [ 109.058123438000052, 25.730860738000047 ], [ 109.063548609000065, 25.728957169000068 ], [ 109.067429, 25.72845 ], [ 109.071454, 25.725752 ], [ 109.074631, 25.723525 ], [ 109.074528, 25.723049 ], [ 109.070179, 25.717571 ], [ 109.068055, 25.714688 ], [ 109.067479, 25.711031 ], [ 109.068985, 25.703422 ], [ 109.070324, 25.700831 ], [ 109.071065, 25.698336 ], [ 109.07076, 25.696676 ], [ 109.069534, 25.695833 ], [ 109.067326, 25.694879 ], [ 109.065438, 25.693673 ], [ 109.062855, 25.692389 ], [ 109.060196, 25.690797 ], [ 109.058037, 25.68632 ], [ 109.053051, 25.68266 ], [ 109.051014, 25.677559 ], [ 109.051159, 25.673971 ], [ 109.050194, 25.672602 ], [ 109.048725, 25.671238 ], [ 109.047448, 25.670638 ], [ 109.046105, 25.669524 ], [ 109.045666, 25.669157 ], [ 109.045948, 25.66667 ], [ 109.045971, 25.666462 ], [ 109.045113, 25.663462 ], [ 109.03962, 25.660845 ], [ 109.038632, 25.659836 ], [ 109.038609, 25.655524 ], [ 109.03833, 25.653619 ], [ 109.036625, 25.651214 ], [ 109.03632, 25.648444 ], [ 109.03632, 25.645264 ], [ 109.03645, 25.644135 ], [ 109.037514, 25.641836 ], [ 109.035042, 25.64133 ], [ 109.032059, 25.64059 ], [ 109.029339, 25.63953 ], [ 109.027451, 25.63748 ], [ 109.026852, 25.635301 ], [ 109.026913, 25.632408 ], [ 109.028863773000069, 25.630132598000046 ], [ 109.028866, 25.63013 ], [ 109.031922, 25.629313 ], [ 109.035111, 25.627602 ], [ 109.036728, 25.62633 ], [ 109.035313, 25.624863 ], [ 109.034863, 25.623123 ], [ 109.03664, 25.621852 ], [ 109.039052, 25.621596 ], [ 109.042065, 25.622803 ], [ 109.042885, 25.622818 ], [ 109.042286, 25.621707 ], [ 109.042839149000088, 25.618407079000065 ], [ 109.04284, 25.618402 ], [ 109.043946, 25.615635 ], [ 109.041901, 25.61239 ], [ 109.039685, 25.611924 ], [ 109.038086, 25.611754 ], [ 109.037792, 25.610159 ], [ 109.03862, 25.608439 ], [ 109.038929, 25.606908 ], [ 109.038128, 25.60523 ], [ 109.038407, 25.601451 ], [ 109.040203, 25.59803 ], [ 109.041451, 25.588775 ], [ 109.0416, 25.586186 ], [ 109.041764, 25.583361 ], [ 109.04197, 25.579773 ], [ 109.04197, 25.577621 ], [ 109.04308, 25.574467 ], [ 109.045689, 25.572028 ], [ 109.047772, 25.569616 ], [ 109.055642, 25.568469 ], [ 109.058434, 25.566772 ], [ 109.061493, 25.565134 ], [ 109.063328, 25.564623 ], [ 109.065693, 25.561825 ], [ 109.06823, 25.558082 ], [ 109.071137, 25.555841 ], [ 109.075615, 25.55506 ], [ 109.079685, 25.553654 ], [ 109.081215, 25.553293 ], [ 109.082836, 25.553392 ], [ 109.083619, 25.552374 ], [ 109.083333, 25.550492 ], [ 109.081951, 25.548763 ], [ 109.079083, 25.54858 ], [ 109.077667, 25.547402 ], [ 109.078354, 25.544514 ], [ 109.07806, 25.54292 ], [ 109.075367, 25.541437 ], [ 109.07412, 25.539832 ], [ 109.072857, 25.53895 ], [ 109.069515, 25.53964 ], [ 109.065991, 25.540748 ], [ 109.06239, 25.541506 ], [ 109.059986, 25.538905 ], [ 109.054112, 25.532483 ], [ 109.051125, 25.528324 ], [ 109.045914, 25.525659 ], [ 109.043816, 25.525251 ], [ 109.043324, 25.525866 ], [ 109.043942, 25.527466 ], [ 109.04311, 25.5289 ], [ 109.040688, 25.530448 ], [ 109.038777, 25.530128 ], [ 109.037209, 25.528228 ], [ 109.035008, 25.526456 ], [ 109.03125, 25.52412 ], [ 109.030079, 25.522615 ], [ 109.028126, 25.522203 ], [ 109.024601, 25.519046 ], [ 109.023445, 25.51676 ], [ 109.020775, 25.515321 ], [ 109.017712, 25.516381 ], [ 109.013798, 25.519715 ], [ 109.009453, 25.521233 ], [ 109.006821, 25.522161 ], [ 109.006264, 25.52264 ], [ 109.004032, 25.524555 ], [ 109.001183, 25.528478 ], [ 109.000031, 25.528974 ], [ 108.997422, 25.530101 ], [ 108.99582, 25.531504 ], [ 108.993455, 25.533449 ], [ 108.992764, 25.537688 ], [ 108.989625, 25.539288 ], [ 108.985467, 25.536689 ], [ 108.982597, 25.53667 ], [ 108.98003, 25.536733 ], [ 108.974438, 25.536535 ], [ 108.970456, 25.534932 ], [ 108.968781, 25.534813 ], [ 108.968197, 25.537724 ], [ 108.967847, 25.542362 ], [ 108.968381, 25.54553 ], [ 108.966615, 25.546344 ], [ 108.965081, 25.547378 ], [ 108.963513, 25.550303 ], [ 108.959184, 25.551495 ], [ 108.956986, 25.552648 ], [ 108.95313, 25.554352 ], [ 108.950337, 25.556903 ], [ 108.948392, 25.559438 ], [ 108.948388416000057, 25.559438712000031 ], [ 108.945172, 25.560078 ], [ 108.940125, 25.559198 ], [ 108.936734, 25.557443 ], [ 108.93393, 25.556675 ], [ 108.930436, 25.557073 ], [ 108.928761, 25.558855 ], [ 108.927777, 25.559488 ], [ 108.926384, 25.558596 ], [ 108.92342, 25.555183 ], [ 108.921868, 25.553548 ], [ 108.916184, 25.549925 ], [ 108.914128, 25.549134 ], [ 108.911889, 25.547985 ], [ 108.909089, 25.546852 ], [ 108.904873, 25.54737 ], [ 108.902207, 25.546994 ], [ 108.898415, 25.544965 ], [ 108.89349, 25.543959 ], [ 108.891713, 25.544089 ], [ 108.888173, 25.544986 ], [ 108.885518, 25.546393 ], [ 108.884961, 25.547909 ], [ 108.886784, 25.551828 ], [ 108.887646, 25.557152 ], [ 108.887543, 25.558355 ], [ 108.887093, 25.558932 ], [ 108.886406, 25.559323 ], [ 108.884995, 25.559303 ], [ 108.881508, 25.558428 ], [ 108.878556, 25.558679 ], [ 108.875767, 25.557555 ], [ 108.875, 25.557314 ], [ 108.87225, 25.556439 ], [ 108.871052, 25.556274 ], [ 108.87098, 25.556258 ], [ 108.868592, 25.55655 ], [ 108.865086, 25.558078 ], [ 108.860429, 25.56124 ], [ 108.859174, 25.560672 ], [ 108.858205, 25.560081 ], [ 108.856938, 25.559511 ], [ 108.855042, 25.558649 ], [ 108.854249, 25.558509 ], [ 108.851888, 25.558659 ], [ 108.850465, 25.559091 ], [ 108.848573, 25.558954 ], [ 108.846837, 25.558529 ], [ 108.84636, 25.557957 ], [ 108.846364, 25.55724 ], [ 108.846837, 25.556668 ], [ 108.849198, 25.556373 ], [ 108.850774, 25.55565 ], [ 108.851399, 25.554791 ], [ 108.851239, 25.553214 ], [ 108.850613, 25.552646 ], [ 108.84935, 25.552651 ], [ 108.848713, 25.552938 ], [ 108.846977, 25.552656 ], [ 108.846195, 25.551799 ], [ 108.84618, 25.550998 ], [ 108.836819, 25.550217 ], [ 108.832745, 25.550218 ], [ 108.831914, 25.550525 ], [ 108.830521, 25.549345 ], [ 108.829228, 25.549078 ], [ 108.82626, 25.549793 ], [ 108.824479, 25.551116 ], [ 108.823144, 25.552634 ], [ 108.822407, 25.553056 ], [ 108.821587, 25.552395 ], [ 108.820549, 25.551247 ], [ 108.82042, 25.548528 ], [ 108.819908, 25.546941 ], [ 108.819196, 25.545941 ], [ 108.81844, 25.544733 ], [ 108.817136, 25.543677 ], [ 108.815766, 25.543408 ], [ 108.815041, 25.542907 ], [ 108.814354, 25.539103 ], [ 108.812577, 25.533876 ], [ 108.811394107000069, 25.531333847000042 ], [ 108.81086, 25.530186 ], [ 108.809651, 25.529402 ], [ 108.808617, 25.529303 ], [ 108.807942, 25.529791 ], [ 108.807937220000042, 25.52979553800003 ], [ 108.80555, 25.532062 ], [ 108.803628, 25.53451 ], [ 108.802746, 25.536758 ], [ 108.799851, 25.537638 ], [ 108.797184, 25.540222 ], [ 108.796559, 25.541367 ], [ 108.796246, 25.542951 ], [ 108.796254, 25.544528 ], [ 108.795789, 25.546091 ], [ 108.795484, 25.548387 ], [ 108.79501, 25.549534 ], [ 108.793908, 25.550248 ], [ 108.79297, 25.550251 ], [ 108.791421, 25.550035 ], [ 108.790563, 25.550876 ], [ 108.790063, 25.552491 ], [ 108.788987, 25.554437 ], [ 108.787636, 25.556464 ], [ 108.783032, 25.556482 ], [ 108.780297, 25.556787 ], [ 108.778222, 25.557097 ], [ 108.777188, 25.557255 ], [ 108.776608, 25.558099 ], [ 108.776875, 25.559043 ], [ 108.778172, 25.559997 ], [ 108.779656, 25.561042 ], [ 108.780102, 25.563087 ], [ 108.78011, 25.564483 ], [ 108.781063, 25.56662 ], [ 108.782055, 25.5703 ], [ 108.78249, 25.572717 ], [ 108.782787, 25.575077 ], [ 108.783608, 25.576199 ], [ 108.785134, 25.577458 ], [ 108.786214, 25.578071 ], [ 108.787568, 25.578559 ], [ 108.788693, 25.578615 ], [ 108.789639, 25.57829 ], [ 108.792161, 25.578048 ], [ 108.795033, 25.578948 ], [ 108.795716, 25.57977 ], [ 108.795541, 25.581034 ], [ 108.794728, 25.58197 ], [ 108.79411, 25.582913 ], [ 108.793794, 25.583307 ], [ 108.793141, 25.584121 ], [ 108.792363, 25.585611 ], [ 108.792553, 25.586295 ], [ 108.792691, 25.586791 ], [ 108.793461, 25.588068 ], [ 108.794735, 25.589123 ], [ 108.794274, 25.58984 ], [ 108.793515, 25.591013 ], [ 108.792451, 25.592035 ], [ 108.791387, 25.593108 ], [ 108.791779, 25.594077 ], [ 108.791863, 25.595613 ], [ 108.790703, 25.596923 ], [ 108.788765, 25.598329 ], [ 108.786706, 25.599834 ], [ 108.784997, 25.600834 ], [ 108.783157, 25.602342 ], [ 108.780888, 25.60323 ], [ 108.778847, 25.603814 ], [ 108.777027, 25.604697 ], [ 108.776554, 25.605737 ], [ 108.776596, 25.606764 ], [ 108.776726, 25.608303 ], [ 108.777218, 25.608962 ], [ 108.778267, 25.609692 ], [ 108.779061, 25.609974 ], [ 108.779534, 25.610406 ], [ 108.778435, 25.61213 ], [ 108.778122, 25.613272 ], [ 108.778134, 25.616426 ], [ 108.777669, 25.617138 ], [ 108.774663, 25.617286 ], [ 108.773404, 25.619153 ], [ 108.772931, 25.620155 ], [ 108.773098, 25.621735 ], [ 108.774045, 25.622722 ], [ 108.775784, 25.622577 ], [ 108.77689, 25.621723 ], [ 108.778466, 25.621149 ], [ 108.779885, 25.620996 ], [ 108.780839, 25.621708 ], [ 108.781159, 25.623704 ], [ 108.781401735000088, 25.625102003000052 ], [ 108.781479, 25.625547 ], [ 108.778645, 25.627541 ], [ 108.777851, 25.628262 ], [ 108.777851, 25.628491 ], [ 108.775837, 25.629165 ], [ 108.773873, 25.629544 ], [ 108.771389, 25.630675 ], [ 108.769192, 25.631436 ], [ 108.766449, 25.631398 ], [ 108.764652, 25.631726 ], [ 108.762901, 25.632512 ], [ 108.760914, 25.633952 ], [ 108.761391, 25.635034 ], [ 108.763898, 25.635629 ], [ 108.76439, 25.636397 ], [ 108.763379, 25.638145 ], [ 108.761376, 25.638719 ], [ 108.759621, 25.640014 ], [ 108.757897, 25.640723 ], [ 108.756577, 25.640334 ], [ 108.754059, 25.639934 ], [ 108.750733, 25.640123 ], [ 108.750008, 25.640237 ], [ 108.747265, 25.64068 ], [ 108.745896, 25.64073 ], [ 108.744626, 25.640768 ], [ 108.742905, 25.640022 ], [ 108.739456, 25.639483 ], [ 108.729386, 25.638732 ], [ 108.725509841000076, 25.638333733000024 ], [ 108.721016, 25.637872 ], [ 108.719315, 25.637492 ], [ 108.719613, 25.635811 ], [ 108.718712, 25.633988 ], [ 108.716229, 25.631537 ], [ 108.714111, 25.629156 ], [ 108.710423, 25.626468 ], [ 108.707021, 25.626828 ], [ 108.705911, 25.626017 ], [ 108.702004, 25.627019 ], [ 108.699704, 25.628523 ], [ 108.697442, 25.628226 ], [ 108.692379, 25.626867 ], [ 108.688988, 25.626038 ], [ 108.685005, 25.626224 ], [ 108.683636, 25.623632 ], [ 108.68346, 25.619283 ], [ 108.681553, 25.615144 ], [ 108.680477, 25.612046 ], [ 108.679402, 25.608429 ], [ 108.679719, 25.606893 ], [ 108.683125, 25.606956 ], [ 108.684918, 25.606666 ], [ 108.684116, 25.60456 ], [ 108.682324, 25.60012 ], [ 108.682812, 25.59795 ], [ 108.683754, 25.59613 ], [ 108.683373, 25.593472 ], [ 108.682652, 25.590103 ], [ 108.682053, 25.589114 ], [ 108.680199, 25.589081 ], [ 108.674439, 25.590517 ], [ 108.672787, 25.591631 ], [ 108.671017, 25.59286 ], [ 108.668839, 25.593244 ], [ 108.664841, 25.592051 ], [ 108.661431, 25.59213 ], [ 108.659604, 25.590696 ], [ 108.658555, 25.588854 ], [ 108.657055, 25.587875 ], [ 108.65762, 25.586428 ], [ 108.657868, 25.585787 ], [ 108.658658, 25.583528 ], [ 108.658772, 25.58333 ], [ 108.659295, 25.582419 ], [ 108.660851, 25.582025 ], [ 108.66351, 25.582074 ], [ 108.663949, 25.582081 ], [ 108.664742, 25.581115 ], [ 108.664445, 25.58041 ], [ 108.663159, 25.580037 ], [ 108.66137, 25.579515 ], [ 108.659493, 25.580181 ], [ 108.657555, 25.578497 ], [ 108.656037, 25.576509 ], [ 108.657196, 25.572607 ], [ 108.658478, 25.570806 ], [ 108.65852, 25.568707 ], [ 108.660374, 25.566896 ], [ 108.660683, 25.566601 ], [ 108.661946, 25.565375 ], [ 108.661614, 25.564986 ], [ 108.660279, 25.563384 ], [ 108.65728, 25.560837 ], [ 108.656098, 25.557869 ], [ 108.654297, 25.554896 ], [ 108.654328, 25.553495 ], [ 108.656189, 25.552698 ], [ 108.657894, 25.552589 ], [ 108.661278, 25.552197 ], [ 108.663781, 25.550702 ], [ 108.666619, 25.549367 ], [ 108.667107, 25.548736 ], [ 108.674992, 25.541307 ], [ 108.67928, 25.539486 ], [ 108.683357, 25.538237 ], [ 108.685146, 25.536198 ], [ 108.685993, 25.533132 ], [ 108.686123, 25.526058 ], [ 108.686844, 25.523531 ], [ 108.686474, 25.521916 ], [ 108.68335, 25.522173 ], [ 108.678513, 25.524048 ], [ 108.672543, 25.528702 ], [ 108.668652, 25.531038 ], [ 108.664883, 25.534337 ], [ 108.663628, 25.535153 ], [ 108.662255, 25.533586 ], [ 108.660466, 25.530194 ], [ 108.659096, 25.529047 ], [ 108.656155, 25.530979 ], [ 108.653512, 25.531772 ], [ 108.650696, 25.533123 ], [ 108.649636, 25.532123 ], [ 108.649529, 25.5296 ], [ 108.649563, 25.52778 ], [ 108.648953, 25.526696 ], [ 108.647465, 25.526854 ], [ 108.646744, 25.526811 ], [ 108.64446, 25.528126 ], [ 108.640885, 25.529044 ], [ 108.639348, 25.528457 ], [ 108.636899, 25.526866 ], [ 108.634919, 25.525152 ], [ 108.630963, 25.523409 ], [ 108.62898, 25.521975 ], [ 108.627766, 25.520279 ], [ 108.625973, 25.517307 ], [ 108.625711, 25.515334 ], [ 108.625901, 25.513516 ], [ 108.626946, 25.512603 ], [ 108.627435, 25.511474 ], [ 108.625196, 25.510004 ], [ 108.625001, 25.509849 ], [ 108.62124, 25.506858 ], [ 108.621132, 25.506822 ], [ 108.618343, 25.505972 ], [ 108.617432, 25.504975 ], [ 108.61684, 25.503567 ], [ 108.616605, 25.503089 ], [ 108.615945, 25.501728 ], [ 108.616345, 25.499994 ], [ 108.61662, 25.498799 ], [ 108.617268, 25.49727 ], [ 108.617302, 25.495875 ], [ 108.615616, 25.495285 ], [ 108.611759, 25.494939 ], [ 108.606957, 25.495278 ], [ 108.604336578000073, 25.495235059000038 ], [ 108.604333, 25.495235 ], [ 108.604356, 25.493973 ], [ 108.60534, 25.491051 ], [ 108.607063, 25.490382 ], [ 108.610612, 25.490017 ], [ 108.613896, 25.487972 ], [ 108.615491, 25.485757 ], [ 108.615563, 25.481976 ], [ 108.615029, 25.480735 ], [ 108.616532, 25.479751 ], [ 108.61823, 25.479921 ], [ 108.621125, 25.480653 ], [ 108.622365, 25.48096 ], [ 108.624372, 25.480996 ], [ 108.625001, 25.479175 ], [ 108.625524, 25.477648 ], [ 108.627271, 25.475016 ], [ 108.62716, 25.472913 ], [ 108.628602, 25.470278 ], [ 108.629273, 25.467491 ], [ 108.628213, 25.466489 ], [ 108.625115, 25.466718 ], [ 108.624997, 25.466759 ], [ 108.621132, 25.468131 ], [ 108.620937, 25.468199 ], [ 108.617481, 25.471083 ], [ 108.613846, 25.475362 ], [ 108.610196, 25.479784 ], [ 108.607674, 25.482706 ], [ 108.606911, 25.482421 ], [ 108.605816, 25.480425 ], [ 108.604694, 25.475846 ], [ 108.602879, 25.472695 ], [ 108.601334, 25.469899 ], [ 108.60035, 25.465588 ], [ 108.599228, 25.462315 ], [ 108.595017, 25.457875 ], [ 108.594033, 25.4552 ], [ 108.595009, 25.453056 ], [ 108.595127, 25.452988 ], [ 108.595177, 25.450531 ], [ 108.59523, 25.447871 ], [ 108.59467, 25.444914 ], [ 108.595478, 25.443106 ], [ 108.596916, 25.441329 ], [ 108.597969, 25.440054 ], [ 108.59655, 25.436362 ], [ 108.596478, 25.435535 ], [ 108.594098, 25.435105 ], [ 108.591645, 25.434645 ], [ 108.590111, 25.4335 ], [ 108.589714, 25.430133 ], [ 108.589142, 25.428017 ], [ 108.58778, 25.426875 ], [ 108.586251, 25.426151 ], [ 108.584252, 25.425838 ], [ 108.583817, 25.424431 ], [ 108.584816, 25.420809 ], [ 108.585434, 25.419734 ], [ 108.58593, 25.418866 ], [ 108.58688, 25.417618 ], [ 108.587098, 25.416656 ], [ 108.587727, 25.413847 ], [ 108.588673, 25.412744 ], [ 108.591458, 25.412365 ], [ 108.593037, 25.410572 ], [ 108.594899, 25.41004 ], [ 108.599537, 25.410136 ], [ 108.60416, 25.410492 ], [ 108.606468, 25.410812 ], [ 108.607403, 25.410405 ], [ 108.609257, 25.410851 ], [ 108.610039, 25.410305 ], [ 108.609905, 25.408751 ], [ 108.609623, 25.407487 ], [ 108.609955, 25.406373 ], [ 108.609844, 25.40413 ], [ 108.611912, 25.40136 ], [ 108.613942, 25.400274 ], [ 108.615494, 25.39974 ], [ 108.615197, 25.399173 ], [ 108.612442, 25.397868 ], [ 108.610607, 25.396574 ], [ 108.611247867000088, 25.395065148000072 ], [ 108.611256, 25.395046 ], [ 108.614216, 25.393696 ], [ 108.617153, 25.393604 ], [ 108.618401, 25.392785 ], [ 108.617649, 25.391793 ], [ 108.617981, 25.390677 ], [ 108.616929, 25.389544 ], [ 108.616635, 25.388697 ], [ 108.617638, 25.384931 ], [ 108.619061, 25.382856 ], [ 108.620033, 25.380351 ], [ 108.618992, 25.378372 ], [ 108.616269, 25.376084 ], [ 108.616002, 25.373839 ], [ 108.617268, 25.372323 ], [ 108.615139, 25.370321 ], [ 108.612228, 25.369151 ], [ 108.612412, 25.367615 ], [ 108.613873, 25.363857 ], [ 108.615025, 25.360235 ], [ 108.618046, 25.355661 ], [ 108.619602, 25.355124 ], [ 108.621132, 25.355689 ], [ 108.621572, 25.355849 ], [ 108.622621, 25.35575 ], [ 108.622811, 25.355732 ], [ 108.623754, 25.354766 ], [ 108.624264, 25.352813 ], [ 108.622914, 25.350832 ], [ 108.622189, 25.350043 ], [ 108.624642, 25.341871 ], [ 108.624997, 25.341205 ], [ 108.62618, 25.338968 ], [ 108.625505, 25.336386 ], [ 108.625455, 25.336196 ], [ 108.62499, 25.335957 ], [ 108.624627, 25.335768 ], [ 108.624146, 25.334081 ], [ 108.623616, 25.333326 ], [ 108.623295, 25.332873 ], [ 108.622261, 25.331739 ], [ 108.621418, 25.329972 ], [ 108.621132, 25.327927 ], [ 108.62048, 25.327281 ], [ 108.620506, 25.324908 ], [ 108.621132, 25.324466 ], [ 108.621407, 25.321689 ], [ 108.62151, 25.316437 ], [ 108.621404842000061, 25.313056559000074 ], [ 108.621346, 25.311165 ], [ 108.62114, 25.310841 ], [ 108.620484, 25.309902 ], [ 108.619149, 25.309366 ], [ 108.617878, 25.309427 ], [ 108.617865341000083, 25.309428926000066 ], [ 108.615407, 25.309803 ], [ 108.613041, 25.310884 ], [ 108.610043, 25.312898 ], [ 108.608822, 25.314927 ], [ 108.607166, 25.319353 ], [ 108.606114, 25.32281 ], [ 108.604855, 25.322167 ], [ 108.603287, 25.322142 ], [ 108.600418, 25.323695 ], [ 108.597733, 25.325966 ], [ 108.595315, 25.328846 ], [ 108.593331, 25.332058 ], [ 108.592419, 25.333317 ], [ 108.59232, 25.333457 ], [ 108.591859, 25.333317 ], [ 108.590569, 25.332926 ], [ 108.589024, 25.33318 ], [ 108.588788, 25.333317 ], [ 108.58809, 25.333724 ], [ 108.587914, 25.334847 ], [ 108.588795, 25.336144 ], [ 108.588612, 25.336388 ], [ 108.587014, 25.337701 ], [ 108.585175, 25.338385 ], [ 108.585343, 25.340129 ], [ 108.586095, 25.340977 ], [ 108.587765, 25.342264 ], [ 108.587727, 25.344225 ], [ 108.58751, 25.347448 ], [ 108.588563, 25.348725 ], [ 108.590531, 25.350576 ], [ 108.590352, 25.351833 ], [ 108.589246, 25.35321 ], [ 108.587476, 25.354945 ], [ 108.587426, 25.356562 ], [ 108.585728, 25.358225 ], [ 108.58273, 25.362182 ], [ 108.582249, 25.365997 ], [ 108.58199, 25.369021 ], [ 108.578835, 25.370303 ], [ 108.575204, 25.370781 ], [ 108.570969, 25.371327 ], [ 108.567418, 25.373142 ], [ 108.563386, 25.374058 ], [ 108.55993, 25.375965 ], [ 108.558633, 25.377102 ], [ 108.558389, 25.378647 ], [ 108.560212, 25.380064 ], [ 108.560773, 25.382086 ], [ 108.560773, 25.384108 ], [ 108.560181, 25.387353 ], [ 108.556584, 25.390475 ], [ 108.554173, 25.393555 ], [ 108.553605, 25.396942 ], [ 108.552701, 25.397311 ], [ 108.550816, 25.397364 ], [ 108.54847, 25.398147 ], [ 108.547532, 25.400011 ], [ 108.54622, 25.403257 ], [ 108.544171, 25.404338 ], [ 108.541462, 25.405276 ], [ 108.539997, 25.406647 ], [ 108.540055, 25.408359 ], [ 108.540566, 25.409998 ], [ 108.540459, 25.410978 ], [ 108.538735, 25.411771 ], [ 108.536568, 25.412392 ], [ 108.533013, 25.413857 ], [ 108.529682, 25.416089 ], [ 108.529019, 25.41617 ], [ 108.528225, 25.416641 ], [ 108.528187, 25.416664 ], [ 108.525856, 25.417353 ], [ 108.524033, 25.418716 ], [ 108.523609, 25.419619 ], [ 108.523003, 25.420905 ], [ 108.520176, 25.421236 ], [ 108.517956, 25.420308 ], [ 108.515637, 25.419703 ], [ 108.514984, 25.419581 ], [ 108.513764, 25.419352 ], [ 108.510479, 25.417671 ], [ 108.508297, 25.416945 ], [ 108.507214, 25.417255 ], [ 108.506413, 25.419539 ], [ 108.506359, 25.419694 ], [ 108.506493, 25.421899 ], [ 108.50708, 25.423705 ], [ 108.507671, 25.425589 ], [ 108.507813, 25.427553 ], [ 108.508805, 25.429407 ], [ 108.509682, 25.430399 ], [ 108.509854, 25.431594 ], [ 108.508076, 25.433146 ], [ 108.505593, 25.434708 ], [ 108.503315, 25.43583 ], [ 108.502518, 25.437297 ], [ 108.502518, 25.441353 ], [ 108.501561, 25.444652 ], [ 108.499973, 25.447225 ], [ 108.499615, 25.447807 ], [ 108.496292, 25.450678 ], [ 108.495881, 25.450783 ], [ 108.492108, 25.452189 ], [ 108.487405, 25.453487 ], [ 108.485764, 25.45664 ], [ 108.484261, 25.459203 ], [ 108.482342, 25.460116 ], [ 108.479119, 25.460246 ], [ 108.473954, 25.459551 ], [ 108.470902, 25.460571 ], [ 108.46761, 25.461642 ], [ 108.465183, 25.460894 ], [ 108.465180923000048, 25.460891771000036 ], [ 108.462761, 25.458295 ], [ 108.45911, 25.457069 ], [ 108.454018, 25.456072 ], [ 108.449345, 25.455113 ], [ 108.443971, 25.454116 ], [ 108.438912, 25.452703 ], [ 108.435719, 25.45123 ], [ 108.433808, 25.450043 ], [ 108.432385, 25.448164 ], [ 108.431561, 25.445482 ], [ 108.431172, 25.443227 ], [ 108.430332, 25.441431 ], [ 108.429215, 25.439108 ], [ 108.427262, 25.438721 ], [ 108.423531, 25.43955 ], [ 108.417477, 25.443091 ], [ 108.414772, 25.446069 ], [ 108.412811, 25.45048 ], [ 108.4114, 25.456869 ], [ 108.410401, 25.459165 ], [ 108.411118, 25.462344 ], [ 108.410828, 25.464363 ], [ 108.40846, 25.468161 ], [ 108.40778, 25.470573 ], [ 108.407353, 25.472842 ], [ 108.406071, 25.475393 ], [ 108.403843, 25.477292 ], [ 108.402585, 25.480569 ], [ 108.402582976000076, 25.480576549000034 ], [ 108.4016, 25.484243 ], [ 108.397816, 25.491465 ], [ 108.396115, 25.494109 ], [ 108.394307, 25.495396 ], [ 108.391347, 25.497447 ], [ 108.389337, 25.500008 ], [ 108.389270151000062, 25.500092753000047 ], [ 108.388314, 25.501305 ], [ 108.387147, 25.501841 ], [ 108.384644, 25.501333 ], [ 108.383527, 25.500003 ], [ 108.383367, 25.499814 ], [ 108.382603, 25.499083 ], [ 108.381329, 25.498971 ], [ 108.380077, 25.500019 ], [ 108.378632, 25.501232 ], [ 108.377636, 25.502763 ], [ 108.377205, 25.503431 ], [ 108.375015, 25.504769 ], [ 108.374519, 25.505069 ], [ 108.371727, 25.507063 ], [ 108.370789, 25.507396 ], [ 108.367485, 25.508505 ], [ 108.363659, 25.511075 ], [ 108.361947, 25.513358 ], [ 108.360188, 25.514416 ], [ 108.355397, 25.516277 ], [ 108.351739, 25.520936 ], [ 108.348931, 25.524105 ], [ 108.347649, 25.527518 ], [ 108.347779, 25.531181 ], [ 108.349057, 25.533594 ], [ 108.348336, 25.535878 ], [ 108.344109, 25.539123 ], [ 108.340569, 25.540181 ], [ 108.338452, 25.539606 ], [ 108.335991, 25.538296 ], [ 108.333233, 25.53827 ], [ 108.328057, 25.540565 ], [ 108.327294, 25.538891 ], [ 108.325551, 25.537022 ], [ 108.323338, 25.536297 ], [ 108.320816, 25.536449 ], [ 108.319081, 25.536294 ], [ 108.317497, 25.536146 ], [ 108.316078, 25.535999 ], [ 108.315617, 25.535787 ], [ 108.314656, 25.535561 ], [ 108.312599, 25.534407 ], [ 108.311974, 25.533257 ], [ 108.312134, 25.531683 ], [ 108.312928, 25.530254 ], [ 108.313561, 25.529252 ], [ 108.312943, 25.52549 ], [ 108.312134, 25.526098 ], [ 108.309926, 25.527947 ], [ 108.307885, 25.529099 ], [ 108.30756, 25.529386 ], [ 108.306301, 25.529096 ], [ 108.305504, 25.528519 ], [ 108.304108, 25.528646 ], [ 108.300026, 25.524785 ], [ 108.299195, 25.523633 ], [ 108.299588, 25.522478 ], [ 108.298375, 25.520802 ], [ 108.298859, 25.516291 ], [ 108.298512, 25.514371 ], [ 108.297009, 25.512949 ], [ 108.296868, 25.510686 ], [ 108.296181, 25.507187 ], [ 108.294899, 25.504903 ], [ 108.293141, 25.502906 ], [ 108.293034, 25.502784 ], [ 108.290589, 25.500475 ], [ 108.29015, 25.500014 ], [ 108.288899, 25.498702 ], [ 108.288735, 25.496439 ], [ 108.289498, 25.495475 ], [ 108.290909, 25.493697 ], [ 108.293061, 25.492001 ], [ 108.29443, 25.490811 ], [ 108.294468, 25.490115 ], [ 108.29237, 25.489377 ], [ 108.289521, 25.4881 ], [ 108.287854, 25.48676 ], [ 108.287938, 25.486381 ], [ 108.287502, 25.484087 ], [ 108.286095, 25.482689 ], [ 108.281437, 25.48122 ], [ 108.276875, 25.480734 ], [ 108.271706, 25.481358 ], [ 108.266193, 25.481005 ], [ 108.260021, 25.480992 ], [ 108.257664, 25.480096 ], [ 108.256413, 25.47769 ], [ 108.254322, 25.475902 ], [ 108.253178, 25.474264 ], [ 108.252491, 25.472746 ], [ 108.250142, 25.470213 ], [ 108.249997, 25.470071 ], [ 108.249577, 25.469659 ], [ 108.247551, 25.469554 ], [ 108.246418, 25.468837 ], [ 108.245911, 25.467272 ], [ 108.245682, 25.466543 ], [ 108.243405, 25.465457 ], [ 108.239968, 25.46504 ], [ 108.237481, 25.464824 ], [ 108.236763, 25.462721 ], [ 108.235691, 25.459224 ], [ 108.233487, 25.455355 ], [ 108.232377, 25.453237 ], [ 108.232404, 25.45202 ], [ 108.233777, 25.451185 ], [ 108.236302, 25.449664 ], [ 108.239411, 25.447635 ], [ 108.242352, 25.444731 ], [ 108.244477, 25.444075 ], [ 108.245919, 25.443668 ], [ 108.246224, 25.443599 ], [ 108.247006, 25.442917 ], [ 108.248337, 25.441351 ], [ 108.247956, 25.435726 ], [ 108.247635, 25.435233 ], [ 108.247982, 25.433362 ], [ 108.247246, 25.431955 ], [ 108.245919, 25.430799 ], [ 108.244984, 25.429991 ], [ 108.241948, 25.42889 ], [ 108.239838, 25.428851 ], [ 108.236695, 25.430777 ], [ 108.236497, 25.430896 ], [ 108.235112, 25.431743 ], [ 108.231412, 25.432255 ], [ 108.227098, 25.431342 ], [ 108.223752, 25.42972 ], [ 108.221787, 25.429839 ], [ 108.221063, 25.431884 ], [ 108.221154, 25.434993 ], [ 108.221887, 25.437836 ], [ 108.222184, 25.440099 ], [ 108.221017, 25.444004 ], [ 108.217309, 25.452909 ], [ 108.217034, 25.452985 ], [ 108.214986, 25.45413 ], [ 108.212933, 25.453695 ], [ 108.211045, 25.45384 ], [ 108.208997, 25.455269 ], [ 108.207703, 25.455818 ], [ 108.206288, 25.455531 ], [ 108.206135, 25.454527 ], [ 108.205662, 25.453952 ], [ 108.204087, 25.45338 ], [ 108.201252, 25.454519 ], [ 108.198891, 25.454516 ], [ 108.196366, 25.456378 ], [ 108.194767, 25.457213 ], [ 108.191941, 25.459358 ], [ 108.189576, 25.461077 ], [ 108.188492, 25.46187 ], [ 108.185929, 25.461588 ], [ 108.183835, 25.45995 ], [ 108.182144, 25.457792 ], [ 108.17894, 25.456777 ], [ 108.175865, 25.456391 ], [ 108.171807, 25.454608 ], [ 108.16803, 25.452293 ], [ 108.164665, 25.449912 ], [ 108.160084, 25.448008 ], [ 108.158242, 25.447487 ], [ 108.156835, 25.445828 ], [ 108.155465, 25.443804 ], [ 108.15379, 25.44342 ], [ 108.153371, 25.441782 ], [ 108.155625, 25.436724 ], [ 108.157592477000037, 25.432655082000053 ], [ 108.157593, 25.432654 ], [ 108.159291, 25.430778 ], [ 108.160836, 25.430153 ], [ 108.162369, 25.431307 ], [ 108.163274268000066, 25.432471304000046 ], [ 108.164036, 25.433451 ], [ 108.166409, 25.434585 ], [ 108.169072, 25.433573 ], [ 108.171585, 25.431951 ], [ 108.17577, 25.430676 ], [ 108.178459, 25.427264 ], [ 108.180004, 25.424378 ], [ 108.182797, 25.422717 ], [ 108.185059, 25.421849 ], [ 108.186459, 25.42173 ], [ 108.186169, 25.419824 ], [ 108.18554, 25.419478 ], [ 108.182942, 25.418042 ], [ 108.181915, 25.416633 ], [ 108.181564, 25.416142 ], [ 108.182263, 25.41297 ], [ 108.185078, 25.411612 ], [ 108.188027, 25.410579 ], [ 108.189145, 25.408323 ], [ 108.187752, 25.405022 ], [ 108.186104, 25.401898 ], [ 108.185726, 25.400896 ], [ 108.185261, 25.400191 ], [ 108.184918, 25.399634 ], [ 108.184826, 25.399489 ], [ 108.184391, 25.398942 ], [ 108.183857, 25.398701 ], [ 108.183159, 25.398591 ], [ 108.182198, 25.398726 ], [ 108.181229, 25.398942 ], [ 108.180069, 25.399232 ], [ 108.179592, 25.399479 ], [ 108.178974, 25.39587 ], [ 108.178349, 25.394375 ], [ 108.177147, 25.393604 ], [ 108.173805, 25.393604 ], [ 108.171284, 25.395 ], [ 108.170067, 25.395956 ], [ 108.167633, 25.396616 ], [ 108.164437, 25.395335 ], [ 108.160935, 25.394323 ], [ 108.155476, 25.395819 ], [ 108.153374, 25.397221 ], [ 108.149609, 25.397481 ], [ 108.141611717000046, 25.395663390000038 ], [ 108.14161, 25.395663 ], [ 108.138959, 25.394025 ], [ 108.138528, 25.393362 ], [ 108.14269, 25.388364 ], [ 108.145043, 25.385798 ], [ 108.148175, 25.384317 ], [ 108.149914, 25.382421 ], [ 108.150349, 25.380168 ], [ 108.148472, 25.378741 ], [ 108.148534, 25.376476 ], [ 108.149423, 25.374688 ], [ 108.150228, 25.374347 ], [ 108.151208, 25.373279 ], [ 108.151062, 25.370988 ], [ 108.150097, 25.368218 ], [ 108.149144, 25.364539 ], [ 108.148992, 25.360373 ], [ 108.147897, 25.356446 ], [ 108.143006, 25.352356 ], [ 108.141164, 25.351016 ], [ 108.140595, 25.350024 ], [ 108.140336, 25.347918 ], [ 108.141881, 25.344 ], [ 108.142732, 25.34222 ], [ 108.14848, 25.336071 ], [ 108.148633, 25.335906 ], [ 108.14988, 25.334774 ], [ 108.150921, 25.333319 ], [ 108.152844, 25.330593 ], [ 108.154091, 25.328693 ], [ 108.15419, 25.32749 ], [ 108.153672, 25.325654 ], [ 108.150696, 25.323828 ], [ 108.149788, 25.322615 ], [ 108.148785, 25.321151 ], [ 108.148403, 25.319065 ], [ 108.148205, 25.316698 ], [ 108.148694, 25.314144 ], [ 108.151219, 25.309691 ], [ 108.151371, 25.308263 ], [ 108.150292, 25.306671 ], [ 108.14774, 25.304992 ], [ 108.144711, 25.304089 ], [ 108.142152, 25.302465 ], [ 108.14145, 25.300304 ], [ 108.141259, 25.298287 ], [ 108.139836, 25.296179 ], [ 108.138092, 25.294124 ], [ 108.136166, 25.290427 ], [ 108.134786, 25.288526 ], [ 108.134126, 25.287082 ], [ 108.13424, 25.286382 ], [ 108.136472, 25.284218 ], [ 108.142068, 25.280297 ], [ 108.14388, 25.278158 ], [ 108.143879, 25.27641 ], [ 108.143223, 25.275275 ], [ 108.140991, 25.27321 ], [ 108.137055, 25.269926 ], [ 108.134468178000077, 25.267074605000062 ], [ 108.134464, 25.26707 ], [ 108.134068, 25.265318 ], [ 108.134137, 25.264478 ], [ 108.134747, 25.262861 ], [ 108.134862, 25.261806 ], [ 108.131898, 25.26044 ], [ 108.130994, 25.25958 ], [ 108.129704, 25.25611 ], [ 108.129506, 25.25421 ], [ 108.129994, 25.252714 ], [ 108.130124, 25.252307 ], [ 108.131451, 25.249993 ], [ 108.133488, 25.248393 ], [ 108.135697, 25.24657 ], [ 108.135537, 25.244653 ], [ 108.13461, 25.241558 ], [ 108.135338, 25.238024 ], [ 108.133854, 25.235236 ], [ 108.131524, 25.234112 ], [ 108.128075, 25.235714 ], [ 108.12584, 25.237108 ], [ 108.124993, 25.236508 ], [ 108.124875, 25.234193 ], [ 108.123776, 25.230532 ], [ 108.12072, 25.228331 ], [ 108.119698, 25.227587 ], [ 108.117787, 25.226455 ], [ 108.117901, 25.225806 ], [ 108.118714, 25.224967 ], [ 108.118596, 25.223922 ], [ 108.117901, 25.222864 ], [ 108.115643, 25.221519 ], [ 108.113857, 25.217835 ], [ 108.112369469000043, 25.214301741000043 ], [ 108.112362, 25.214284 ], [ 108.110676, 25.212947 ], [ 108.107506, 25.212756 ], [ 108.107224, 25.212741 ], [ 108.105442, 25.212436 ], [ 108.104515, 25.211813 ], [ 108.103951, 25.209272 ], [ 108.10247, 25.208345 ], [ 108.097012, 25.205217 ], [ 108.093983, 25.203489 ], [ 108.082325, 25.19896 ], [ 108.076355, 25.196488 ], [ 108.074066, 25.196312 ], [ 108.072464, 25.19719 ], [ 108.069867, 25.198454 ], [ 108.06799, 25.198808 ], [ 108.065549, 25.198757 ], [ 108.061631, 25.200499 ], [ 108.057041, 25.201471 ], [ 108.052147, 25.201888 ], [ 108.049404, 25.202348 ], [ 108.046685, 25.201895 ], [ 108.040249, 25.201524 ], [ 108.035706, 25.200748 ], [ 108.034333, 25.202017 ], [ 108.031948, 25.20222 ], [ 108.028569, 25.201244 ], [ 108.026661, 25.200468 ], [ 108.024979, 25.200768 ], [ 108.022602, 25.199987 ], [ 108.019658, 25.198842 ], [ 108.018739, 25.197334 ], [ 108.018162, 25.196206 ], [ 108.016812, 25.195616 ], [ 108.014969, 25.195451 ], [ 108.013893, 25.194932 ], [ 108.012741, 25.194596 ], [ 108.010697, 25.194362 ], [ 108.008256, 25.194963 ], [ 108.00544, 25.195764 ], [ 108.002896, 25.19651 ], [ 108.000432, 25.197941 ], [ 108.000008, 25.198692 ], [ 107.999493, 25.1996 ], [ 107.998936, 25.199546 ], [ 107.998555, 25.199544 ], [ 107.99817, 25.19949 ], [ 107.997414, 25.199259 ], [ 107.996022, 25.198867 ], [ 107.995942, 25.198904 ], [ 107.995118, 25.198856 ], [ 107.994687, 25.198871 ], [ 107.993916, 25.198515 ], [ 107.993211, 25.198114 ], [ 107.992837, 25.197488 ], [ 107.992265, 25.196791 ], [ 107.991965844000049, 25.196366331000036 ], [ 107.991948, 25.196341 ], [ 107.991689, 25.195886 ], [ 107.99175, 25.195253 ], [ 107.991742, 25.194685 ], [ 107.991612, 25.194108 ], [ 107.991483, 25.193243 ], [ 107.991101, 25.192043 ], [ 107.990899, 25.191534 ], [ 107.990708, 25.191128 ], [ 107.990456, 25.190792 ], [ 107.989823, 25.190385 ], [ 107.989446, 25.190102 ], [ 107.989064, 25.189876 ], [ 107.988622, 25.189647 ], [ 107.988046, 25.189304 ], [ 107.987534, 25.189016 ], [ 107.986966, 25.188729 ], [ 107.986272, 25.188388 ], [ 107.985898, 25.188108 ], [ 107.984494, 25.18685 ], [ 107.9838, 25.186275 ], [ 107.982811, 25.185791 ], [ 107.982109, 25.185677 ], [ 107.981167, 25.185448 ], [ 107.980538, 25.185687 ], [ 107.980034, 25.185911 ], [ 107.978901, 25.186264 ], [ 107.978268, 25.18632 ], [ 107.977955, 25.186318 ], [ 107.977379, 25.186147 ], [ 107.976624, 25.185753 ], [ 107.975857, 25.185178 ], [ 107.975037, 25.184835 ], [ 107.974533, 25.184779 ], [ 107.973961, 25.184609 ], [ 107.973454, 25.184436 ], [ 107.972191, 25.184211 ], [ 107.971619, 25.183985 ], [ 107.970448, 25.18362 ], [ 107.969746, 25.183396 ], [ 107.968995, 25.183111 ], [ 107.968293, 25.182826 ], [ 107.967664, 25.182541 ], [ 107.966645, 25.181972 ], [ 107.964116, 25.180652 ], [ 107.963097, 25.180426 ], [ 107.962289, 25.180377 ], [ 107.961453, 25.180611 ], [ 107.960957, 25.180665 ], [ 107.960393, 25.180899 ], [ 107.96013, 25.180894 ], [ 107.959451, 25.181305 ], [ 107.958939, 25.181529 ], [ 107.958691, 25.181822 ], [ 107.958356, 25.182145 ], [ 107.95786, 25.182199 ], [ 107.957349, 25.182199 ], [ 107.956086, 25.181924 ], [ 107.955323, 25.181746 ], [ 107.954442, 25.18152 ], [ 107.953614, 25.181128 ], [ 107.952782, 25.180838 ], [ 107.952225, 25.180665 ], [ 107.951405, 25.180276 ], [ 107.950772, 25.179872 ], [ 107.950391, 25.179643 ], [ 107.949177, 25.178964 ], [ 107.948739, 25.178674 ], [ 107.948044, 25.178333 ], [ 107.947544, 25.177994 ], [ 107.947041, 25.177544 ], [ 107.946339, 25.177025 ], [ 107.945789, 25.176762 ], [ 107.945286, 25.176531 ], [ 107.944073, 25.175679 ], [ 107.943642, 25.175503 ], [ 107.94294, 25.175165 ], [ 107.941746, 25.174537 ], [ 107.941109, 25.174198 ], [ 107.940525, 25.173685 ], [ 107.940094, 25.173341 ], [ 107.93972, 25.173176 ], [ 107.9394, 25.172884 ], [ 107.939152, 25.172596 ], [ 107.938241, 25.17163 ], [ 107.937928, 25.171335 ], [ 107.937486, 25.171058 ], [ 107.936215, 25.16997 ], [ 107.935952, 25.169726 ], [ 107.935643, 25.169288 ], [ 107.935147, 25.168721 ], [ 107.934888, 25.168319 ], [ 107.934315, 25.167689 ], [ 107.933995, 25.167406 ], [ 107.933167, 25.166845 ], [ 107.932889, 25.166682 ], [ 107.931756, 25.164411 ], [ 107.928746, 25.163262 ], [ 107.927914, 25.162977 ], [ 107.927403, 25.162748 ], [ 107.926629, 25.162232 ], [ 107.925416, 25.159943 ], [ 107.924706, 25.158854 ], [ 107.923943, 25.15874 ], [ 107.922593, 25.159424 ], [ 107.921117, 25.160106 ], [ 107.919713, 25.160455 ], [ 107.91824, 25.160508 ], [ 107.916188, 25.16062 ], [ 107.914712, 25.160388 ], [ 107.913239, 25.160386 ], [ 107.911507, 25.159872 ], [ 107.910751, 25.158954 ], [ 107.910301, 25.158041 ], [ 107.909149, 25.15707 ], [ 107.907677, 25.156607 ], [ 107.906143, 25.156262 ], [ 107.904472, 25.155806 ], [ 107.903511, 25.15586 ], [ 107.901528, 25.1562 ], [ 107.900887, 25.155288 ], [ 107.900055, 25.154486 ], [ 107.898846, 25.153398 ], [ 107.897885, 25.153228 ], [ 107.896732, 25.153286 ], [ 107.895741, 25.153039 ], [ 107.894139, 25.151953 ], [ 107.894017, 25.151269 ], [ 107.893887, 25.149725 ], [ 107.894078, 25.148868 ], [ 107.893758, 25.147897 ], [ 107.892865, 25.147266 ], [ 107.891709, 25.147554 ], [ 107.890305, 25.147953 ], [ 107.888573, 25.147724 ], [ 107.887234, 25.146923 ], [ 107.887233236000043, 25.146922452000069 ], [ 107.886349, 25.146288 ], [ 107.88551, 25.145434 ], [ 107.883656, 25.145492 ], [ 107.880631, 25.145186 ], [ 107.877812, 25.144845 ], [ 107.876924, 25.145415 ], [ 107.875901, 25.145585 ], [ 107.874982, 25.145585 ], [ 107.874562, 25.145585 ], [ 107.873853, 25.145588 ], [ 107.873021, 25.146043 ], [ 107.871743, 25.146674 ], [ 107.87101, 25.146208 ], [ 107.869744, 25.145407 ], [ 107.868466, 25.144606 ], [ 107.867825, 25.142035 ], [ 107.867817, 25.14186 ], [ 107.867764, 25.140038 ], [ 107.866615, 25.137294 ], [ 107.866188, 25.136371 ], [ 107.865212, 25.134268 ], [ 107.863934, 25.132439 ], [ 107.861703, 25.131295 ], [ 107.860425, 25.130555 ], [ 107.856297, 25.127961 ], [ 107.85233, 25.126247 ], [ 107.847222, 25.124878 ], [ 107.844616, 25.124282 ], [ 107.843083, 25.122912 ], [ 107.840786, 25.12223 ], [ 107.839375, 25.121202 ], [ 107.839112, 25.120785 ], [ 107.838608, 25.120002 ], [ 107.837845, 25.118918 ], [ 107.836499, 25.118692 ], [ 107.834778, 25.119262 ], [ 107.833863, 25.119928 ], [ 107.833439, 25.120238 ], [ 107.832383, 25.121353 ], [ 107.831712, 25.122456 ], [ 107.831681, 25.1225 ], [ 107.831105, 25.124387 ], [ 107.829766, 25.125704 ], [ 107.828427, 25.126276 ], [ 107.825997, 25.126848 ], [ 107.82414, 25.127309 ], [ 107.822976, 25.127698 ], [ 107.822339, 25.12824 ], [ 107.821775, 25.128703 ], [ 107.820805, 25.128974 ], [ 107.820252, 25.129435 ], [ 107.819558, 25.129836 ], [ 107.819245, 25.129951 ], [ 107.818936, 25.130129 ], [ 107.818555, 25.130246 ], [ 107.817365, 25.130648 ], [ 107.817117, 25.130772 ], [ 107.816667, 25.131116 ], [ 107.816422, 25.1314 ], [ 107.81611, 25.131632 ], [ 107.815427, 25.132097 ], [ 107.814671, 25.132275 ], [ 107.813607, 25.132278 ], [ 107.812653, 25.13211 ], [ 107.811971, 25.132008 ], [ 107.810773, 25.131606 ], [ 107.809953, 25.131039 ], [ 107.808625, 25.130075 ], [ 107.808289, 25.129891 ], [ 107.807973, 25.129492 ], [ 107.807404, 25.128968 ], [ 107.806775, 25.128632 ], [ 107.805898, 25.12864 ], [ 107.805581, 25.128703 ], [ 107.805142, 25.128757 ], [ 107.804642, 25.128757 ], [ 107.804261, 25.128701 ], [ 107.803948, 25.128538 ], [ 107.8037, 25.128426 ], [ 107.80325, 25.128307 ], [ 107.802883, 25.127855 ], [ 107.802731, 25.127717 ], [ 107.802509, 25.126598 ], [ 107.802311, 25.124887 ], [ 107.801869, 25.123513 ], [ 107.800652, 25.122486 ], [ 107.799122, 25.12186 ], [ 107.797779, 25.122028 ], [ 107.796876, 25.121463 ], [ 107.795708, 25.120645 ], [ 107.794239, 25.119958 ], [ 107.791359, 25.119106 ], [ 107.79034, 25.118992 ], [ 107.789379, 25.119279 ], [ 107.788681, 25.11962 ], [ 107.78791, 25.120081 ], [ 107.786819, 25.12048 ], [ 107.785801, 25.120767 ], [ 107.78484, 25.120821 ], [ 107.78363, 25.121281 ], [ 107.782135, 25.121823 ], [ 107.781952, 25.121823 ], [ 107.781517, 25.121767 ], [ 107.780445, 25.121826 ], [ 107.779568, 25.12206 ], [ 107.779316, 25.122118 ], [ 107.778752, 25.122352 ], [ 107.778374, 25.122578 ], [ 107.778061, 25.122924 ], [ 107.777687, 25.123161 ], [ 107.777176, 25.123451 ], [ 107.776993, 25.123733 ], [ 107.776863, 25.124023 ], [ 107.776871, 25.12442 ], [ 107.776932, 25.12488 ], [ 107.776871, 25.125277 ], [ 107.776947, 25.125801 ], [ 107.776818, 25.126253 ], [ 107.776253, 25.12678 ], [ 107.776062, 25.126945 ], [ 107.775757, 25.127057 ], [ 107.775364, 25.12724 ], [ 107.774937, 25.12741 ], [ 107.774494, 25.127642 ], [ 107.773991, 25.1277 ], [ 107.773045, 25.127421 ], [ 107.772415, 25.12708 ], [ 107.77047, 25.125884 ], [ 107.77015, 25.125312 ], [ 107.769387, 25.12475 ], [ 107.768952, 25.12446 ], [ 107.768632, 25.124233 ], [ 107.766995, 25.122748 ], [ 107.766499, 25.122179 ], [ 107.766179, 25.121896 ], [ 107.765805, 25.1215 ], [ 107.765362, 25.121093 ], [ 107.765103, 25.120752 ], [ 107.764851, 25.120403 ], [ 107.764165, 25.120414 ], [ 107.763844, 25.120355 ], [ 107.762963, 25.12036 ], [ 107.762528, 25.120426 ], [ 107.762086, 25.120541 ], [ 107.761834, 25.120589 ], [ 107.761643, 25.120828 ], [ 107.761452, 25.121283 ], [ 107.761147, 25.121741 ], [ 107.761079, 25.122201 ], [ 107.760956, 25.122547 ], [ 107.760895, 25.122944 ], [ 107.760857, 25.123099 ], [ 107.76014, 25.124022 ], [ 107.75982, 25.124821 ], [ 107.759568, 25.12534 ], [ 107.759179, 25.125909 ], [ 107.758736, 25.126878 ], [ 107.758538, 25.127395 ], [ 107.758668, 25.127682 ], [ 107.759186, 25.128139 ], [ 107.759956, 25.129052 ], [ 107.760857, 25.129739 ], [ 107.76226, 25.130596 ], [ 107.763092, 25.131341 ], [ 107.763733, 25.132371 ], [ 107.763802, 25.132826 ], [ 107.763802, 25.133569 ], [ 107.764053, 25.133971 ], [ 107.76527, 25.133915 ], [ 107.766552, 25.134085 ], [ 107.767429, 25.134088 ], [ 107.76743, 25.134544 ], [ 107.767377, 25.134783 ], [ 107.767491, 25.135065 ], [ 107.767621, 25.135292 ], [ 107.767811, 25.13547 ], [ 107.768185, 25.135632 ], [ 107.76862, 25.135691 ], [ 107.769131, 25.135632 ], [ 107.7697, 25.135632 ], [ 107.770257, 25.135856 ], [ 107.770829, 25.135904 ], [ 107.771385, 25.136019 ], [ 107.772148, 25.136419 ], [ 107.772843, 25.136703 ], [ 107.773335, 25.136986 ], [ 107.773785, 25.137156 ], [ 107.774227, 25.137497 ], [ 107.775051, 25.138003 ], [ 107.775364, 25.138295 ], [ 107.776314, 25.138865 ], [ 107.776692, 25.139025 ], [ 107.777005, 25.139084 ], [ 107.777382, 25.139257 ], [ 107.777886, 25.13943 ], [ 107.778702, 25.139885 ], [ 107.779335, 25.140167 ], [ 107.779831, 25.140613 ], [ 107.780354, 25.1409 ], [ 107.780533, 25.141132 ], [ 107.780854, 25.141361 ], [ 107.78104, 25.141701 ], [ 107.781357, 25.142047 ], [ 107.781731, 25.142551 ], [ 107.78199, 25.143069 ], [ 107.78212, 25.143184 ], [ 107.782017, 25.14322 ], [ 107.780228, 25.14339 ], [ 107.779908, 25.144191 ], [ 107.780415, 25.144707 ], [ 107.78138, 25.145107 ], [ 107.78246, 25.145333 ], [ 107.783749, 25.14551 ], [ 107.784577, 25.145507 ], [ 107.785355, 25.145347 ], [ 107.785783, 25.145515 ], [ 107.786355, 25.145683 ], [ 107.786668, 25.145683 ], [ 107.787419, 25.146654 ], [ 107.787549, 25.147229 ], [ 107.787678, 25.147913 ], [ 107.787564, 25.148373 ], [ 107.787377, 25.148722 ], [ 107.786874, 25.148895 ], [ 107.786248, 25.14918 ], [ 107.785805, 25.149475 ], [ 107.785615, 25.149703 ], [ 107.785363, 25.150042 ], [ 107.785187, 25.150443 ], [ 107.785115, 25.150904 ], [ 107.785115, 25.151023 ], [ 107.783559, 25.152539 ], [ 107.78278, 25.153508 ], [ 107.781689, 25.154652 ], [ 107.780415, 25.155281 ], [ 107.779393, 25.155624 ], [ 107.778237, 25.156138 ], [ 107.777668, 25.156768 ], [ 107.776959, 25.157966 ], [ 107.776322, 25.159743 ], [ 107.775875, 25.160542 ], [ 107.77549, 25.161282 ], [ 107.77517, 25.162426 ], [ 107.774212, 25.163515 ], [ 107.774788, 25.164199 ], [ 107.775681, 25.165454 ], [ 107.776322, 25.166252 ], [ 107.777924, 25.166654 ], [ 107.778622, 25.167051 ], [ 107.779522, 25.167623 ], [ 107.780541, 25.169556 ], [ 107.780361, 25.169833 ], [ 107.780171, 25.170062 ], [ 107.779927, 25.17041 ], [ 107.779621, 25.171382 ], [ 107.778981, 25.172362 ], [ 107.778554, 25.173112 ], [ 107.778348, 25.173392 ], [ 107.777863, 25.174025 ], [ 107.776795, 25.175355 ], [ 107.776238, 25.176098 ], [ 107.774922, 25.17725 ], [ 107.774541, 25.177601 ], [ 107.774289, 25.177886 ], [ 107.774044, 25.178051 ], [ 107.773739, 25.178338 ], [ 107.773419, 25.178676 ], [ 107.773045, 25.178974 ], [ 107.772854, 25.179259 ], [ 107.772549, 25.179544 ], [ 107.771668, 25.180408 ], [ 107.771416, 25.180693 ], [ 107.771042, 25.181044 ], [ 107.770608, 25.181282 ], [ 107.770051, 25.181798 ], [ 107.770048493000047, 25.181800123000073 ], [ 107.769234, 25.18249 ], [ 107.768231, 25.183411 ], [ 107.766545, 25.184913 ], [ 107.765973, 25.185546 ], [ 107.764912, 25.18698 ], [ 107.764218, 25.187616 ], [ 107.763467, 25.188127 ], [ 107.762582, 25.188763 ], [ 107.761903, 25.18917 ], [ 107.761452, 25.189401 ], [ 107.760644, 25.189752 ], [ 107.759789, 25.190215 ], [ 107.758629, 25.190664 ], [ 107.758259, 25.190789 ], [ 107.757756, 25.191133 ], [ 107.757, 25.191532 ], [ 107.755871, 25.191997 ], [ 107.75681, 25.192938 ], [ 107.757962, 25.193795 ], [ 107.7604, 25.195504 ], [ 107.76059, 25.196765 ], [ 107.760018, 25.197449 ], [ 107.759503, 25.198189 ], [ 107.758671, 25.199333 ], [ 107.758031, 25.199738 ], [ 107.756688, 25.200138 ], [ 107.755025, 25.200425 ], [ 107.754384, 25.200593 ], [ 107.752003, 25.20113 ], [ 107.752209, 25.202152 ], [ 107.752263, 25.202729 ], [ 107.752392, 25.203237 ], [ 107.752205, 25.20433 ], [ 107.752396, 25.205419 ], [ 107.752465, 25.205933 ], [ 107.752594, 25.207021 ], [ 107.752915, 25.207881 ], [ 107.753239, 25.20845 ], [ 107.753601, 25.208786 ], [ 107.753617, 25.211203 ], [ 107.753427, 25.211836 ], [ 107.755135, 25.212536 ], [ 107.755837, 25.212767 ], [ 107.75731, 25.212996 ], [ 107.75776, 25.213454 ], [ 107.757371, 25.214311 ], [ 107.756478, 25.214997 ], [ 107.756417, 25.215795 ], [ 107.756737, 25.216596 ], [ 107.757958, 25.216655 ], [ 107.759171, 25.216761 ], [ 107.759941, 25.21659 ], [ 107.760903, 25.217107 ], [ 107.761669, 25.217679 ], [ 107.761284, 25.218193 ], [ 107.760262, 25.218533 ], [ 107.75866, 25.218818 ], [ 107.75634, 25.220228 ], [ 107.756691, 25.221446 ], [ 107.756882, 25.222017 ], [ 107.757202, 25.22293 ], [ 107.757408, 25.223385 ], [ 107.758286, 25.224074 ], [ 107.75879, 25.224412 ], [ 107.759492, 25.224697 ], [ 107.760369, 25.225033 ], [ 107.76075, 25.225315 ], [ 107.761452, 25.226121 ], [ 107.762025, 25.226862 ], [ 107.762078, 25.227675 ], [ 107.761803, 25.229727 ], [ 107.760972, 25.230813 ], [ 107.760331, 25.231955 ], [ 107.760079, 25.232698 ], [ 107.759881, 25.23344 ], [ 107.759629, 25.23401 ], [ 107.75821, 25.235281 ], [ 107.757, 25.236082 ], [ 107.755722, 25.236995 ], [ 107.75325, 25.238912 ], [ 107.753075, 25.239276 ], [ 107.752693, 25.239904 ], [ 107.75219, 25.240479 ], [ 107.751564, 25.241222 ], [ 107.751, 25.241629 ], [ 107.75055, 25.241746 ], [ 107.750004, 25.242031 ], [ 107.749306, 25.242321 ], [ 107.74836, 25.242501 ], [ 107.747719, 25.242504 ], [ 107.747032, 25.242677 ], [ 107.746533, 25.242692 ], [ 107.746441, 25.242684 ], [ 107.745835, 25.242433 ], [ 107.745591, 25.242334 ], [ 107.745209, 25.242448 ], [ 107.743973, 25.242459 ], [ 107.744462, 25.240523 ], [ 107.744904, 25.239502 ], [ 107.745415, 25.237559 ], [ 107.745743, 25.236702 ], [ 107.745034, 25.235616 ], [ 107.744462, 25.235044 ], [ 107.7435, 25.234815 ], [ 107.741387, 25.232697 ], [ 107.740678, 25.232692 ], [ 107.740296, 25.233152 ], [ 107.739976, 25.234007 ], [ 107.739976, 25.23498 ], [ 107.740235, 25.236013 ], [ 107.740426, 25.237378 ], [ 107.740235, 25.238238 ], [ 107.740166, 25.239036 ], [ 107.739915, 25.239494 ], [ 107.739522, 25.240122 ], [ 107.738148, 25.241902 ], [ 107.737836, 25.241843 ], [ 107.737019, 25.2411 ], [ 107.736493, 25.24065 ], [ 107.736127, 25.240308 ], [ 107.735684, 25.239965 ], [ 107.735493, 25.239797 ], [ 107.735306, 25.239512 ], [ 107.734986, 25.239049 ], [ 107.734536, 25.238139 ], [ 107.734406, 25.237734 ], [ 107.734154, 25.237226 ], [ 107.734025, 25.236768 ], [ 107.733773, 25.236313 ], [ 107.733208, 25.234889 ], [ 107.733204, 25.234259 ], [ 107.733265, 25.233863 ], [ 107.733265, 25.233169 ], [ 107.733196, 25.232658 ], [ 107.733196, 25.232368 ], [ 107.73312, 25.231974 ], [ 107.732815, 25.231338 ], [ 107.732052, 25.23026 ], [ 107.731541, 25.229853 ], [ 107.73122, 25.229571 ], [ 107.730473, 25.229232 ], [ 107.729897, 25.228996 ], [ 107.729523, 25.228772 ], [ 107.72908, 25.228546 ], [ 107.728519, 25.228322 ], [ 107.727318, 25.227741 ], [ 107.726117, 25.227296 ], [ 107.72472, 25.227181 ], [ 107.724354, 25.227125 ], [ 107.723343, 25.227008 ], [ 107.722905, 25.226838 ], [ 107.722084, 25.22667 ], [ 107.720593, 25.226514 ], [ 107.719891, 25.22658 ], [ 107.718884600000081, 25.226694026000075 ], [ 107.718876, 25.226695 ], [ 107.717575, 25.224233 ], [ 107.716034, 25.222229 ], [ 107.714626, 25.22097 ], [ 107.713215, 25.219424 ], [ 107.711105, 25.219042 ], [ 107.710587, 25.21892 ], [ 107.710014, 25.218811 ], [ 107.70932, 25.218409 ], [ 107.708683, 25.217842 ], [ 107.708333, 25.217566 ], [ 107.707692, 25.217343 ], [ 107.706998, 25.216994 ], [ 107.706616, 25.216832 ], [ 107.706292, 25.216427 ], [ 107.706162, 25.216308 ], [ 107.706299, 25.214913 ], [ 107.706944, 25.212802 ], [ 107.706685, 25.212177 ], [ 107.705781, 25.211828 ], [ 107.702977, 25.211251 ], [ 107.703114, 25.210824 ], [ 107.703236, 25.210254 ], [ 107.703167, 25.209738 ], [ 107.703229, 25.209156 ], [ 107.703305, 25.208533 ], [ 107.703229, 25.208245 ], [ 107.703175, 25.207668 ], [ 107.702985, 25.207327 ], [ 107.702985, 25.206524 ], [ 107.702779, 25.206005 ], [ 107.702458, 25.205667 ], [ 107.702153, 25.205321 ], [ 107.702023, 25.205033 ], [ 107.701768, 25.204685 ], [ 107.701577, 25.204347 ], [ 107.701325, 25.203945 ], [ 107.701135, 25.203431 ], [ 107.700684, 25.202974 ], [ 107.69999, 25.202294 ], [ 107.699422, 25.201714 ], [ 107.698285, 25.2012 ], [ 107.697713, 25.201094 ], [ 107.696641, 25.200974 ], [ 107.69571, 25.200942 ], [ 107.694577, 25.201005 ], [ 107.69402, 25.201125 ], [ 107.690869, 25.199807 ], [ 107.689015, 25.199006 ], [ 107.686955, 25.198714 ], [ 107.685735, 25.198368 ], [ 107.684136, 25.197562 ], [ 107.682431, 25.196788 ], [ 107.681084, 25.196265 ], [ 107.681145, 25.197414 ], [ 107.680764, 25.198841 ], [ 107.681408, 25.1997 ], [ 107.682812, 25.200791 ], [ 107.684007, 25.201562 ], [ 107.685163, 25.20248 ], [ 107.686497, 25.204426 ], [ 107.687432, 25.205512 ], [ 107.687783, 25.205914 ], [ 107.689656, 25.208782 ], [ 107.690007, 25.209199 ], [ 107.690259, 25.209366 ], [ 107.69045, 25.20971 ], [ 107.690965, 25.210284 ], [ 107.691148, 25.210628 ], [ 107.691339, 25.210859 ], [ 107.691659, 25.211312 ], [ 107.692033, 25.211881 ], [ 107.692292, 25.212797 ], [ 107.692559, 25.213372 ], [ 107.692807, 25.214458 ], [ 107.692822, 25.215091 ], [ 107.692868, 25.215962 ], [ 107.692685, 25.216245 ], [ 107.692559, 25.216761 ], [ 107.692303, 25.217107 ], [ 107.692113, 25.217677 ], [ 107.691991, 25.218076 ], [ 107.691861, 25.218422 ], [ 107.691861, 25.219108 ], [ 107.691807, 25.219452 ], [ 107.691807, 25.220029 ], [ 107.692067, 25.221051 ], [ 107.692311, 25.221453 ], [ 107.692521, 25.221856 ], [ 107.692826, 25.222312 ], [ 107.693207, 25.222711 ], [ 107.693459, 25.223113 ], [ 107.694214, 25.224148 ], [ 107.694485, 25.22443 ], [ 107.694859, 25.224885 ], [ 107.69505, 25.225287 ], [ 107.695431, 25.225976 ], [ 107.6955, 25.22632 ], [ 107.695428, 25.22661 ], [ 107.695305, 25.226899 ], [ 107.694932, 25.227291 ], [ 107.694794, 25.227528 ], [ 107.693364, 25.228381 ], [ 107.693051, 25.2285 ], [ 107.69254, 25.22861 ], [ 107.692155, 25.228668 ], [ 107.69185, 25.228676 ], [ 107.691407, 25.228556 ], [ 107.690965, 25.22862 ], [ 107.690591, 25.228617 ], [ 107.69027, 25.228676 ], [ 107.689641, 25.228676 ], [ 107.689008, 25.228622 ], [ 107.688375, 25.22851 ], [ 107.687943, 25.228454 ], [ 107.687364, 25.228335 ], [ 107.687051, 25.228226 ], [ 107.686669, 25.228223 ], [ 107.68591, 25.228053 ], [ 107.685704, 25.228055 ], [ 107.686432, 25.226312 ], [ 107.686814, 25.225285 ], [ 107.686555, 25.224824 ], [ 107.685528, 25.224939 ], [ 107.684052, 25.225737 ], [ 107.683197, 25.226446 ], [ 107.68095, 25.228898 ], [ 107.680698, 25.229066 ], [ 107.680454, 25.229241 ], [ 107.679817, 25.229872 ], [ 107.679504, 25.230843 ], [ 107.679314, 25.231072 ], [ 107.67926, 25.231535 ], [ 107.67894, 25.23228 ], [ 107.678841, 25.232494 ], [ 107.679657, 25.232494 ], [ 107.680622, 25.232669 ], [ 107.681385, 25.2333 ], [ 107.681271, 25.234386 ], [ 107.681653, 25.235414 ], [ 107.681332, 25.235816 ], [ 107.679795, 25.236324 ], [ 107.678444, 25.236835 ], [ 107.678318, 25.237347 ], [ 107.678002, 25.237975 ], [ 107.673565, 25.238766 ], [ 107.671128, 25.239216 ], [ 107.670315, 25.239854 ], [ 107.668828, 25.241686 ], [ 107.667611, 25.243683 ], [ 107.666196, 25.245394 ], [ 107.66446, 25.246704 ], [ 107.663651, 25.247038 ], [ 107.663545, 25.247267 ], [ 107.662606, 25.247961 ], [ 107.661717, 25.248534 ], [ 107.661286, 25.248768 ], [ 107.660142, 25.249335 ], [ 107.659638, 25.249622 ], [ 107.659112, 25.250001 ], [ 107.659074, 25.250029 ], [ 107.661832, 25.251034 ], [ 107.664338, 25.251443 ], [ 107.665749, 25.25139 ], [ 107.666654, 25.251507 ], [ 107.667291, 25.252249 ], [ 107.667054, 25.253007 ], [ 107.666844, 25.253682 ], [ 107.665494, 25.253906 ], [ 107.663701, 25.254761 ], [ 107.661641, 25.25544 ], [ 107.658822, 25.256231 ], [ 107.657941, 25.256817 ], [ 107.65743, 25.257445 ], [ 107.65698, 25.258241 ], [ 107.657109, 25.259045 ], [ 107.65801, 25.259783 ], [ 107.658563, 25.260574 ], [ 107.65788, 25.261153 ], [ 107.656919, 25.26155 ], [ 107.65691441000007, 25.261552297000037 ], [ 107.655892, 25.262064 ], [ 107.655618, 25.263847 ], [ 107.655812, 25.264027 ], [ 107.656445, 25.264655 ], [ 107.657323, 25.265111 ], [ 107.657895, 25.265451 ], [ 107.658593611000072, 25.265808084000071 ], [ 107.658883, 25.265956 ], [ 107.660279, 25.266582 ], [ 107.661038, 25.266984 ], [ 107.662125, 25.2675 ], [ 107.662492, 25.267726 ], [ 107.661, 25.269089 ], [ 107.660741, 25.269832 ], [ 107.660493, 25.270633 ], [ 107.66042, 25.271716 ], [ 107.660542, 25.272857 ], [ 107.660996, 25.273429 ], [ 107.662728, 25.274461 ], [ 107.663373, 25.275207 ], [ 107.663815, 25.275835 ], [ 107.663693, 25.276692 ], [ 107.6633, 25.277666 ], [ 107.662988, 25.278701 ], [ 107.662419, 25.279838 ], [ 107.661965, 25.280525 ], [ 107.661576, 25.281211 ], [ 107.661454, 25.283037 ], [ 107.66087, 25.284006 ], [ 107.659657, 25.284344 ], [ 107.658883, 25.284917 ], [ 107.657754, 25.287783 ], [ 107.657754, 25.289609 ], [ 107.658265, 25.290867 ], [ 107.658822, 25.291883 ], [ 107.657041, 25.29252 ], [ 107.656686, 25.292599 ], [ 107.655511, 25.292861 ], [ 107.654222, 25.293255 ], [ 107.653134, 25.293936 ], [ 107.650933, 25.294793 ], [ 107.65043, 25.295307 ], [ 107.650186, 25.295653 ], [ 107.649995, 25.295999 ], [ 107.649621, 25.296747 ], [ 107.648972, 25.297553 ], [ 107.648732, 25.297889 ], [ 107.648602, 25.298235 ], [ 107.64848, 25.298815 ], [ 107.648541, 25.299328 ], [ 107.648671, 25.300246 ], [ 107.64893, 25.300755 ], [ 107.649247, 25.301444 ], [ 107.650132, 25.302243 ], [ 107.650452, 25.302706 ], [ 107.650903, 25.303051 ], [ 107.651097, 25.303277 ], [ 107.651418, 25.303623 ], [ 107.651669, 25.303852 ], [ 107.65199, 25.304134 ], [ 107.652486, 25.304361 ], [ 107.653314, 25.304539 ], [ 107.653817, 25.304701 ], [ 107.65426, 25.304767 ], [ 107.654897, 25.304765 ], [ 107.655465, 25.304818 ], [ 107.655965, 25.304991 ], [ 107.656728, 25.305213 ], [ 107.657426, 25.305673 ], [ 107.65799, 25.306014 ], [ 107.658479, 25.306235 ], [ 107.658856, 25.306464 ], [ 107.659741, 25.306403 ], [ 107.660306, 25.306576 ], [ 107.662118, 25.307036 ], [ 107.663377, 25.308351 ], [ 107.663624, 25.30972 ], [ 107.663556, 25.310579 ], [ 107.662537, 25.312632 ], [ 107.662472, 25.313601 ], [ 107.662854, 25.314559 ], [ 107.663125, 25.316233 ], [ 107.663567, 25.31692 ], [ 107.662991, 25.317772 ], [ 107.662606, 25.318741 ], [ 107.662415, 25.319659 ], [ 107.66216, 25.320742 ], [ 107.662156, 25.321485 ], [ 107.662087, 25.322461 ], [ 107.66113, 25.322168 ], [ 107.65965, 25.321594 ], [ 107.657819, 25.320693 ], [ 107.655446, 25.319716 ], [ 107.653131, 25.319594 ], [ 107.651464, 25.319935 ], [ 107.649026, 25.32056 ], [ 107.647992, 25.32083 ], [ 107.64774, 25.320899 ], [ 107.645257, 25.321022 ], [ 107.642949, 25.320615 ], [ 107.641517598000064, 25.318896343000063 ], [ 107.641339139000081, 25.316719137000064 ], [ 107.641196371000035, 25.31600529800005 ], [ 107.640946528000086, 25.315327152000066 ], [ 107.639683, 25.314101 ], [ 107.638722, 25.313414 ], [ 107.637569, 25.313638 ], [ 107.636643867000089, 25.31283942500005 ], [ 107.634823580000045, 25.311661592000064 ], [ 107.633610055000076, 25.311268981000069 ], [ 107.632244, 25.310716 ], [ 107.630719010000064, 25.310840678000034 ], [ 107.62814919200008, 25.311911436000059 ], [ 107.624972611000032, 25.311340365000035 ], [ 107.623759086000064, 25.311090522000029 ], [ 107.622509, 25.310693 ], [ 107.621845, 25.310393 ], [ 107.621212, 25.309935 ], [ 107.620995, 25.309826 ], [ 107.620015, 25.309315 ], [ 107.620014751000042, 25.309314758000028 ], [ 107.619378, 25.308694 ], [ 107.619126, 25.308292 ], [ 107.618744, 25.307486 ], [ 107.618554, 25.307201 ], [ 107.618164, 25.306459 ], [ 107.617974, 25.305713 ], [ 107.617936, 25.305426 ], [ 107.617844, 25.304689 ], [ 107.617714, 25.304338 ], [ 107.617409, 25.303938 ], [ 107.617218, 25.30377 ], [ 107.617305988000055, 25.302867104000029 ], [ 107.617270296000072, 25.301689271000043 ], [ 107.617662907000067, 25.29815577100004 ], [ 107.61944750300006, 25.296870863000038 ], [ 107.621160715000087, 25.296192716000064 ], [ 107.62133917400007, 25.294907807000072 ], [ 107.620411184000034, 25.293515823000064 ], [ 107.616967, 25.292706 ], [ 107.616738, 25.292523 ], [ 107.615071, 25.290924 ], [ 107.612808807000079, 25.29026785800005 ], [ 107.610667292000073, 25.288697414000069 ], [ 107.609506, 25.285549 ], [ 107.608094, 25.284456 ], [ 107.607842, 25.283599 ], [ 107.609368, 25.281259 ], [ 107.610138, 25.280631 ], [ 107.610459, 25.279891 ], [ 107.610398, 25.278291 ], [ 107.610398, 25.278004 ], [ 107.610207, 25.276404 ], [ 107.610207, 25.274805 ], [ 107.610467, 25.27349 ], [ 107.610467, 25.272348 ], [ 107.611031, 25.271146 ], [ 107.609368, 25.270342 ], [ 107.604314, 25.265661 ], [ 107.604634, 25.263312 ], [ 107.605275, 25.262572 ], [ 107.606120142000066, 25.261721465000051 ], [ 107.607690586000047, 25.261150394000026 ], [ 107.608154581000065, 25.260008253000024 ], [ 107.606548445000044, 25.258437808000053 ], [ 107.604335546000073, 25.258187965000047 ], [ 107.602192, 25.258406 ], [ 107.601681, 25.258289 ], [ 107.600529, 25.259261 ], [ 107.599576, 25.26068 ], [ 107.597974, 25.262165 ], [ 107.597142, 25.263251 ], [ 107.596242, 25.264332 ], [ 107.595036, 25.264561 ], [ 107.593563, 25.26479 ], [ 107.593281, 25.264935 ], [ 107.59222, 25.265477 ], [ 107.591068, 25.265763 ], [ 107.589787, 25.265877 ], [ 107.589016, 25.265131 ], [ 107.588696, 25.26433 ], [ 107.588787, 25.263938 ], [ 107.588886, 25.263529 ], [ 107.589848, 25.261415 ], [ 107.59055, 25.259589 ], [ 107.59132, 25.258328 ], [ 107.592541, 25.257075 ], [ 107.593563, 25.255475 ], [ 107.594654, 25.254618 ], [ 107.595417, 25.25399 ], [ 107.595486, 25.253535 ], [ 107.594925, 25.253065 ], [ 107.594135, 25.252396 ], [ 107.592472, 25.252053 ], [ 107.590748, 25.251821 ], [ 107.589146, 25.251819 ], [ 107.587925, 25.251704 ], [ 107.586842, 25.252106 ], [ 107.586304, 25.253065 ], [ 107.586262, 25.25313 ], [ 107.585945, 25.253929 ], [ 107.585434, 25.254783 ], [ 107.584732, 25.255355 ], [ 107.584152, 25.255984 ], [ 107.583427, 25.256711 ], [ 107.578533, 25.258939 ], [ 107.578152, 25.25883 ], [ 107.577839, 25.258827 ], [ 107.577335, 25.258888 ], [ 107.577084, 25.258947 ], [ 107.576576, 25.258944 ], [ 107.57608, 25.259003 ], [ 107.575516, 25.259186 ], [ 107.57518, 25.259294 ], [ 107.574868, 25.259355 ], [ 107.573983, 25.259586 ], [ 107.573601, 25.2597 ], [ 107.57317, 25.25982 ], [ 107.572666, 25.259927 ], [ 107.572415, 25.259932 ], [ 107.571659, 25.2597 ], [ 107.571278, 25.25954 ], [ 107.570584, 25.259174 ], [ 107.570203, 25.258948 ], [ 107.569825, 25.258666 ], [ 107.569634, 25.258381 ], [ 107.569383, 25.258099 ], [ 107.569139, 25.25758 ], [ 107.569062, 25.257119 ], [ 107.568933, 25.256898 ], [ 107.568818, 25.256438 ], [ 107.568292, 25.25552 ], [ 107.567918, 25.254894 ], [ 107.567475, 25.254497 ], [ 107.567224, 25.254322 ], [ 107.566846, 25.254093 ], [ 107.566602, 25.253981 ], [ 107.566159, 25.253808 ], [ 107.565839, 25.253643 ], [ 107.565282, 25.253412 ], [ 107.564961, 25.2533 ], [ 107.564519, 25.253244 ], [ 107.564263, 25.253068 ], [ 107.563923, 25.253026 ], [ 107.563202, 25.252792 ], [ 107.562821, 25.252789 ], [ 107.562256, 25.252622 ], [ 107.56194, 25.252566 ], [ 107.561314, 25.252395 ], [ 107.56049, 25.252113 ], [ 107.560055, 25.252004 ], [ 107.559487, 25.251887 ], [ 107.558144, 25.251481 ], [ 107.557149, 25.25114 ], [ 107.556637, 25.250916 ], [ 107.556325, 25.250794 ], [ 107.555882, 25.25057 ], [ 107.555382, 25.250227 ], [ 107.555054, 25.249975 ], [ 107.554932, 25.249883 ], [ 107.554368, 25.249263 ], [ 107.553856, 25.248632 ], [ 107.553616, 25.248286 ], [ 107.553105, 25.24732 ], [ 107.553044, 25.246969 ], [ 107.552906, 25.246744 ], [ 107.552525, 25.245658 ], [ 107.552029, 25.244857 ], [ 107.551583, 25.244224 ], [ 107.551262, 25.243941 ], [ 107.55101, 25.243425 ], [ 107.550049, 25.242553 ], [ 107.546684, 25.242352 ], [ 107.544918, 25.241303 ], [ 107.543072, 25.240274 ], [ 107.541981, 25.239132 ], [ 107.540642, 25.238392 ], [ 107.539296, 25.237822 ], [ 107.538277, 25.236681 ], [ 107.537575, 25.235709 ], [ 107.537575, 25.234921 ], [ 107.537575, 25.234394 ], [ 107.537506, 25.233484 ], [ 107.536747, 25.23251 ], [ 107.535847, 25.231999 ], [ 107.53489, 25.231373 ], [ 107.534249, 25.230976 ], [ 107.534058, 25.230631 ], [ 107.534447, 25.230002 ], [ 107.53521, 25.229773 ], [ 107.536488, 25.229484 ], [ 107.537186, 25.22897 ], [ 107.537384, 25.228169 ], [ 107.537445, 25.227541 ], [ 107.535656, 25.225944 ], [ 107.534699, 25.22543 ], [ 107.533867, 25.224916 ], [ 107.532372, 25.224257 ], [ 107.530774, 25.224374 ], [ 107.529565, 25.224717 ], [ 107.528603, 25.224661 ], [ 107.527707, 25.22472 ], [ 107.526879, 25.224895 ], [ 107.525666, 25.225813 ], [ 107.524831, 25.226726 ], [ 107.524388, 25.227416 ], [ 107.521908, 25.22901 ], [ 107.52147, 25.228774 ], [ 107.521218, 25.228659 ], [ 107.520966, 25.228323 ], [ 107.520752, 25.228115 ], [ 107.520443, 25.227656 ], [ 107.520192, 25.227427 ], [ 107.51981, 25.227145 ], [ 107.519558, 25.226969 ], [ 107.519368, 25.22675 ], [ 107.518998, 25.226405 ], [ 107.518731, 25.22629 ], [ 107.518486, 25.225774 ], [ 107.518296, 25.225553 ], [ 107.518166, 25.225202 ], [ 107.517605, 25.224574 ], [ 107.517399, 25.224357 ], [ 107.518097, 25.222475 ], [ 107.518669, 25.221166 ], [ 107.519238, 25.220022 ], [ 107.519428, 25.219279 ], [ 107.519497, 25.218595 ], [ 107.518921, 25.217624 ], [ 107.518349, 25.217682 ], [ 107.517582, 25.217913 ], [ 107.51675, 25.218086 ], [ 107.515854, 25.217916 ], [ 107.514706, 25.217461 ], [ 107.514195, 25.216944 ], [ 107.513687, 25.215576 ], [ 107.513626, 25.214253 ], [ 107.513939, 25.212539 ], [ 107.514256, 25.211738 ], [ 107.514133, 25.210937 ], [ 107.514195, 25.210482 ], [ 107.513367, 25.210085 ], [ 107.511768, 25.209915 ], [ 107.51049, 25.20992 ], [ 107.509403, 25.210836 ], [ 107.508644, 25.21198 ], [ 107.508385, 25.212664 ], [ 107.508575, 25.214381 ], [ 107.508453, 25.216672 ], [ 107.508835, 25.21816 ], [ 107.508965, 25.219475 ], [ 107.508453, 25.220444 ], [ 107.507328, 25.221258 ], [ 107.506931, 25.221383 ], [ 107.506554, 25.221614 ], [ 107.505737, 25.222074 ], [ 107.505367, 25.222254 ], [ 107.504803, 25.222427 ], [ 107.50436, 25.222491 ], [ 107.503861, 25.222547 ], [ 107.503357, 25.222491 ], [ 107.501969, 25.222501 ], [ 107.501091, 25.221761 ], [ 107.500652, 25.221644 ], [ 107.500332, 25.22136 ], [ 107.499981, 25.221095 ], [ 107.499958, 25.221077 ], [ 107.499747131000049, 25.219196134000072 ], [ 107.500865477000048, 25.217506717000049 ], [ 107.502364538000052, 25.216269397000076 ], [ 107.502388332000066, 25.214556185000049 ], [ 107.501198602000045, 25.212390876000029 ], [ 107.49891431900005, 25.21141529700003 ], [ 107.497439053000051, 25.210201771000072 ], [ 107.496392091000075, 25.209107219000032 ], [ 107.495059592000075, 25.209821058000045 ], [ 107.493417764000071, 25.210820431000059 ], [ 107.492465980000077, 25.211201145000075 ], [ 107.491680758000086, 25.212938152000049 ], [ 107.49006272400004, 25.212652616000071 ], [ 107.488777815000049, 25.213057125000034 ], [ 107.486660095000047, 25.213913731000048 ], [ 107.484732732000055, 25.213628195000069 ], [ 107.48337643900004, 25.213342660000023 ], [ 107.481948762000059, 25.214127882000071 ], [ 107.481187335000072, 25.213509222000027 ], [ 107.479378944000075, 25.212129135000055 ], [ 107.478284392000035, 25.212152929000069 ], [ 107.477665732000048, 25.213747168000054 ], [ 107.477213635000055, 25.214294444000075 ], [ 107.475714574000051, 25.213271276000057 ], [ 107.474810379000075, 25.213295071000061 ], [ 107.473001989000068, 25.21441341700006 ], [ 107.471264982000037, 25.215174845000035 ], [ 107.469932484000083, 25.215103461000069 ], [ 107.468219272000056, 25.215103461000069 ], [ 107.468005121000033, 25.215912478000064 ], [ 107.467481639000084, 25.217030825000052 ], [ 107.466744006000056, 25.217816047000042 ], [ 107.467053336000049, 25.218815420000055 ], [ 107.468195478000041, 25.219862383000077 ], [ 107.468338245000041, 25.220837962000076 ], [ 107.467814764000082, 25.222122871000067 ], [ 107.467293, 25.222793 ], [ 107.46731507700008, 25.223574342000063 ], [ 107.468695164000053, 25.224264386000073 ], [ 107.470955652000043, 25.225002019000044 ], [ 107.471312572000045, 25.226120366000032 ], [ 107.47104, 25.227156 ], [ 107.470170430000053, 25.228095318000044 ], [ 107.469432797000081, 25.228499827000064 ], [ 107.468171683000037, 25.228523621000079 ], [ 107.46769579100004, 25.229142281000065 ], [ 107.467362666000042, 25.231331385000033 ], [ 107.467648202000078, 25.232735267000066 ], [ 107.467862353000044, 25.233996382000043 ], [ 107.467648202000078, 25.235352674000069 ], [ 107.466482266000071, 25.236946913000054 ], [ 107.464692, 25.238792 ], [ 107.464501, 25.239428 ], [ 107.464448, 25.239942 ], [ 107.464448, 25.240343 ], [ 107.464501, 25.24062 ], [ 107.465024, 25.241421 ], [ 107.466910569000049, 25.241991370000051 ], [ 107.468124094000075, 25.242729003000079 ], [ 107.468602, 25.244386 ], [ 107.468735, 25.244959 ], [ 107.47026560900008, 25.246726498000044 ], [ 107.471479134000049, 25.248653861000037 ], [ 107.472764043000041, 25.250367073000064 ], [ 107.473549265000088, 25.251628188000041 ], [ 107.472692659000074, 25.252175464000061 ], [ 107.471836053000061, 25.252913097000032 ], [ 107.471824156000082, 25.254221800000039 ], [ 107.47244, 25.25543 ], [ 107.472978194000063, 25.25633952000004 ], [ 107.473906184000043, 25.257719608000059 ], [ 107.474175, 25.259078 ], [ 107.475006, 25.260731 ], [ 107.475453, 25.261873 ], [ 107.4757, 25.263074 ], [ 107.475449, 25.264444 ], [ 107.474556, 25.265876 ], [ 107.474686, 25.266675 ], [ 107.475258, 25.267702 ], [ 107.476215, 25.268841 ], [ 107.477783, 25.270189 ], [ 107.477916052000069, 25.271252554000057 ], [ 107.478810729000088, 25.271576161000041 ], [ 107.480600084000059, 25.271671339000079 ], [ 107.481837403000043, 25.272242410000047 ], [ 107.482541724000043, 25.273060945000054 ], [ 107.482758, 25.274257 ], [ 107.481831, 25.275694 ], [ 107.481827539000051, 25.275696219000054 ], [ 107.480939, 25.276266 ], [ 107.480233, 25.276897 ], [ 107.479275, 25.277698 ], [ 107.47852, 25.27861 ], [ 107.477684, 25.27924 ], [ 107.476982, 25.279868 ], [ 107.476475, 25.280273 ], [ 107.475773, 25.281018 ], [ 107.475254, 25.281473 ], [ 107.475258, 25.281643 ], [ 107.478043, 25.284424 ], [ 107.478161, 25.284653 ], [ 107.478603, 25.285052 ], [ 107.478924, 25.285217 ], [ 107.479488, 25.285624 ], [ 107.479805, 25.285787 ], [ 107.480057, 25.285899 ], [ 107.480743, 25.286708 ], [ 107.481121, 25.286934 ], [ 107.481442, 25.28727 ], [ 107.481632, 25.287555 ], [ 107.481823, 25.288246 ], [ 107.481194, 25.289162 ], [ 107.480759, 25.289683 ], [ 107.480377, 25.289917 ], [ 107.48027, 25.289917 ], [ 107.480499, 25.290443 ], [ 107.48069, 25.29147 ], [ 107.48082, 25.292498 ], [ 107.480881, 25.293185 ], [ 107.479988, 25.293302 ], [ 107.47916, 25.293703 ], [ 107.478394, 25.294276 ], [ 107.477688, 25.295133 ], [ 107.476853, 25.296107 ], [ 107.476147, 25.296621 ], [ 107.47467649500004, 25.298190353000052 ], [ 107.472772926000061, 25.298339069000065 ], [ 107.470036546000074, 25.298101123000038 ], [ 107.467954518000056, 25.297298055000056 ], [ 107.465783259000034, 25.296613960000059 ], [ 107.464653015000067, 25.29557294600005 ], [ 107.46441506900004, 25.294293986000071 ], [ 107.463502, 25.293744 ], [ 107.46325, 25.293738 ], [ 107.462815, 25.293805 ], [ 107.462433, 25.293802 ], [ 107.461861, 25.293751 ], [ 107.461297, 25.293749 ], [ 107.461129, 25.293789 ], [ 107.459389, 25.292678 ], [ 107.458432, 25.291653 ], [ 107.457119, 25.290365 ], [ 107.45501, 25.289234 ], [ 107.452965, 25.288436 ], [ 107.450794, 25.287467 ], [ 107.449196, 25.286727 ], [ 107.447598, 25.286216 ], [ 107.446766, 25.285359 ], [ 107.444901, 25.284019 ], [ 107.444641, 25.283449 ], [ 107.444901, 25.282648 ], [ 107.445023, 25.281847 ], [ 107.445221, 25.281219 ], [ 107.445153, 25.28042 ], [ 107.444321, 25.279792 ], [ 107.442151, 25.278365 ], [ 107.440934, 25.277966 ], [ 107.440163, 25.277854 ], [ 107.4394, 25.278024 ], [ 107.438889, 25.278426 ], [ 107.438890632000039, 25.278442097000038 ], [ 107.439011, 25.279629 ], [ 107.439209, 25.280595 ], [ 107.438347380000039, 25.282017305000068 ], [ 107.438442558000077, 25.283026197000027 ], [ 107.439337236000085, 25.283977981000078 ], [ 107.439908306000063, 25.28485362300006 ], [ 107.439927342000033, 25.285767336000049 ], [ 107.439011, 25.286193 ], [ 107.437604988000032, 25.286966584000027 ], [ 107.436139, 25.287437 ], [ 107.435883, 25.287429 ], [ 107.43544, 25.287549 ], [ 107.43512, 25.287671 ], [ 107.434563, 25.287897 ], [ 107.434243, 25.288075 ], [ 107.433678, 25.288355 ], [ 107.433358, 25.28848 ], [ 107.432782, 25.288401 ], [ 107.432339, 25.288121 ], [ 107.432088, 25.287943 ], [ 107.431515, 25.287607 ], [ 107.431325, 25.287437 ], [ 107.431142, 25.287152 ], [ 107.431012, 25.286865 ], [ 107.429749, 25.286526 ], [ 107.429063, 25.286585 ], [ 107.428429, 25.286414 ], [ 107.427865, 25.286414 ], [ 107.42717, 25.286529 ], [ 107.426659, 25.286592 ], [ 107.426339, 25.286704 ], [ 107.425847, 25.286941 ], [ 107.425419, 25.287284 ], [ 107.424718, 25.288261 ], [ 107.424466, 25.288373 ], [ 107.424084, 25.288947 ], [ 107.423909, 25.28912 ], [ 107.423649, 25.289578 ], [ 107.423329, 25.290031 ], [ 107.423085, 25.290504 ], [ 107.422894, 25.290956 ], [ 107.422143, 25.292342 ], [ 107.421891, 25.292627 ], [ 107.4217, 25.293026 ], [ 107.421456, 25.293482 ], [ 107.421273, 25.293891 ], [ 107.421143, 25.29429 ], [ 107.421067, 25.29457 ], [ 107.420952, 25.29515 ], [ 107.420701, 25.296182 ], [ 107.420502, 25.296636 ], [ 107.42038, 25.297035 ], [ 107.42025, 25.297498 ], [ 107.420265, 25.298182 ], [ 107.420265, 25.298586 ], [ 107.420388, 25.299273 ], [ 107.420517, 25.29956 ], [ 107.420655, 25.299907 ], [ 107.420777, 25.300428 ], [ 107.421029, 25.300767 ], [ 107.421288, 25.301051 ], [ 107.42157, 25.301326 ], [ 107.420571, 25.303162 ], [ 107.41967, 25.30465 ], [ 107.418968, 25.30539 ], [ 107.417614, 25.306267 ], [ 107.417557, 25.306303 ], [ 107.417012, 25.30705 ], [ 107.416828, 25.307536 ], [ 107.413914, 25.308762 ], [ 107.413418, 25.309167 ], [ 107.413158, 25.309683 ], [ 107.413479, 25.311509 ], [ 107.413929, 25.313279 ], [ 107.41412, 25.314536 ], [ 107.413975, 25.316073 ], [ 107.414555, 25.317159 ], [ 107.414295, 25.318589 ], [ 107.414173, 25.319789 ], [ 107.414295, 25.320702 ], [ 107.414875, 25.321902 ], [ 107.415127, 25.323385 ], [ 107.415196, 25.324417 ], [ 107.415135, 25.325786 ], [ 107.415325, 25.326986 ], [ 107.41528, 25.32816 ], [ 107.414967, 25.328046 ], [ 107.414585, 25.32816 ], [ 107.414334, 25.328679 ], [ 107.414395, 25.32902 ], [ 107.414334, 25.32931 ], [ 107.414524, 25.329541 ], [ 107.41547, 25.330851 ], [ 107.415852, 25.33125 ], [ 107.415982, 25.331535 ], [ 107.416172, 25.331822 ], [ 107.416294, 25.33228 ], [ 107.416485, 25.332799 ], [ 107.416733, 25.333318 ], [ 107.416867, 25.3336 ], [ 107.417126, 25.334176 ], [ 107.41705, 25.334585 ], [ 107.416554, 25.335386 ], [ 107.415627, 25.336037 ], [ 107.415486, 25.336137 ], [ 107.415234, 25.336472 ], [ 107.415043, 25.336701 ], [ 107.414357, 25.337388 ], [ 107.413281, 25.33768 ], [ 107.412716, 25.338204 ], [ 107.412396, 25.338425 ], [ 107.411953, 25.338659 ], [ 107.41177, 25.338888 ], [ 107.41132, 25.339348 ], [ 107.41108, 25.339524 ], [ 107.410889, 25.339923 ], [ 107.410828, 25.340263 ], [ 107.410515, 25.340837 ], [ 107.410134, 25.341015 ], [ 107.409439, 25.341532 ], [ 107.408814, 25.341758 ], [ 107.408631, 25.341933 ], [ 107.408127, 25.342223 ], [ 107.407563, 25.342622 ], [ 107.406922, 25.342909 ], [ 107.406678, 25.343075 ], [ 107.405915, 25.343347 ], [ 107.402783, 25.34321 ], [ 107.401753, 25.343665 ], [ 107.400601, 25.344407 ], [ 107.398938, 25.34589 ], [ 107.398358, 25.346631 ], [ 107.397465, 25.347315 ], [ 107.396649134000086, 25.348602080000035 ], [ 107.396054269000047, 25.35005355100003 ], [ 107.396504, 25.350743 ], [ 107.397717, 25.352002 ], [ 107.399136, 25.353157 ], [ 107.400097, 25.35424 ], [ 107.400997, 25.3551 ], [ 107.401512, 25.355669 ], [ 107.402023, 25.356585 ], [ 107.402733, 25.357508 ], [ 107.402795, 25.359303 ], [ 107.402924, 25.360107 ], [ 107.402924, 25.361997 ], [ 107.402993, 25.362284 ], [ 107.403115, 25.362625 ], [ 107.403184, 25.362912 ], [ 107.403184, 25.363372 ], [ 107.403245, 25.36366 ], [ 107.403374, 25.36395 ], [ 107.403435, 25.364405 ], [ 107.403626, 25.364573 ], [ 107.404122, 25.365377 ], [ 107.404252, 25.365718 ], [ 107.404206, 25.36603 ], [ 107.405022, 25.367266 ], [ 107.406052, 25.368467 ], [ 107.407014, 25.369726 ], [ 107.407654, 25.370239 ], [ 107.408903929000076, 25.372572770000033 ], [ 107.409836678000033, 25.372896377000075 ], [ 107.411987711000052, 25.373181912000064 ], [ 107.412558782000076, 25.373829125000043 ], [ 107.412159032000034, 25.374971267000035 ], [ 107.412653960000057, 25.37626569300005 ], [ 107.415337992000048, 25.378511905000039 ], [ 107.416251705000036, 25.379482725000059 ], [ 107.416898918000072, 25.380358366000053 ], [ 107.416397, 25.381911 ], [ 107.416207, 25.382204 ], [ 107.416275, 25.383058 ], [ 107.416146, 25.383859 ], [ 107.416275, 25.384827 ], [ 107.416275, 25.385287 ], [ 107.416405, 25.385745 ], [ 107.416535, 25.385971 ], [ 107.416786, 25.38637 ], [ 107.417046, 25.386724 ], [ 107.417044918000045, 25.386726764000059 ], [ 107.416611, 25.387835 ], [ 107.416031, 25.388634 ], [ 107.415329, 25.389092 ], [ 107.413857, 25.389209 ], [ 107.412194, 25.389092 ], [ 107.410878311000033, 25.389465357000063 ], [ 107.409212688000082, 25.390464730000076 ], [ 107.408427466000035, 25.391797229000076 ], [ 107.407118763000085, 25.392439683000077 ], [ 107.406262157000072, 25.392606245000025 ], [ 107.405404, 25.392237 ], [ 107.405312, 25.392184 ], [ 107.404687, 25.391955 ], [ 107.404496, 25.391731 ], [ 107.403863, 25.39167 ], [ 107.403489, 25.391614 ], [ 107.403237, 25.39167 ], [ 107.402726, 25.39167 ], [ 107.402474, 25.391728 ], [ 107.401597, 25.391733 ], [ 107.400773, 25.391909 ], [ 107.400452, 25.391906 ], [ 107.400017, 25.392074 ], [ 107.399018, 25.392194 ], [ 107.398064, 25.392372 ], [ 107.397622, 25.39243 ], [ 107.397362, 25.392489 ], [ 107.396676, 25.392598 ], [ 107.396355, 25.392603 ], [ 107.396039, 25.392718 ], [ 107.395795, 25.392776 ], [ 107.394917, 25.39278 ], [ 107.393834, 25.393014 ], [ 107.392964, 25.393182 ], [ 107.392529, 25.393243 ], [ 107.39227, 25.393418 ], [ 107.392079, 25.393647 ], [ 107.391514, 25.394107 ], [ 107.391079, 25.394621 ], [ 107.390873, 25.395082 ], [ 107.390427, 25.395766 ], [ 107.390244, 25.396165 ], [ 107.390045, 25.396687 ], [ 107.389915, 25.396916 ], [ 107.389664, 25.397605 ], [ 107.38961, 25.398121 ], [ 107.389473, 25.398521 ], [ 107.38942, 25.399151 ], [ 107.38929, 25.399551 ], [ 107.389229, 25.399958 ], [ 107.389107, 25.40041 ], [ 107.389046, 25.40099 ], [ 107.388855, 25.401504 ], [ 107.388794, 25.401789 ], [ 107.38855, 25.402646 ], [ 107.388794, 25.404139 ], [ 107.388985, 25.404533 ], [ 107.389114, 25.405342 ], [ 107.389053, 25.405739 ], [ 107.38887, 25.40614 ], [ 107.388359, 25.406771 ], [ 107.388046, 25.40712 ], [ 107.387665, 25.407458 ], [ 107.38723, 25.408152 ], [ 107.386093, 25.40878 ], [ 107.3857, 25.408895 ], [ 107.385273, 25.409014 ], [ 107.384518, 25.409123 ], [ 107.384274, 25.409182 ], [ 107.383572, 25.409581 ], [ 107.382455, 25.410518 ], [ 107.38215, 25.410696 ], [ 107.381959, 25.410861 ], [ 107.381577, 25.411093 ], [ 107.381135, 25.41155 ], [ 107.380690506000064, 25.41149699500005 ], [ 107.379750619000049, 25.411235255000065 ], [ 107.378513299000076, 25.411104384000055 ], [ 107.377835152000046, 25.411639763000039 ], [ 107.377359260000048, 25.412508266000032 ], [ 107.377166226000043, 25.413724468000055 ], [ 107.377280441000039, 25.414733360000071 ], [ 107.376461906000088, 25.415418645000045 ], [ 107.375586264000049, 25.415247323000074 ], [ 107.374824837000062, 25.41402903900007 ], [ 107.374059, 25.412641 ], [ 107.372853, 25.412128 ], [ 107.372037, 25.412013 ], [ 107.371354, 25.412133 ], [ 107.370782, 25.412303 ], [ 107.370698, 25.412378 ], [ 107.370553, 25.412442 ], [ 107.370301, 25.412618 ], [ 107.36992, 25.413012 ], [ 107.36979, 25.413592 ], [ 107.3691, 25.414212 ], [ 107.368527, 25.414502 ], [ 107.368207, 25.414614 ], [ 107.367772, 25.414731 ], [ 107.366883, 25.414733 ], [ 107.366006, 25.414566 ], [ 107.365495, 25.414329 ], [ 107.365186, 25.4141 ], [ 107.365227876000063, 25.413031748000037 ], [ 107.366034513000045, 25.411235255000065 ], [ 107.366998195000065, 25.408406076000063 ], [ 107.367226623000079, 25.405779151000047 ], [ 107.366541338000047, 25.404237260000059 ], [ 107.365570518000084, 25.403095119000056 ], [ 107.363364758000046, 25.403366377000054 ], [ 107.362401076000083, 25.403294993000031 ], [ 107.361294627000063, 25.402224236000052 ], [ 107.359831258000042, 25.400832251000054 ], [ 107.359260188000064, 25.398797812000055 ], [ 107.35776112700006, 25.398369509000077 ], [ 107.355583920000072, 25.397370135000074 ], [ 107.354191936000063, 25.396549221000043 ], [ 107.352799951000065, 25.396156610000048 ], [ 107.349789, 25.398091 ], [ 107.346910785000034, 25.400475332000042 ], [ 107.345233265000047, 25.401260554000032 ], [ 107.343769896000083, 25.403366377000054 ], [ 107.341699765000044, 25.40550789200006 ], [ 107.33981, 25.40644 ], [ 107.338523185000042, 25.407185412000047 ], [ 107.337345352000057, 25.408149094000066 ], [ 107.336096135000048, 25.408577397000045 ], [ 107.335417988000074, 25.40722110400003 ], [ 107.33392, 25.406496 ], [ 107.331646, 25.406069 ], [ 107.330132, 25.405777 ], [ 107.329243287000054, 25.406685725000045 ], [ 107.327351615000055, 25.406650033000062 ], [ 107.325092, 25.406624 ], [ 107.324496262000082, 25.408363245000032 ], [ 107.323282737000056, 25.409576770000058 ], [ 107.321069838000085, 25.410361993000038 ], [ 107.318856940000046, 25.409612462000041 ], [ 107.316644041000075, 25.408256170000072 ], [ 107.315002213000071, 25.406864185000074 ], [ 107.314002839000068, 25.406257422000067 ], [ 107.312218243000075, 25.407042644000057 ], [ 107.310861951000049, 25.407685099000048 ], [ 107.309689, 25.408857 ], [ 107.308789, 25.410339 ], [ 107.307984, 25.410877 ], [ 107.307181519000039, 25.411199955000029 ], [ 107.305944200000056, 25.411637776000077 ], [ 107.305373129000088, 25.412113668000075 ], [ 107.304772, 25.412977 ], [ 107.304859165000039, 25.413712666000038 ], [ 107.304840130000059, 25.414664451000078 ], [ 107.305087594000042, 25.415559128000041 ], [ 107.305031, 25.416457 ], [ 107.305031, 25.416689 ], [ 107.305031, 25.417373 ], [ 107.30497, 25.417945 ], [ 107.306115521000038, 25.418852302000062 ], [ 107.306229735000045, 25.419937336000032 ], [ 107.305106629000079, 25.421193692000031 ], [ 107.30362, 25.421999 ], [ 107.303545703000054, 25.42273558200003 ], [ 107.303450525000073, 25.423458938000067 ], [ 107.302270312000076, 25.424658187000034 ], [ 107.301884, 25.427024 ], [ 107.301185278000048, 25.429169645000059 ], [ 107.300766493000083, 25.430825750000054 ], [ 107.300823600000058, 25.431834641000023 ], [ 107.301369, 25.432817 ], [ 107.301937, 25.433275 ], [ 107.302326, 25.433504 ], [ 107.302761, 25.433901 ], [ 107.303005, 25.434243 ], [ 107.305988, 25.436003 ], [ 107.307809697000039, 25.436575717000039 ], [ 107.308690098000056, 25.435814290000053 ], [ 107.309879828000078, 25.434624559000042 ], [ 107.310855407000076, 25.434505586000057 ], [ 107.311616835000052, 25.435433576000037 ], [ 107.312854154000036, 25.436504333000073 ], [ 107.315019464000045, 25.437622680000061 ], [ 107.317636871000047, 25.43790821500005 ], [ 107.320159100000069, 25.438526875000036 ], [ 107.321789, 25.43954 ], [ 107.322157847000085, 25.441953299000033 ], [ 107.322498903000053, 25.443695065000043 ], [ 107.322443382000074, 25.446022177000032 ], [ 107.323857, 25.446868 ], [ 107.324925953000047, 25.448739522000039 ], [ 107.325592202000053, 25.450881037000045 ], [ 107.326988153000059, 25.452232571000025 ], [ 107.32716264700008, 25.453974336000044 ], [ 107.325497024000072, 25.455925494000041 ], [ 107.325782559000061, 25.458019420000028 ], [ 107.326458, 25.460064 ], [ 107.327866, 25.460949 ], [ 107.328186, 25.46101 ], [ 107.328896, 25.461369 ], [ 107.329266, 25.46171 ], [ 107.329517, 25.461883 ], [ 107.330212, 25.462681 ], [ 107.330227, 25.46274 ], [ 107.33078, 25.463055 ], [ 107.331551, 25.463686 ], [ 107.332066, 25.464202 ], [ 107.332317, 25.465115 ], [ 107.331612, 25.465227 ], [ 107.330342, 25.465622 ], [ 107.328908, 25.465965 ], [ 107.328675, 25.466021 ], [ 107.327584, 25.466529 ], [ 107.326878, 25.467099 ], [ 107.326619, 25.467898 ], [ 107.326497, 25.468984 ], [ 107.326299, 25.470123 ], [ 107.325917, 25.471323 ], [ 107.325856, 25.472299 ], [ 107.325654, 25.4731 ], [ 107.324952, 25.47298 ], [ 107.32425, 25.473095 ], [ 107.324181, 25.473608 ], [ 107.324822, 25.474465 ], [ 107.325211, 25.475096 ], [ 107.325978, 25.47607 ], [ 107.326619, 25.476469 ], [ 107.327653, 25.476874 ], [ 107.32874, 25.477217 ], [ 107.329259, 25.477619 ], [ 107.3299, 25.478252 ], [ 107.329961, 25.478537 ], [ 107.329259, 25.478308 ], [ 107.327264, 25.478471 ], [ 107.326749, 25.478644 ], [ 107.326176, 25.479043 ], [ 107.325463, 25.479155 ], [ 107.324509, 25.478924 ], [ 107.323926, 25.47858 ], [ 107.323476, 25.479094 ], [ 107.323285, 25.480635 ], [ 107.323026, 25.481378 ], [ 107.322514, 25.482403 ], [ 107.322259, 25.483488 ], [ 107.321427, 25.484058 ], [ 107.319768, 25.48441 ], [ 107.31836, 25.484807 ], [ 107.317586, 25.485603 ], [ 107.317135, 25.486345 ], [ 107.317074, 25.487431 ], [ 107.317456, 25.488517 ], [ 107.318291, 25.490173 ], [ 107.319009, 25.491044 ], [ 107.318818, 25.491728 ], [ 107.317857, 25.492697 ], [ 107.317403, 25.493607 ], [ 107.316953, 25.494579 ], [ 107.317082, 25.495494 ], [ 107.318047, 25.496293 ], [ 107.319135, 25.496583 ], [ 107.32055, 25.496753 ], [ 107.321343, 25.496686 ], [ 107.322491, 25.496688 ], [ 107.322369, 25.496757 ], [ 107.322239, 25.4971 ], [ 107.322491, 25.497332 ], [ 107.322735, 25.497446 ], [ 107.32357, 25.49767 ], [ 107.323822, 25.497733 ], [ 107.324074, 25.497845 ], [ 107.324394, 25.497957 ], [ 107.324959, 25.498301 ], [ 107.325039, 25.498641 ], [ 107.325092, 25.498982 ], [ 107.325153, 25.499269 ], [ 107.325092, 25.499559 ], [ 107.325035, 25.500027 ], [ 107.324844, 25.500422 ], [ 107.324638, 25.50065 ], [ 107.324394, 25.500762 ], [ 107.323761, 25.501223 ], [ 107.323261, 25.501513 ], [ 107.32071, 25.501989 ], [ 107.320458, 25.502048 ], [ 107.319699, 25.502282 ], [ 107.31944, 25.50234 ], [ 107.318742, 25.502579 ], [ 107.318253, 25.502239 ], [ 107.317105, 25.502473 ], [ 107.316667, 25.502882 ], [ 107.31635, 25.503402 ], [ 107.316159, 25.50374 ], [ 107.316098, 25.503977 ], [ 107.315778, 25.50449 ], [ 107.315598, 25.504892 ], [ 107.315278, 25.505185 ], [ 107.315087, 25.50552 ], [ 107.314767, 25.506044 ], [ 107.314271, 25.506451 ], [ 107.313825, 25.506571 ], [ 107.313443, 25.506807 ], [ 107.31313, 25.506977 ], [ 107.312825, 25.507092 ], [ 107.312634, 25.507267 ], [ 107.312074, 25.507501 ], [ 107.311303, 25.507743 ], [ 107.310922, 25.507799 ], [ 107.31017, 25.507753 ], [ 107.309537, 25.507761 ], [ 107.309346, 25.507819 ], [ 107.30825, 25.506628 ], [ 107.307026, 25.505994 ], [ 107.306255, 25.505366 ], [ 107.30542, 25.504792 ], [ 107.304333, 25.503818 ], [ 107.303623, 25.503128 ], [ 107.302761, 25.502904 ], [ 107.302784, 25.502843 ], [ 107.302727, 25.502823 ], [ 107.3027, 25.502904 ], [ 107.301254, 25.503467 ], [ 107.300419, 25.504204 ], [ 107.299778, 25.505059 ], [ 107.29958, 25.506485 ], [ 107.298744, 25.506656 ], [ 107.297913, 25.506879 ], [ 107.297337, 25.507965 ], [ 107.297527, 25.509165 ], [ 107.297588, 25.509681 ], [ 107.298103, 25.510882 ], [ 107.298363, 25.51168 ], [ 107.298744, 25.512596 ], [ 107.299065, 25.513402 ], [ 107.298813, 25.51357 ], [ 107.298569, 25.513969 ], [ 107.298302, 25.514318 ], [ 107.298058, 25.514829 ], [ 107.297108, 25.515805 ], [ 107.296925, 25.516034 ], [ 107.296658, 25.51609 ], [ 107.296413, 25.516318 ], [ 107.295971, 25.516669 ], [ 107.295651, 25.516854 ], [ 107.295395, 25.516966 ], [ 107.295074, 25.517136 ], [ 107.294388, 25.517774 ], [ 107.294067, 25.51823 ], [ 107.294136, 25.518797 ], [ 107.294266, 25.519265 ], [ 107.294258, 25.519885 ], [ 107.294136, 25.520119 ], [ 107.294197, 25.520399 ], [ 107.294197, 25.520689 ], [ 107.294136, 25.520979 ], [ 107.293945, 25.521548 ], [ 107.293717, 25.521833 ], [ 107.293393, 25.522182 ], [ 107.293202, 25.522467 ], [ 107.292889, 25.52283 ], [ 107.292393, 25.52312 ], [ 107.291997, 25.523405 ], [ 107.291692, 25.52341 ], [ 107.291055, 25.5234 ], [ 107.290482, 25.523413 ], [ 107.29017, 25.523354 ], [ 107.289788, 25.523296 ], [ 107.289403, 25.523173 ], [ 107.289151, 25.523123 ], [ 107.288785, 25.522896 ], [ 107.288449, 25.522721 ], [ 107.288205, 25.522662 ], [ 107.287946, 25.522667 ], [ 107.287576, 25.522573 ], [ 107.287141, 25.522413 ], [ 107.286744, 25.522645 ], [ 107.286378, 25.523041 ], [ 107.286057, 25.52373 ], [ 107.285687, 25.524249 ], [ 107.28542, 25.524478 ], [ 107.285176, 25.524816 ], [ 107.284985, 25.525109 ], [ 107.284734, 25.525338 ], [ 107.284291, 25.525846 ], [ 107.283788, 25.526307 ], [ 107.283517, 25.526536 ], [ 107.283364, 25.526724 ], [ 107.28267, 25.527235 ], [ 107.282037, 25.527749 ], [ 107.281647, 25.528091 ], [ 107.281334, 25.528267 ], [ 107.281231, 25.52849 ], [ 107.281201, 25.528559 ], [ 107.280949, 25.528958 ], [ 107.280438, 25.529927 ], [ 107.280072, 25.530843 ], [ 107.279881, 25.531069 ], [ 107.27969, 25.531524 ], [ 107.279561, 25.531868 ], [ 107.279118, 25.532496 ], [ 107.278298, 25.53272 ], [ 107.277726, 25.53289 ], [ 107.277291, 25.532895 ], [ 107.276719, 25.532946 ], [ 107.275776, 25.533226 ], [ 107.274945, 25.533803 ], [ 107.273309, 25.534779 ], [ 107.272866, 25.535064 ], [ 107.272614, 25.535453 ], [ 107.271092, 25.536607 ], [ 107.270718, 25.536823 ], [ 107.270153, 25.537083 ], [ 107.269711, 25.53725 ], [ 107.267998, 25.537418 ], [ 107.267494, 25.537879 ], [ 107.266861, 25.537833 ], [ 107.266419, 25.538062 ], [ 107.266167, 25.538344 ], [ 107.265915, 25.538573 ], [ 107.265671, 25.538746 ], [ 107.265274, 25.539089 ], [ 107.265091, 25.539313 ], [ 107.264523, 25.53972 ], [ 107.263447, 25.540058 ], [ 107.263195, 25.540119 ], [ 107.262814, 25.54018 ], [ 107.262257, 25.540404 ], [ 107.262051, 25.540573 ], [ 107.260788, 25.541209 ], [ 107.260536, 25.541377 ], [ 107.260277, 25.541601 ], [ 107.259209, 25.542351 ], [ 107.258957, 25.542465 ], [ 107.258637, 25.542588 ], [ 107.258393, 25.542753 ], [ 107.258011, 25.542933 ], [ 107.257691, 25.543101 ], [ 107.257317, 25.543335 ], [ 107.256813, 25.543792 ], [ 107.255917, 25.544202 ], [ 107.254208, 25.544204 ], [ 107.253636, 25.544095 ], [ 107.253262, 25.543973 ], [ 107.25288, 25.543983 ], [ 107.252499, 25.54393 ], [ 107.251545, 25.543808 ], [ 107.25066, 25.543871 ], [ 107.250344, 25.543815 ], [ 107.249996, 25.543838 ], [ 107.249382, 25.543876 ], [ 107.248757, 25.543993 ], [ 107.248062, 25.544339 ], [ 107.24762, 25.544456 ], [ 107.246796, 25.544624 ], [ 107.246292, 25.544741 ], [ 107.246041, 25.544744 ], [ 107.245881, 25.544747 ], [ 107.245461, 25.544787 ], [ 107.245019, 25.544849 ], [ 107.244439, 25.544795 ], [ 107.244134, 25.544843 ], [ 107.243119, 25.544854 ], [ 107.242875, 25.545019 ], [ 107.242112, 25.545258 ], [ 107.241799, 25.545479 ], [ 107.24154, 25.545708 ], [ 107.241105, 25.546112 ], [ 107.240975, 25.546405 ], [ 107.240853, 25.546752 ], [ 107.240281, 25.547836 ], [ 107.240159, 25.54824 ], [ 107.239709, 25.549041 ], [ 107.239655, 25.549323 ], [ 107.239335, 25.549959 ], [ 107.239205, 25.550475 ], [ 107.238892, 25.550763 ], [ 107.238511, 25.551215 ], [ 107.238259, 25.551447 ], [ 107.237893, 25.552075 ], [ 107.237702, 25.552367 ], [ 107.237573, 25.552652 ], [ 107.237183, 25.55306 ], [ 107.236435, 25.553576 ], [ 107.236168, 25.553808 ], [ 107.235795, 25.553922 ], [ 107.235421, 25.5541 ], [ 107.234795, 25.554446 ], [ 107.234536, 25.554558 ], [ 107.234154, 25.554555 ], [ 107.232263, 25.554081 ], [ 107.231637, 25.553969 ], [ 107.231263, 25.553802 ], [ 107.231004, 25.55374 ], [ 107.230752, 25.553796 ], [ 107.230561, 25.553972 ], [ 107.230561, 25.554435 ], [ 107.230309, 25.554943 ], [ 107.230119, 25.555289 ], [ 107.229867, 25.555861 ], [ 107.229737, 25.556205 ], [ 107.229623, 25.556612 ], [ 107.229363, 25.556894 ], [ 107.229234, 25.557123 ], [ 107.228921, 25.557237 ], [ 107.228478, 25.557469 ], [ 107.227723, 25.557644 ], [ 107.22696, 25.557926 ], [ 107.226708, 25.558036 ], [ 107.226273, 25.558331 ], [ 107.226083, 25.55856 ], [ 107.225694, 25.559204 ], [ 107.225442, 25.559484 ], [ 107.225255, 25.559774 ], [ 107.225064, 25.560117 ], [ 107.224881, 25.560351 ], [ 107.224637, 25.560753 ], [ 107.224507, 25.561091 ], [ 107.224378, 25.561498 ], [ 107.224111, 25.561663 ], [ 107.223996, 25.5619 ], [ 107.223805, 25.562065 ], [ 107.223554, 25.56224 ], [ 107.223302, 25.562525 ], [ 107.223424, 25.56293 ], [ 107.223683, 25.563217 ], [ 107.22424, 25.563438 ], [ 107.224507, 25.563784 ], [ 107.22469, 25.564412 ], [ 107.22482, 25.564644 ], [ 107.225201, 25.565901 ], [ 107.22527, 25.566241 ], [ 107.225209, 25.566702 ], [ 107.225079, 25.567103 ], [ 107.224827, 25.567503 ], [ 107.224697, 25.567793 ], [ 107.224385, 25.568365 ], [ 107.224194, 25.568823 ], [ 107.224385, 25.569395 ], [ 107.224644, 25.569677 ], [ 107.224964, 25.570081 ], [ 107.224964, 25.570369 ], [ 107.225079, 25.570654 ], [ 107.225079, 25.571284 ], [ 107.225331, 25.572089 ], [ 107.225583, 25.572374 ], [ 107.225644, 25.573002 ], [ 107.225774, 25.57329 ], [ 107.225896, 25.573748 ], [ 107.226148, 25.574093 ], [ 107.226277, 25.57432 ], [ 107.22646, 25.574612 ], [ 107.22659, 25.574836 ], [ 107.226972, 25.575579 ], [ 107.226972, 25.575869 ], [ 107.227101, 25.576614 ], [ 107.227223, 25.577018 ], [ 107.227353, 25.577585 ], [ 107.227605, 25.578961 ], [ 107.227673, 25.579538 ], [ 107.227734, 25.579877 ], [ 107.227673, 25.580278 ], [ 107.227605, 25.580512 ], [ 107.227605, 25.581135 ], [ 107.227673, 25.58142 ], [ 107.227673, 25.582565 ], [ 107.227612, 25.582855 ], [ 107.227612, 25.583251 ], [ 107.227601, 25.583312 ], [ 107.227544, 25.583661 ], [ 107.227544, 25.583938 ], [ 107.227292, 25.584532 ], [ 107.22704, 25.585277 ], [ 107.226987, 25.585557 ], [ 107.226857, 25.586076 ], [ 107.226766, 25.586274 ], [ 107.226727, 25.586363 ], [ 107.226346, 25.587047 ], [ 107.226155, 25.587284 ], [ 107.226033, 25.587513 ], [ 107.225781, 25.588085 ], [ 107.225903, 25.58837 ], [ 107.226155, 25.588601 ], [ 107.226033, 25.588828 ], [ 107.226224, 25.588998 ], [ 107.226346, 25.589229 ], [ 107.22704, 25.589741 ], [ 107.227422, 25.589967 ], [ 107.227803, 25.590315 ], [ 107.228627, 25.590654 ], [ 107.228948, 25.590827 ], [ 107.229382, 25.591 ], [ 107.229703, 25.591336 ], [ 107.230145, 25.591458 ], [ 107.230718, 25.591732 ], [ 107.231152, 25.59191 ], [ 107.231534, 25.591966 ], [ 107.231912, 25.592193 ], [ 107.232087, 25.592422 ], [ 107.232423, 25.592589 ], [ 107.23317, 25.592994 ], [ 107.233613, 25.593172 ], [ 107.234055, 25.593396 ], [ 107.234376, 25.593574 ], [ 107.23462, 25.593736 ], [ 107.23494, 25.594141 ], [ 107.235062, 25.594375 ], [ 107.235695, 25.594713 ], [ 107.235878, 25.594942 ], [ 107.236146, 25.595166 ], [ 107.23639, 25.595631 ], [ 107.236207, 25.596717 ], [ 107.236077, 25.596946 ], [ 107.235963, 25.597233 ], [ 107.235703, 25.597638 ], [ 107.235581, 25.597917 ], [ 107.234952, 25.598497 ], [ 107.234647, 25.598558 ], [ 107.23425, 25.598843 ], [ 107.233624, 25.599186 ], [ 107.23338, 25.599238 ], [ 107.232937, 25.599462 ], [ 107.232624, 25.599586 ], [ 107.232243, 25.599698 ], [ 107.231991, 25.59981 ], [ 107.231671, 25.599871 ], [ 107.230725, 25.600497 ], [ 107.229901, 25.600896 ], [ 107.228817, 25.601252 ], [ 107.22794, 25.60113 ], [ 107.227497, 25.60114 ], [ 107.225979, 25.600967 ], [ 107.225415, 25.600965 ], [ 107.224652, 25.601191 ], [ 107.223583, 25.601547 ], [ 107.221878, 25.601888 ], [ 107.221436, 25.602058 ], [ 107.220345, 25.60239 ], [ 107.219697, 25.603021 ], [ 107.219384, 25.603367 ], [ 107.219132, 25.603542 ], [ 107.218873, 25.603827 ], [ 107.218568, 25.603885 ], [ 107.218369, 25.604058 ], [ 107.217683, 25.60463 ], [ 107.217191, 25.606362 ], [ 107.21687, 25.607219 ], [ 107.21642, 25.608476 ], [ 107.216417738000075, 25.608480532000044 ], [ 107.215848, 25.609622 ], [ 107.213216, 25.611049 ], [ 107.212327, 25.611278 ], [ 107.211236, 25.611677 ], [ 107.210862, 25.611852 ], [ 107.209893, 25.612308 ], [ 107.208478, 25.612638 ], [ 107.208195, 25.612767 ], [ 107.20744, 25.612993 ], [ 107.207437937000066, 25.612993999000025 ], [ 107.207188, 25.613115 ], [ 107.206181, 25.613341 ], [ 107.205231, 25.613466 ], [ 107.204964, 25.613517 ], [ 107.204216, 25.613583 ], [ 107.2034, 25.613525 ], [ 107.203148, 25.613634 ], [ 107.202252, 25.613644 ], [ 107.201886, 25.613466 ], [ 107.201252, 25.613074 ], [ 107.201065, 25.612782 ], [ 107.200619, 25.612273 ], [ 107.200428, 25.611755 ], [ 107.199921, 25.610842 ], [ 107.19973, 25.610384 ], [ 107.199471, 25.609695 ], [ 107.199414, 25.609463 ], [ 107.199162, 25.60884 ], [ 107.198979, 25.60855 ], [ 107.198529, 25.607917 ], [ 107.198338, 25.607698 ], [ 107.198151, 25.60735 ], [ 107.197895, 25.607179 ], [ 107.197453, 25.606719 ], [ 107.197083, 25.606493 ], [ 107.196812, 25.606264 ], [ 107.196507, 25.606096 ], [ 107.195805, 25.60557 ], [ 107.195236, 25.60511 ], [ 107.194862, 25.604766 ], [ 107.193848, 25.603909 ], [ 107.193409, 25.603627 ], [ 107.193085, 25.603401 ], [ 107.192833, 25.603172 ], [ 107.192387, 25.602817 ], [ 107.192063, 25.602652 ], [ 107.191125, 25.602018 ], [ 107.190873, 25.601789 ], [ 107.19056, 25.601624 ], [ 107.190301, 25.60151 ], [ 107.189595, 25.601105 ], [ 107.189042, 25.600884 ], [ 107.188782, 25.600767 ], [ 107.188225, 25.600653 ], [ 107.187829, 25.600594 ], [ 107.187455, 25.600592 ], [ 107.18715, 25.60048 ], [ 107.186837, 25.600487 ], [ 107.185376, 25.600485 ], [ 107.185124, 25.600546 ], [ 107.184743, 25.600604 ], [ 107.183922, 25.600612 ], [ 107.183417586000076, 25.600501444000031 ], [ 107.183411, 25.6005 ], [ 107.183053, 25.59959 ], [ 107.182893, 25.598449 ], [ 107.182733, 25.597017 ], [ 107.182572, 25.595857 ], [ 107.182412, 25.59457 ], [ 107.182252, 25.592851 ], [ 107.182092, 25.591851 ], [ 107.181931, 25.590135 ], [ 107.181763, 25.588695 ], [ 107.181587, 25.587843 ], [ 107.181233, 25.586195 ], [ 107.180908, 25.58468 ], [ 107.180417, 25.58353 ], [ 107.180299, 25.583314 ], [ 107.179624, 25.582098 ], [ 107.178525, 25.580806 ], [ 107.176469, 25.579364 ], [ 107.174573, 25.578487 ], [ 107.173619, 25.578197 ], [ 107.172204, 25.577902 ], [ 107.170876359000033, 25.57781908100003 ], [ 107.169354, 25.577724 ], [ 107.169260330000043, 25.577738159000035 ], [ 107.168408, 25.577867 ], [ 107.164777, 25.57802 ], [ 107.162724, 25.577597 ], [ 107.161179, 25.576885 ], [ 107.157849, 25.57473 ], [ 107.156594, 25.574166 ], [ 107.155175, 25.573894 ], [ 107.152119, 25.57381 ], [ 107.15141, 25.573792 ], [ 107.149674, 25.57352 ], [ 107.148735, 25.572955 ], [ 107.147145, 25.571821 ], [ 107.144345, 25.569317 ], [ 107.140435, 25.566267 ], [ 107.139344, 25.565942 ], [ 107.137925, 25.565843 ], [ 107.137391, 25.5658 ], [ 107.136403, 25.566105 ], [ 107.13472, 25.566621 ], [ 107.13324, 25.56684 ], [ 107.130169, 25.567583 ], [ 107.128956, 25.567929 ], [ 107.127037, 25.568786 ], [ 107.126869, 25.56873 ], [ 107.126183, 25.568565 ], [ 107.125412, 25.568448 ], [ 107.125008, 25.568371 ], [ 107.124527, 25.56828 ], [ 107.124077, 25.568107 ], [ 107.123077, 25.567878 ], [ 107.121941, 25.567588 ], [ 107.121368, 25.567532 ], [ 107.120774, 25.56748 ], [ 107.119786, 25.567411 ], [ 107.119099, 25.567465 ], [ 107.118573, 25.567582 ], [ 107.118077, 25.567635 ], [ 107.117635, 25.56764 ], [ 107.116879, 25.567632 ], [ 107.115552, 25.567635 ], [ 107.115041, 25.567747 ], [ 107.11472, 25.567808 ], [ 107.114087, 25.567861 ], [ 107.113782, 25.56792 ], [ 107.113255, 25.567981 ], [ 107.11282, 25.568098 ], [ 107.112447, 25.56821 ], [ 107.112202, 25.568268 ], [ 107.111623, 25.568375 ], [ 107.11118, 25.568436 ], [ 107.109982, 25.568894 ], [ 107.109471, 25.569008 ], [ 107.108968, 25.569006 ], [ 107.108586, 25.568886 ], [ 107.10809, 25.568778 ], [ 107.107647, 25.568725 ], [ 107.106129, 25.568438 ], [ 107.105565, 25.568432 ], [ 107.10513, 25.568656 ], [ 107.104104, 25.569056 ], [ 107.103722, 25.569234 ], [ 107.10328, 25.569284 ], [ 107.102906, 25.569462 ], [ 107.102387, 25.569513 ], [ 107.101883, 25.569681 ], [ 107.101387, 25.569913 ], [ 107.100861, 25.570027 ], [ 107.100052, 25.570256 ], [ 107.099282, 25.570536 ], [ 107.098847, 25.570543 ], [ 107.098092, 25.570599 ], [ 107.097832, 25.570711 ], [ 107.097138, 25.570836 ], [ 107.096814, 25.570945 ], [ 107.096501, 25.57094 ], [ 107.096257, 25.571001 ], [ 107.095692, 25.571 ], [ 107.09531, 25.571175 ], [ 107.094555, 25.571289 ], [ 107.093861, 25.571457 ], [ 107.093479, 25.571518 ], [ 107.093159, 25.571577 ], [ 107.092907, 25.571635 ], [ 107.092404, 25.571686 ], [ 107.092011, 25.571684 ], [ 107.091255, 25.571801 ], [ 107.09018, 25.571742 ], [ 107.089485, 25.571628 ], [ 107.08865, 25.571394 ], [ 107.088024, 25.571277 ], [ 107.087712, 25.571165 ], [ 107.086956, 25.570994 ], [ 107.086575, 25.570936 ], [ 107.086323, 25.570824 ], [ 107.085423, 25.570539 ], [ 107.085106, 25.570364 ], [ 107.084801, 25.570249 ], [ 107.084416, 25.570071 ], [ 107.083912, 25.569898 ], [ 107.083656, 25.56984 ], [ 107.083165, 25.569613 ], [ 107.082852, 25.569501 ], [ 107.082284, 25.568985 ], [ 107.081578, 25.56858 ], [ 107.081078, 25.568524 ], [ 107.080514, 25.568524 ], [ 107.079556, 25.568804 ], [ 107.079175, 25.568865 ], [ 107.077912, 25.569265 ], [ 107.07734, 25.569323 ], [ 107.076783, 25.569443 ], [ 107.076463, 25.569491 ], [ 107.076081, 25.569499 ], [ 107.075768, 25.569437 ], [ 107.075322, 25.569211 ], [ 107.074941, 25.569033 ], [ 107.074491, 25.568687 ], [ 107.074185, 25.568575 ], [ 107.073873, 25.568344 ], [ 107.073426, 25.567998 ], [ 107.072793, 25.567431 ], [ 107.072541, 25.567144 ], [ 107.07216, 25.566744 ], [ 107.071847, 25.566279 ], [ 107.070889, 25.565414 ], [ 107.070797, 25.565211 ], [ 107.070416, 25.564812 ], [ 107.070225, 25.564581 ], [ 107.069973, 25.56423 ], [ 107.069466, 25.563658 ], [ 107.069275, 25.563429 ], [ 107.068711, 25.562803 ], [ 107.06852, 25.562518 ], [ 107.0682, 25.562513 ], [ 107.067944, 25.562068 ], [ 107.067875, 25.561598 ], [ 107.067761, 25.561193 ], [ 107.06757, 25.560853 ], [ 107.067379, 25.560565 ], [ 107.067189, 25.560334 ], [ 107.066998, 25.560049 ], [ 107.066685, 25.5597 ], [ 107.066502, 25.559413 ], [ 107.065537, 25.55844 ], [ 107.065346, 25.558209 ], [ 107.064964, 25.557687 ], [ 107.064716, 25.557403 ], [ 107.064205, 25.55694 ], [ 107.063259, 25.556261 ], [ 107.062675, 25.555912 ], [ 107.0625, 25.555683 ], [ 107.062119, 25.555455 ], [ 107.061798, 25.555071 ], [ 107.061352, 25.554547 ], [ 107.061481, 25.552929 ], [ 107.061169, 25.551212 ], [ 107.060856, 25.549918 ], [ 107.060059, 25.547339 ], [ 107.059418, 25.544898 ], [ 107.059739, 25.543746 ], [ 107.060212, 25.542606 ], [ 107.061619, 25.538442 ], [ 107.061619, 25.53773 ], [ 107.060673, 25.53629 ], [ 107.060349, 25.535283 ], [ 107.060349, 25.534713 ], [ 107.060841, 25.533992 ], [ 107.062569, 25.533562 ], [ 107.065598, 25.533428 ], [ 107.066704, 25.53329 ], [ 107.067494, 25.532718 ], [ 107.067654, 25.531716 ], [ 107.067334, 25.530709 ], [ 107.06844, 25.528855 ], [ 107.068753, 25.527996 ], [ 107.068913, 25.526845 ], [ 107.068753, 25.524546 ], [ 107.06844, 25.522826 ], [ 107.068119, 25.521532 ], [ 107.067154, 25.518808 ], [ 107.066536, 25.517521 ], [ 107.065586, 25.516077 ], [ 107.063347, 25.513927 ], [ 107.060654, 25.512058 ], [ 107.057839, 25.510933 ], [ 107.055783, 25.51021 ], [ 107.052307, 25.508329 ], [ 107.050244, 25.507317 ], [ 107.048817, 25.506739 ], [ 107.047711, 25.506454 ], [ 107.046284, 25.506164 ], [ 107.045216, 25.506053 ], [ 107.042679, 25.505903 ], [ 107.038723, 25.50574 ], [ 107.036183, 25.505875 ], [ 107.03508, 25.505725 ], [ 107.033074, 25.505896 ], [ 107.030369, 25.505459 ], [ 107.027508, 25.504869 ], [ 107.025776, 25.504582 ], [ 107.024819, 25.504287 ], [ 107.023396, 25.503707 ], [ 107.021565, 25.502868 ], [ 107.020276, 25.5023 ], [ 107.016305, 25.501283 ], [ 107.014405, 25.500703 ], [ 107.013295, 25.500408 ], [ 107.012326, 25.500014 ], [ 107.011872, 25.499831 ], [ 107.010285, 25.498964 ], [ 107.008855, 25.497382 ], [ 107.008538, 25.496377 ], [ 107.008538, 25.49552 ], [ 107.009015, 25.492936 ], [ 107.009488, 25.491224 ], [ 107.009175, 25.490222 ], [ 107.008538, 25.489073 ], [ 107.003521, 25.484213 ], [ 107.002247, 25.482494 ], [ 107.001774, 25.480632 ], [ 107.001614, 25.479768 ], [ 107.001298, 25.477465 ], [ 107.000992, 25.476056 ], [ 107.00034, 25.473452 ], [ 107.00018, 25.472588 ], [ 107.000028342000064, 25.472146904000056 ], [ 107.000027, 25.472143 ], [ 106.999383, 25.470282 ], [ 106.99907, 25.468995 ], [ 106.99891, 25.468131 ], [ 106.998585, 25.465837 ], [ 106.998318, 25.46497 ], [ 106.996853, 25.461956 ], [ 106.996125, 25.460821 ], [ 106.995942, 25.460549 ], [ 106.995477, 25.458822 ], [ 106.995312, 25.457388 ], [ 106.995152, 25.456533 ], [ 106.994992, 25.455236 ], [ 106.994355, 25.453655 ], [ 106.994519, 25.451359 ], [ 106.994355, 25.450359 ], [ 106.994042, 25.448777 ], [ 106.993562, 25.447493 ], [ 106.992608, 25.446343 ], [ 106.991505, 25.446048 ], [ 106.990708, 25.446048 ], [ 106.987698, 25.447755 ], [ 106.986115, 25.447887 ], [ 106.985158, 25.448025 ], [ 106.981747, 25.44963 ], [ 106.979527, 25.450199 ], [ 106.978104, 25.451051 ], [ 106.977146, 25.451196 ], [ 106.976196, 25.450901 ], [ 106.97588, 25.450904 ], [ 106.973026, 25.447587 ], [ 106.972076, 25.447013 ], [ 106.971166, 25.446904 ], [ 106.969106, 25.446742 ], [ 106.967046, 25.446302 ], [ 106.965459, 25.445577 ], [ 106.961984, 25.442703 ], [ 106.960229, 25.441406 ], [ 106.959603, 25.440539 ], [ 106.959126, 25.438965 ], [ 106.958966, 25.4381 ], [ 106.959603, 25.436811 ], [ 106.960835, 25.434481 ], [ 106.962613890000057, 25.431090022000035 ], [ 106.962616, 25.431086 ], [ 106.963253, 25.42952 ], [ 106.963891, 25.427504 ], [ 106.964356, 25.425642 ], [ 106.964517, 25.424493 ], [ 106.964363, 25.420335 ], [ 106.964306, 25.419707 ], [ 106.964218, 25.418758 ], [ 106.963806, 25.416693 ], [ 106.963734, 25.416319 ], [ 106.963407, 25.414751 ], [ 106.963254, 25.413174 ], [ 106.963414, 25.412317 ], [ 106.964837, 25.410738 ], [ 106.9661, 25.410176 ], [ 106.96816, 25.409746 ], [ 106.96927, 25.409464 ], [ 106.970704, 25.408604 ], [ 106.971451, 25.407715 ], [ 106.972088, 25.406423 ], [ 106.972408, 25.405429 ], [ 106.972717, 25.404135 ], [ 106.97287, 25.401274 ], [ 106.972706, 25.39812 ], [ 106.973198, 25.396535 ], [ 106.973351, 25.39568 ], [ 106.973671, 25.394386 ], [ 106.974461, 25.39166 ], [ 106.975098, 25.389807 ], [ 106.975411, 25.388513 ], [ 106.975563, 25.387368 ], [ 106.975723, 25.38465 ], [ 106.975411, 25.382918 ], [ 106.974934, 25.381634 ], [ 106.974698, 25.37992 ], [ 106.974614, 25.379338 ], [ 106.974614, 25.378613 ], [ 106.974940119000053, 25.377041245000044 ], [ 106.974941, 25.377037 ], [ 106.976681, 25.374754 ], [ 106.978428, 25.37204 ], [ 106.978909, 25.370881 ], [ 106.980172, 25.368165 ], [ 106.980977, 25.367031 ], [ 106.980977, 25.365742 ], [ 106.981114, 25.364876 ], [ 106.981598, 25.363734 ], [ 106.98254, 25.36231 ], [ 106.983498, 25.361593 ], [ 106.985333, 25.360554 ], [ 106.986599, 25.360272 ], [ 106.987869, 25.360132 ], [ 106.992931, 25.35987 ], [ 106.994366, 25.360018 ], [ 106.996132, 25.359847 ], [ 106.997178, 25.359711 ], [ 106.99812, 25.359576 ], [ 106.999543, 25.359291 ], [ 107.000028, 25.359192 ], [ 107.001607, 25.358869 ], [ 107.002709, 25.358589 ], [ 107.00414, 25.358022 ], [ 107.005879, 25.356743 ], [ 107.007306, 25.354454 ], [ 107.007939, 25.353599 ], [ 107.007939, 25.352731 ], [ 107.008099, 25.351874 ], [ 107.008424, 25.349013 ], [ 107.008569, 25.347863 ], [ 107.00842, 25.345561 ], [ 107.007939, 25.344269 ], [ 107.006829, 25.341403 ], [ 107.006352, 25.340251 ], [ 107.005242, 25.337234 ], [ 107.005242, 25.336255 ], [ 107.005242, 25.334221 ], [ 107.005349, 25.333377 ], [ 107.005402, 25.33294 ], [ 107.005563, 25.331938 ], [ 107.005715, 25.330213 ], [ 107.005879, 25.328784 ], [ 107.00604, 25.327777 ], [ 107.006192, 25.324763 ], [ 107.00604, 25.323617 ], [ 107.005563, 25.323039 ], [ 107.004918, 25.321745 ], [ 107.004307, 25.320446 ], [ 107.003205, 25.317573 ], [ 107.002881, 25.316576 ], [ 107.002713, 25.314132 ], [ 107.002866, 25.312123 ], [ 107.003171, 25.309829 ], [ 107.00335, 25.308691 ], [ 107.003525, 25.308267 ], [ 107.004307, 25.306118 ], [ 107.004628, 25.304823 ], [ 107.005093, 25.303394 ], [ 107.006036, 25.30211 ], [ 107.007138, 25.30096 ], [ 107.008096, 25.299821 ], [ 107.00842, 25.299249 ], [ 107.008679, 25.298198 ], [ 107.008565, 25.297382 ], [ 107.006673, 25.295086 ], [ 107.005876, 25.293646 ], [ 107.006036, 25.292067 ], [ 107.007153, 25.289638 ], [ 107.008431, 25.287494 ], [ 107.008992, 25.286302 ], [ 107.009461, 25.28515 ], [ 107.009782, 25.284011 ], [ 107.009942, 25.283146 ], [ 107.009942, 25.281142 ], [ 107.009152, 25.278128 ], [ 107.008842930000071, 25.277135617000056 ], [ 107.008839, 25.277123 ], [ 107.008416, 25.27688 ], [ 107.008096, 25.276298 ], [ 107.006669, 25.274716 ], [ 107.004289, 25.273557 ], [ 107.000329, 25.272262 ], [ 107.00002, 25.27216 ], [ 106.996236, 25.270952 ], [ 106.996132, 25.270923 ], [ 106.995625, 25.270691 ], [ 106.992951, 25.269674 ], [ 106.991993, 25.269099 ], [ 106.991516, 25.268949 ], [ 106.989609, 25.268085 ], [ 106.985825, 25.264915 ], [ 106.985207, 25.264622 ], [ 106.984097, 25.262758 ], [ 106.983368, 25.261932 ], [ 106.983368, 25.2615 ], [ 106.983208, 25.260645 ], [ 106.983044, 25.259488 ], [ 106.983208, 25.257917 ], [ 106.984586, 25.255738 ], [ 106.98745, 25.252948 ], [ 106.988698, 25.251732 ], [ 106.990292, 25.250026 ], [ 106.992024, 25.248169 ], [ 106.992818, 25.247025 ], [ 106.993134, 25.246455 ], [ 106.993134, 25.245443 ], [ 106.992345, 25.244006 ], [ 106.989495, 25.242279 ], [ 106.988393, 25.242129 ], [ 106.986478, 25.241974 ], [ 106.985227, 25.241826 ], [ 106.982891, 25.241277 ], [ 106.981789, 25.24099 ], [ 106.978626, 25.240114 ], [ 106.976727, 25.239247 ], [ 106.97435, 25.23809 ], [ 106.972291608000035, 25.236499243000026 ], [ 106.97229, 25.236498 ], [ 106.971886, 25.235877 ], [ 106.971218, 25.235299 ], [ 106.970875, 25.235493 ], [ 106.970448, 25.2358 ], [ 106.970101, 25.236207 ], [ 106.969227, 25.237125 ], [ 106.968209, 25.2383 ], [ 106.967858, 25.238761 ], [ 106.967308, 25.239167 ], [ 106.966809, 25.239554 ], [ 106.966404, 25.240012 ], [ 106.965851, 25.240447 ], [ 106.965309, 25.240789 ], [ 106.964955, 25.240969 ], [ 106.964596, 25.241175 ], [ 106.964291, 25.241305 ], [ 106.9641, 25.241534 ], [ 106.963684, 25.241742 ], [ 106.963372, 25.242047 ], [ 106.963051, 25.242251 ], [ 106.962658, 25.242358 ], [ 106.962284, 25.242637 ], [ 106.961857, 25.242897 ], [ 106.961418, 25.243131 ], [ 106.961006, 25.243385 ], [ 106.960678, 25.243566 ], [ 106.960217, 25.243772 ], [ 106.959713, 25.244082 ], [ 106.958512, 25.244631 ], [ 106.957905, 25.244938 ], [ 106.957478, 25.245071 ], [ 106.957135, 25.245378 ], [ 106.956765, 25.245607 ], [ 106.956185, 25.245918 ], [ 106.955746, 25.246375 ], [ 106.955433, 25.246553 ], [ 106.954953, 25.24679 ], [ 106.954617, 25.247127 ], [ 106.954354, 25.2473 ], [ 106.95385, 25.247417 ], [ 106.953347, 25.247699 ], [ 106.95316, 25.247864 ], [ 106.952763, 25.248096 ], [ 106.952458, 25.248208 ], [ 106.951699, 25.248602 ], [ 106.951439, 25.248777 ], [ 106.950238, 25.24935 ], [ 106.949795, 25.249634 ], [ 106.949479, 25.249683 ], [ 106.949036, 25.249914 ], [ 106.948666, 25.250024 ], [ 106.947835, 25.250252 ], [ 106.94727, 25.25042 ], [ 106.94632, 25.250649 ], [ 106.94571, 25.250896 ], [ 106.945393, 25.250891 ], [ 106.944699, 25.251005 ], [ 106.944127, 25.251112 ], [ 106.943749, 25.251226 ], [ 106.943246, 25.251285 ], [ 106.942803, 25.25128 ], [ 106.942479, 25.251221 ], [ 106.941922, 25.25128 ], [ 106.941155, 25.251455 ], [ 106.940713, 25.251506 ], [ 106.940468, 25.251506 ], [ 106.940201, 25.251564 ], [ 106.939633, 25.251618 ], [ 106.939259, 25.25173 ], [ 106.938618, 25.251844 ], [ 106.938374, 25.2519 ], [ 106.938119, 25.251895 ], [ 106.937867, 25.251954 ], [ 106.937371, 25.252129 ], [ 106.936921, 25.252126 ], [ 106.936223, 25.252297 ], [ 106.93591, 25.252355 ], [ 106.935521, 25.252348 ], [ 106.935216, 25.252406 ], [ 106.93464, 25.25246 ], [ 106.934273, 25.252518 ], [ 106.934006, 25.252574 ], [ 106.933594, 25.252639 ], [ 106.932256, 25.252969 ], [ 106.930611, 25.252977 ], [ 106.930177, 25.252969 ], [ 106.929234, 25.252794 ], [ 106.928792, 25.252799 ], [ 106.927514, 25.252677 ], [ 106.927079, 25.252728 ], [ 106.926194, 25.252733 ], [ 106.925816, 25.252669 ], [ 106.925442, 25.252557 ], [ 106.924931, 25.252555 ], [ 106.924496, 25.252499 ], [ 106.924115, 25.252387 ], [ 106.923363, 25.252321 ], [ 106.922967, 25.252209 ], [ 106.922719, 25.252087 ], [ 106.922646, 25.25244 ], [ 106.921792, 25.252389 ], [ 106.920544, 25.252158 ], [ 106.920163, 25.252044 ], [ 106.919846, 25.252041 ], [ 106.919541, 25.251929 ], [ 106.919274, 25.251932 ], [ 106.918648, 25.251815 ], [ 106.918396, 25.251818 ], [ 106.917954, 25.251751 ], [ 106.917008, 25.251581 ], [ 106.916501376000042, 25.251404524000066 ], [ 106.916497, 25.251403 ], [ 106.915238, 25.250889 ], [ 106.914807, 25.25066 ], [ 106.914483, 25.250538 ], [ 106.914097, 25.25037 ], [ 106.913594, 25.250009 ], [ 106.913292, 25.249791 ], [ 106.912838, 25.249501 ], [ 106.911969, 25.249099 ], [ 106.911461, 25.248697 ], [ 106.910759, 25.248183 ], [ 106.910069, 25.24755 ], [ 106.909691, 25.24709 ], [ 106.90944, 25.246866 ], [ 106.908936, 25.246457 ], [ 106.908238, 25.24582 ], [ 106.907921, 25.245482 ], [ 106.90773, 25.245304 ], [ 106.907547, 25.245019 ], [ 106.907284, 25.244679 ], [ 106.906788, 25.244099 ], [ 106.906353, 25.243527 ], [ 106.90559, 25.242672 ], [ 106.905033, 25.242153 ], [ 106.904713, 25.241634 ], [ 106.90408, 25.240542 ], [ 106.903893, 25.240308 ], [ 106.90371, 25.240143 ], [ 106.903504, 25.239973 ], [ 106.903259, 25.239744 ], [ 106.902443, 25.238767 ], [ 106.90226, 25.238419 ], [ 106.901878, 25.238017 ], [ 106.901566, 25.237562 ], [ 106.901253, 25.237157 ], [ 106.900879, 25.236524 ], [ 106.900498, 25.235832 ], [ 106.899998, 25.2348 ], [ 106.899883, 25.234459 ], [ 106.899563, 25.23389 ], [ 106.899372, 25.233658 ], [ 106.89912, 25.233256 ], [ 106.898991, 25.23303 ], [ 106.898354, 25.231652 ], [ 106.898163, 25.231364 ], [ 106.897984, 25.230736 ], [ 106.897923, 25.230329 ], [ 106.897732, 25.229701 ], [ 106.897671, 25.229241 ], [ 106.897541, 25.2289 ], [ 106.89748, 25.228557 ], [ 106.897419, 25.22792 ], [ 106.897244, 25.226948 ], [ 106.897114, 25.226491 ], [ 106.897053, 25.226201 ], [ 106.896805, 25.225629 ], [ 106.896744, 25.225397 ], [ 106.896683, 25.224998 ], [ 106.896626, 25.224304 ], [ 106.896435, 25.223968 ], [ 106.896351, 25.223691 ], [ 106.896317, 25.223352 ], [ 106.896317, 25.223074 ], [ 106.896226, 25.222797 ], [ 106.896157, 25.222192 ], [ 106.896077, 25.221841 ], [ 106.896069, 25.221532 ], [ 106.896008, 25.220977 ], [ 106.896031, 25.220598 ], [ 106.89597, 25.220347 ], [ 106.895879, 25.220095 ], [ 106.895772, 25.219668 ], [ 106.895757, 25.219263 ], [ 106.895749, 25.218734 ], [ 106.895718, 25.218302 ], [ 106.895596, 25.217773 ], [ 106.895695, 25.217018 ], [ 106.895684, 25.216563 ], [ 106.895531, 25.216311 ], [ 106.895768, 25.215856 ], [ 106.895768, 25.215568 ], [ 106.895669, 25.215338 ], [ 106.895718, 25.214535 ], [ 106.895657, 25.213911 ], [ 106.895596, 25.21339 ], [ 106.895596, 25.21248 ], [ 106.895535, 25.211729 ], [ 106.895344, 25.211498 ], [ 106.895474, 25.211152 ], [ 106.895596, 25.210753 ], [ 106.895665, 25.210293 ], [ 106.895726, 25.20955 ], [ 106.89584, 25.208815 ], [ 106.895901, 25.208237 ], [ 106.895909, 25.207263 ], [ 106.896039, 25.206638 ], [ 106.896039, 25.20589 ], [ 106.895978, 25.205603 ], [ 106.896039, 25.205203 ], [ 106.8961, 25.2044 ], [ 106.896039, 25.204166 ], [ 106.896039, 25.203543 ], [ 106.896069, 25.202963 ], [ 106.896069, 25.20245 ], [ 106.895939, 25.202162 ], [ 106.895993, 25.201819 ], [ 106.895695, 25.200255 ], [ 106.895573, 25.199853 ], [ 106.895459, 25.19955 ], [ 106.895428, 25.199149 ], [ 106.895218, 25.19834 ], [ 106.895062, 25.197839 ], [ 106.895035, 25.197361 ], [ 106.894913, 25.196982 ], [ 106.894829, 25.196533 ], [ 106.894684, 25.196129 ], [ 106.894539, 25.195628 ], [ 106.894379, 25.194768 ], [ 106.894143, 25.194547 ], [ 106.893937, 25.194247 ], [ 106.893708, 25.193769 ], [ 106.893502, 25.193283 ], [ 106.893311, 25.192988 ], [ 106.893128, 25.192818 ], [ 106.892617, 25.192184 ], [ 106.892373, 25.191727 ], [ 106.89193, 25.191327 ], [ 106.891739, 25.190987 ], [ 106.891488, 25.190692 ], [ 106.891167, 25.190399 ], [ 106.890847, 25.19005 ], [ 106.889901, 25.189196 ], [ 106.890010936000067, 25.188887859000033 ], [ 106.890038, 25.188812 ], [ 106.889718, 25.188578 ], [ 106.889405, 25.188293 ], [ 106.888901, 25.188006 ], [ 106.888268, 25.187543 ], [ 106.887894, 25.187197 ], [ 106.887643, 25.187029 ], [ 106.886506, 25.18634 ], [ 106.886254, 25.186109 ], [ 106.885758, 25.18588 ], [ 106.885438, 25.185702 ], [ 106.885064, 25.18559 ], [ 106.884743, 25.185531 ], [ 106.883927, 25.185246 ], [ 106.883621, 25.185224 ], [ 106.883179, 25.185112 ], [ 106.882294, 25.185105 ], [ 106.881882, 25.184962 ], [ 106.881493, 25.184942 ], [ 106.880959, 25.184899 ], [ 106.880219, 25.18496 ], [ 106.879524, 25.184942 ], [ 106.879105, 25.184899 ], [ 106.878639, 25.185046 ], [ 106.878075, 25.185046 ], [ 106.876938, 25.185217 ], [ 106.876358, 25.185166 ], [ 106.875843, 25.18525 ], [ 106.874992, 25.185418 ], [ 106.874874, 25.18544 ], [ 106.874485, 25.18557 ], [ 106.874172, 25.185649 ], [ 106.873875, 25.18568 ], [ 106.873348, 25.185865 ], [ 106.872578, 25.185977 ], [ 106.872189, 25.186081 ], [ 106.871777, 25.186264 ], [ 106.871323, 25.186311 ], [ 106.870961, 25.186362 ], [ 106.870587, 25.186444 ], [ 106.869877, 25.186731 ], [ 106.869519, 25.186861 ], [ 106.869137, 25.186919 ], [ 106.868531, 25.18708 ], [ 106.868225, 25.187207 ], [ 106.867867, 25.187341 ], [ 106.867478, 25.187474 ], [ 106.867035, 25.187581 ], [ 106.866547, 25.187736 ], [ 106.866043, 25.187771 ], [ 106.865685, 25.187949 ], [ 106.865273, 25.188059 ], [ 106.864602, 25.188193 ], [ 106.864136, 25.188399 ], [ 106.863446, 25.188514 ], [ 106.862866, 25.188547 ], [ 106.862286, 25.188555 ], [ 106.861897, 25.188712 ], [ 106.861508, 25.188794 ], [ 106.861004, 25.188824 ], [ 106.860455, 25.188933 ], [ 106.859875, 25.188918 ], [ 106.859322, 25.188974 ], [ 106.858643, 25.188935 ], [ 106.858224, 25.189019 ], [ 106.85785, 25.189049 ], [ 106.857537, 25.189026 ], [ 106.85698, 25.189037 ], [ 106.856507, 25.188965 ], [ 106.856064, 25.189075 ], [ 106.855572, 25.18908 ], [ 106.855214, 25.189161 ], [ 106.854817, 25.189115 ], [ 106.854489, 25.189095 ], [ 106.852818, 25.189121 ], [ 106.852273, 25.189179 ], [ 106.851761, 25.189136 ], [ 106.851388, 25.189243 ], [ 106.850938, 25.189171 ], [ 106.850297, 25.189156 ], [ 106.849694, 25.189212 ], [ 106.849057, 25.189072 ], [ 106.848637, 25.189029 ], [ 106.848195, 25.188932 ], [ 106.847691, 25.188762 ], [ 106.847111, 25.188492 ], [ 106.846348, 25.188302 ], [ 106.84607, 25.188157 ], [ 106.845384, 25.18791 ], [ 106.84501, 25.187715 ], [ 106.844514, 25.187547 ], [ 106.843766, 25.187361 ], [ 106.843274, 25.187135 ], [ 106.842641, 25.186791 ], [ 106.841634, 25.186392 ], [ 106.841382, 25.186278 ], [ 106.840939, 25.186049 ], [ 106.840634, 25.185927 ], [ 106.839814, 25.185533 ], [ 106.838868, 25.18507 ], [ 106.838365, 25.184785 ], [ 106.837861, 25.184615 ], [ 106.836278, 25.184046 ], [ 106.835904, 25.183926 ], [ 106.835591, 25.183812 ], [ 106.835278, 25.183636 ], [ 106.834904, 25.183524 ], [ 106.834523, 25.183466 ], [ 106.833832, 25.18324 ], [ 106.833573, 25.183155 ], [ 106.83326, 25.18304 ], [ 106.832749, 25.182974 ], [ 106.831811, 25.182745 ], [ 106.831494, 25.18275 ], [ 106.831242, 25.182636 ], [ 106.83093, 25.182577 ], [ 106.830441, 25.182575 ], [ 106.830052, 25.182516 ], [ 106.829121, 25.182521 ], [ 106.828675, 25.182465 ], [ 106.828233, 25.18246 ], [ 106.827599, 25.182397 ], [ 106.82684, 25.182399 ], [ 106.82647, 25.182341 ], [ 106.825642, 25.18228 ], [ 106.825085, 25.18217 ], [ 106.823827, 25.182 ], [ 106.822877, 25.181596 ], [ 106.822442, 25.181367 ], [ 106.821938, 25.181074 ], [ 106.821366, 25.180787 ], [ 106.82074, 25.180429 ], [ 106.819737, 25.179976 ], [ 106.819416, 25.179796 ], [ 106.818592, 25.17946 ], [ 106.818165, 25.179229 ], [ 106.817536, 25.178939 ], [ 106.817032, 25.178822 ], [ 106.81659, 25.178646 ], [ 106.816083745000071, 25.17847957400005 ], [ 106.816082, 25.178479 ], [ 106.815712, 25.178423 ], [ 106.814587, 25.178189 ], [ 106.814206, 25.17813 ], [ 106.813954, 25.178077 ], [ 106.813652, 25.177916 ], [ 106.813042, 25.177725 ], [ 106.812741, 25.177652 ], [ 106.812321, 25.177606 ], [ 106.811989, 25.177535 ], [ 106.811593, 25.177537 ], [ 106.811345, 25.177395 ], [ 106.811051, 25.177295 ], [ 106.810738, 25.177173 ], [ 106.810204, 25.177031 ], [ 106.809674, 25.176911 ], [ 106.809205, 25.176792 ], [ 106.808746, 25.176695 ], [ 106.808373, 25.176649 ], [ 106.807529, 25.176433 ], [ 106.807137, 25.176466 ], [ 106.806801, 25.17637 ], [ 106.80653, 25.176372 ], [ 106.805973, 25.17623 ], [ 106.805588, 25.176159 ], [ 106.805164, 25.176011 ], [ 106.8046, 25.175892 ], [ 106.80402, 25.175698 ], [ 106.803524, 25.175604 ], [ 106.802994, 25.175434 ], [ 106.802021, 25.175195 ], [ 106.801605, 25.175075 ], [ 106.801304, 25.175032 ], [ 106.801022, 25.174933 ], [ 106.80072, 25.174811 ], [ 106.800346, 25.17474 ], [ 106.799934, 25.174645 ], [ 106.799454, 25.174679 ], [ 106.799027, 25.174651 ], [ 106.798664, 25.174592 ], [ 106.797966, 25.174424 ], [ 106.797344, 25.174305 ], [ 106.796948, 25.174193 ], [ 106.796452, 25.173966 ], [ 106.796193, 25.17378 ], [ 106.79588, 25.173669 ], [ 106.795491, 25.173554 ], [ 106.795132, 25.173493 ], [ 106.794499, 25.173379 ], [ 106.794118, 25.17332 ], [ 106.793889, 25.17318 ], [ 106.793641, 25.173084 ], [ 106.793328, 25.173063 ], [ 106.792634, 25.172898 ], [ 106.792184, 25.172801 ], [ 106.79147, 25.17271 ], [ 106.790909, 25.172593 ], [ 106.790524, 25.172623 ], [ 106.790219, 25.172552 ], [ 106.789799, 25.172506 ], [ 106.78925, 25.172542 ], [ 106.788724, 25.172499 ], [ 106.787778, 25.172511 ], [ 106.787305, 25.17257 ], [ 106.786999, 25.172575 ], [ 106.786748, 25.172651 ], [ 106.786389, 25.172682 ], [ 106.786114, 25.172735 ], [ 106.785859, 25.172748 ], [ 106.784966, 25.172842 ], [ 106.784692, 25.172946 ], [ 106.784417, 25.172974 ], [ 106.784165, 25.173053 ], [ 106.783532, 25.173186 ], [ 106.783036, 25.173318 ], [ 106.782342, 25.173483 ], [ 106.781922, 25.173837 ], [ 106.781487, 25.174071 ], [ 106.780968, 25.174285 ], [ 106.780556, 25.174491 ], [ 106.780167, 25.174674 ], [ 106.779778, 25.174806 ], [ 106.779507, 25.174984 ], [ 106.779179, 25.175164 ], [ 106.778676, 25.175421 ], [ 106.778355, 25.175604 ], [ 106.777859, 25.17581 ], [ 106.777356, 25.176095 ], [ 106.776951, 25.176378 ], [ 106.776478, 25.176586 ], [ 106.776005, 25.17695 ], [ 106.775052, 25.177491 ], [ 106.77464, 25.177825 ], [ 106.774312, 25.177976 ], [ 106.774037, 25.178255 ], [ 106.773785, 25.178439 ], [ 106.773511, 25.178667 ], [ 106.773297, 25.178899 ], [ 106.773022, 25.179156 ], [ 106.772656, 25.179308 ], [ 106.772061, 25.179901 ], [ 106.771817, 25.180229 ], [ 106.771413, 25.180539 ], [ 106.771084, 25.180943 ], [ 106.770786, 25.181426 ], [ 106.770596, 25.181861 ], [ 106.770283, 25.182014 ], [ 106.769894, 25.18226 ], [ 106.76965, 25.182492 ], [ 106.769428, 25.182746 ], [ 106.769154, 25.182952 ], [ 106.768909, 25.183158 ], [ 106.768635, 25.183364 ], [ 106.768444, 25.183644 ], [ 106.767674, 25.183931 ], [ 106.767128, 25.184168 ], [ 106.766716, 25.184275 ], [ 106.765885, 25.184509 ], [ 106.765389, 25.184545 ], [ 106.764916, 25.184626 ], [ 106.764481, 25.184657 ], [ 106.76408, 25.184763 ], [ 106.763806, 25.184893 ], [ 106.763394, 25.184974 ], [ 106.763005, 25.184977 ], [ 106.762562, 25.185058 ], [ 106.761982, 25.185247 ], [ 106.761593, 25.185249 ], [ 106.761174, 25.185231 ], [ 106.760701, 25.18531 ], [ 106.760327, 25.185315 ], [ 106.759785, 25.185221 ], [ 106.759457, 25.185201 ], [ 106.759152, 25.185099 ], [ 106.758579, 25.184934 ], [ 106.757885, 25.184664 ], [ 106.757198, 25.184446 ], [ 106.756504, 25.1841 ], [ 106.75626, 25.183901 ], [ 106.755993, 25.183703 ], [ 106.755245, 25.183484 ], [ 106.754963, 25.183159 ], [ 106.75465, 25.18296 ], [ 106.754337, 25.182688 ], [ 106.753971, 25.182414 ], [ 106.753582, 25.182218 ], [ 106.753109, 25.181892 ], [ 106.752773, 25.181516 ], [ 106.752426, 25.181244 ], [ 106.752007, 25.180867 ], [ 106.751633, 25.180672 ], [ 106.751137, 25.180221 ], [ 106.750404, 25.179725 ], [ 106.750237, 25.17955 ], [ 106.750008, 25.179359 ], [ 106.749939, 25.179301 ], [ 106.749619, 25.179057 ], [ 106.749176, 25.178858 ], [ 106.748779, 25.178584 ], [ 106.748283, 25.178406 ], [ 106.747963, 25.178113 ], [ 106.747483, 25.177709 ], [ 106.747158, 25.17748 ], [ 106.747013, 25.177238 ], [ 106.746277, 25.176567 ], [ 106.746075, 25.176382 ], [ 106.745548, 25.175959 ], [ 106.744986276000077, 25.175713993000045 ], [ 106.744984, 25.175713 ], [ 106.744564, 25.175418 ], [ 106.744038, 25.175247 ], [ 106.743649, 25.1751 ], [ 106.743084, 25.174957 ], [ 106.742493, 25.174683 ], [ 106.741219, 25.174477 ], [ 106.740799, 25.174428 ], [ 106.740242, 25.174385 ], [ 106.739769, 25.174367 ], [ 106.739155, 25.174299 ], [ 106.73843, 25.174383 ], [ 106.738094, 25.174322 ], [ 106.737095, 25.173973 ], [ 106.73634, 25.173569 ], [ 106.736096, 25.173475 ], [ 106.735512, 25.173742 ], [ 106.735077, 25.173452 ], [ 106.734696, 25.173103 ], [ 106.734139, 25.172478 ], [ 106.733818, 25.171959 ], [ 106.733544, 25.171567 ], [ 106.733037, 25.170827 ], [ 106.732861, 25.170647 ], [ 106.73248, 25.17013 ], [ 106.732098, 25.169589 ], [ 106.732037, 25.169502 ], [ 106.731671, 25.1691 ], [ 106.731412, 25.168701 ], [ 106.73116, 25.168414 ], [ 106.730523, 25.167836 ], [ 106.730271, 25.167493 ], [ 106.730218, 25.167226 ], [ 106.730096, 25.166873 ], [ 106.730137, 25.166684 ], [ 106.727616, 25.164823 ], [ 106.726754, 25.164376 ], [ 106.725919, 25.163994 ], [ 106.725041, 25.163676 ], [ 106.723397, 25.16357 ], [ 106.722146, 25.163554 ], [ 106.72049, 25.163562 ], [ 106.718186, 25.164038 ], [ 106.716439, 25.164651 ], [ 106.714104, 25.166366 ], [ 106.711331, 25.168347 ], [ 106.710408, 25.168859 ], [ 106.709896, 25.168925 ], [ 106.709126, 25.16896 ], [ 106.708451, 25.169148 ], [ 106.708249, 25.169425 ], [ 106.708233, 25.169611 ], [ 106.708298, 25.169814 ], [ 106.708306, 25.170201 ], [ 106.708096, 25.170521 ], [ 106.707455, 25.171111 ], [ 106.705544, 25.173935 ], [ 106.704399, 25.175761 ], [ 106.703781, 25.176677 ], [ 106.703465, 25.177165 ], [ 106.703179, 25.177488 ], [ 106.702435, 25.178143 ], [ 106.701642, 25.178667 ], [ 106.700509, 25.179081 ], [ 106.700127, 25.179186 ], [ 106.698842, 25.179491 ], [ 106.698281, 25.179659 ], [ 106.697457, 25.180185 ], [ 106.69624, 25.180647 ], [ 106.695832, 25.18069 ], [ 106.69457, 25.180784 ], [ 106.693269, 25.180771 ], [ 106.692288, 25.180738 ], [ 106.691491, 25.180805 ], [ 106.690698, 25.180967 ], [ 106.68855, 25.18129 ], [ 106.687913, 25.181293 ], [ 106.685555, 25.180962 ], [ 106.68382, 25.18089 ], [ 106.681683, 25.180608 ], [ 106.68084, 25.180356 ], [ 106.679971, 25.180064 ], [ 106.67928, 25.179715 ], [ 106.6764, 25.178037 ], [ 106.676116660000048, 25.177916074000052 ], [ 106.675198, 25.177524 ], [ 106.674664, 25.177293 ], [ 106.673546, 25.176507 ], [ 106.672474, 25.175922 ], [ 106.671261, 25.17541 ], [ 106.670327, 25.175029 ], [ 106.669949, 25.174742 ], [ 106.668202, 25.17404 ], [ 106.667462, 25.173803 ], [ 106.664113, 25.172585 ], [ 106.662972, 25.172226 ], [ 106.661774, 25.171809 ], [ 106.659574, 25.171337 ], [ 106.658627, 25.171312 ], [ 106.657376, 25.17109 ], [ 106.654316, 25.170874 ], [ 106.654137, 25.170874 ], [ 106.653004, 25.170729 ], [ 106.648465, 25.170129 ], [ 106.647408, 25.169697 ], [ 106.646599, 25.16933 ], [ 106.645287, 25.168828 ], [ 106.645119, 25.168759 ], [ 106.644642, 25.168451 ], [ 106.64423, 25.168182 ], [ 106.643315, 25.167213 ], [ 106.642941, 25.166818 ], [ 106.642651, 25.166376 ], [ 106.642434, 25.166058 ], [ 106.641984, 25.165405 ], [ 106.641579, 25.164787 ], [ 106.640675, 25.163633 ], [ 106.639817, 25.162562 ], [ 106.639184, 25.162066 ], [ 106.638611, 25.161715 ], [ 106.638096, 25.161451 ], [ 106.637406, 25.160807 ], [ 106.637044, 25.160304 ], [ 106.636879, 25.15975 ], [ 106.636735, 25.158607 ], [ 106.636792, 25.157595 ], [ 106.636807, 25.157345 ], [ 106.636845, 25.157162 ], [ 106.636857, 25.157106 ], [ 106.63691, 25.156918 ], [ 106.637253, 25.155428 ], [ 106.63786, 25.153805 ], [ 106.638913, 25.150976 ], [ 106.63902, 25.148596 ], [ 106.638897, 25.145383 ], [ 106.638989, 25.142591 ], [ 106.638993, 25.140762 ], [ 106.639089, 25.139951 ], [ 106.638928, 25.13882 ], [ 106.638425, 25.136805 ], [ 106.637826, 25.13575 ], [ 106.634434, 25.132084 ], [ 106.633996, 25.131596 ], [ 106.633121, 25.130497 ], [ 106.63221, 25.129296 ], [ 106.630711, 25.127218 ], [ 106.629185, 25.125303 ], [ 106.628601, 25.124817 ], [ 106.626797, 25.123472 ], [ 106.625607, 25.123024 ], [ 106.624371, 25.122971 ], [ 106.62355, 25.123118 ], [ 106.622692, 25.123159 ], [ 106.621746, 25.122993 ], [ 106.621529, 25.12298 ], [ 106.620762, 25.122762 ], [ 106.61995, 25.122492 ], [ 106.618885, 25.122095 ], [ 106.618485, 25.121841 ], [ 106.617642, 25.121231 ], [ 106.616486, 25.120557 ], [ 106.615849, 25.120275 ], [ 106.615422, 25.120089 ], [ 106.614815, 25.119809 ], [ 106.61348, 25.119135 ], [ 106.612545, 25.118418 ], [ 106.612458, 25.11825 ], [ 106.612061, 25.11747 ], [ 106.611676, 25.117048 ], [ 106.608216, 25.115341 ], [ 106.604458, 25.113871 ], [ 106.603638, 25.113451 ], [ 106.603215, 25.113159 ], [ 106.602509, 25.112818 ], [ 106.602002, 25.112589 ], [ 106.601376, 25.112355 ], [ 106.600621, 25.112116 ], [ 106.59998, 25.111946 ], [ 106.599423, 25.11189 ], [ 106.599171, 25.111775 ], [ 106.598851, 25.111714 ], [ 106.598233, 25.111488 ], [ 106.597661, 25.111251 ], [ 106.596905, 25.110911 ], [ 106.596543, 25.1108 ], [ 106.596237, 25.110678 ], [ 106.595284, 25.110111 ], [ 106.595032, 25.109999 ], [ 106.593392, 25.108478 ], [ 106.59301, 25.108137 ], [ 106.592583, 25.10773 ], [ 106.592072, 25.107328 ], [ 106.591576, 25.106468 ], [ 106.591446, 25.105952 ], [ 106.591263, 25.10538 ], [ 106.591141, 25.105098 ], [ 106.591073, 25.10481 ], [ 106.591019, 25.104236 ], [ 106.590889, 25.103671 ], [ 106.590828, 25.103437 ], [ 106.590767, 25.103042 ], [ 106.590783, 25.102754 ], [ 106.590653, 25.10218 ], [ 106.590653, 25.10149 ], [ 106.590592, 25.101084 ], [ 106.590409, 25.100163 ], [ 106.590233, 25.098965 ], [ 106.590233, 25.098675 ], [ 106.590172, 25.098162 ], [ 106.590172, 25.096948 ], [ 106.589982, 25.096316 ], [ 106.589737, 25.095738 ], [ 106.589493, 25.095278 ], [ 106.589303, 25.094645 ], [ 106.589112, 25.094185 ], [ 106.589051, 25.093844 ], [ 106.588677, 25.093203 ], [ 106.588051, 25.092341 ], [ 106.587677, 25.092046 ], [ 106.587166, 25.091697 ], [ 106.586731, 25.091357 ], [ 106.586297, 25.091062 ], [ 106.585366, 25.090366 ], [ 106.584992, 25.090198 ], [ 106.584366, 25.089733 ], [ 106.583695, 25.089307 ], [ 106.58326, 25.089073 ], [ 106.582695, 25.088842 ], [ 106.58207, 25.088669 ], [ 106.581559, 25.08844 ], [ 106.581055, 25.088262 ], [ 106.580483, 25.088025 ], [ 106.579163, 25.087621 ], [ 106.578545, 25.087502 ], [ 106.577973, 25.087323 ], [ 106.577095, 25.087145 ], [ 106.576394, 25.087034 ], [ 106.575474, 25.086756 ], [ 106.574948, 25.086761 ], [ 106.574139, 25.086581 ], [ 106.573193, 25.086581 ], [ 106.569992, 25.086547 ], [ 106.569558, 25.086552 ], [ 106.569291, 25.086491 ], [ 106.568222, 25.086484 ], [ 106.567612, 25.086445 ], [ 106.567421, 25.086517 ], [ 106.566727, 25.086514 ], [ 106.566414, 25.086573 ], [ 106.565915, 25.086626 ], [ 106.56535, 25.086634 ], [ 106.564595, 25.086684 ], [ 106.564015, 25.086791 ], [ 106.563458, 25.08685 ], [ 106.562477, 25.086789 ], [ 106.562142, 25.086786 ], [ 106.561379, 25.08684 ], [ 106.561135, 25.086842 ], [ 106.560501, 25.087015 ], [ 106.559945, 25.08718 ], [ 106.55898, 25.087278 ], [ 106.558598, 25.087286 ], [ 106.557904, 25.087222 ], [ 106.556527, 25.08722 ], [ 106.555398, 25.087095 ], [ 106.554696, 25.087037 ], [ 106.554135, 25.087037 ], [ 106.553509, 25.086971 ], [ 106.553006, 25.086976 ], [ 106.552632, 25.086973 ], [ 106.552365, 25.087032 ], [ 106.552064, 25.086971 ], [ 106.551179, 25.086739 ], [ 106.550805, 25.086681 ], [ 106.550362, 25.086566 ], [ 106.549992, 25.086508 ], [ 106.549473, 25.086365 ], [ 106.548794, 25.086159 ], [ 106.54836, 25.085986 ], [ 106.547921, 25.085862 ], [ 106.547173, 25.085689 ], [ 106.546776, 25.085524 ], [ 106.546379, 25.085308 ], [ 106.545937, 25.085132 ], [ 106.545315, 25.08484 ], [ 106.544186, 25.084489 ], [ 106.543305, 25.084147 ], [ 106.542618, 25.083738 ], [ 106.542046, 25.083308 ], [ 106.542004, 25.083275 ], [ 106.541241, 25.082815 ], [ 106.540623, 25.082469 ], [ 106.540177, 25.082237 ], [ 106.539734, 25.082059 ], [ 106.539177, 25.081716 ], [ 106.538166, 25.081192 ], [ 106.537785, 25.080963 ], [ 106.537419, 25.080905 ], [ 106.536915, 25.080556 ], [ 106.536354, 25.080208 ], [ 106.535851, 25.079979 ], [ 106.535538, 25.079811 ], [ 106.535278, 25.079689 ], [ 106.535038, 25.079636 ], [ 106.534847, 25.079458 ], [ 106.53331, 25.078731 ], [ 106.532685, 25.078377 ], [ 106.532242, 25.078092 ], [ 106.530865, 25.07746 ], [ 106.530361, 25.077288 ], [ 106.529976, 25.077056 ], [ 106.52948, 25.076881 ], [ 106.529236, 25.076766 ], [ 106.528992, 25.076591 ], [ 106.528355, 25.076247 ], [ 106.528042, 25.076013 ], [ 106.52779, 25.075779 ], [ 106.52747, 25.075614 ], [ 106.527165, 25.075383 ], [ 106.526917, 25.075268 ], [ 106.52649, 25.074973 ], [ 106.526093, 25.074861 ], [ 106.525727, 25.07463 ], [ 106.525479, 25.074345 ], [ 106.524853, 25.073763 ], [ 106.524601, 25.073425 ], [ 106.52435, 25.073188 ], [ 106.524098, 25.07284 ], [ 106.523476, 25.0721 ], [ 106.523232, 25.071746 ], [ 106.522797, 25.07123 ], [ 106.522667, 25.071003 ], [ 106.522549, 25.070716 ], [ 106.522297, 25.070482 ], [ 106.522045, 25.070195 ], [ 106.521534, 25.069506 ], [ 106.521138, 25.069067 ], [ 106.520959, 25.068713 ], [ 106.520829, 25.068495 ], [ 106.520333, 25.067739 ], [ 106.520211, 25.067276 ], [ 106.519959, 25.066702 ], [ 106.519898, 25.066358 ], [ 106.519654, 25.065728 ], [ 106.519467, 25.065383 ], [ 106.519284, 25.065096 ], [ 106.519154, 25.064699 ], [ 106.518773, 25.06401 ], [ 106.518597, 25.063723 ], [ 106.518475, 25.063379 ], [ 106.517922, 25.062339 ], [ 106.517541, 25.061421 ], [ 106.517442, 25.061065 ], [ 106.516923, 25.059854 ], [ 106.516736, 25.05962 ], [ 106.516614, 25.05928 ], [ 106.516247, 25.058415 ], [ 106.516194, 25.058181 ], [ 106.51556, 25.057034 ], [ 106.51537, 25.056864 ], [ 106.515137, 25.056523 ], [ 106.514878, 25.056294 ], [ 106.514626, 25.056007 ], [ 106.514191, 25.055661 ], [ 106.513821, 25.055429 ], [ 106.5135, 25.055251 ], [ 106.513188, 25.055023 ], [ 106.512554, 25.054796 ], [ 106.512184, 25.054674 ], [ 106.511429, 25.054387 ], [ 106.511185, 25.054389 ], [ 106.510807, 25.054214 ], [ 106.510494, 25.054155 ], [ 106.510052, 25.054043 ], [ 106.509743, 25.053932 ], [ 106.509361, 25.05387 ], [ 106.50911, 25.053812 ], [ 106.508553, 25.05371 ], [ 106.508183, 25.053649 ], [ 106.507741, 25.053476 ], [ 106.506993, 25.053306 ], [ 106.506676, 25.053247 ], [ 106.506234, 25.053072 ], [ 106.505807, 25.053067 ], [ 106.50536, 25.052957 ], [ 106.504857, 25.052899 ], [ 106.504613, 25.052842 ], [ 106.503861, 25.052845 ], [ 106.503549, 25.052786 ], [ 106.503236, 25.052669 ], [ 106.502042, 25.052496 ], [ 106.501473, 25.052379 ], [ 106.501229, 25.052385 ], [ 106.500367, 25.052308 ], [ 106.499986, 25.051876 ], [ 106.499021, 25.0508 ], [ 106.498025, 25.050965 ], [ 106.496526, 25.05064 ], [ 106.496331, 25.050527 ], [ 106.495103, 25.049968 ], [ 106.493584, 25.049157 ], [ 106.492471, 25.048793 ], [ 106.490853, 25.048668 ], [ 106.489156, 25.048521 ], [ 106.486722, 25.047949 ], [ 106.485444, 25.047384 ], [ 106.483326, 25.046769 ], [ 106.481598, 25.046071 ], [ 106.478776, 25.04496 ], [ 106.477597, 25.044571 ], [ 106.475953, 25.044314 ], [ 106.472603, 25.043894 ], [ 106.470563, 25.04347 ], [ 106.469651, 25.04334 ], [ 106.468301, 25.043188 ], [ 106.46544, 25.042478 ], [ 106.464558, 25.042219 ], [ 106.462327, 25.041967 ], [ 106.460751, 25.041474 ], [ 106.458985, 25.040612 ], [ 106.457348, 25.039717 ], [ 106.455483, 25.038603 ], [ 106.453465, 25.037632 ], [ 106.451523, 25.036762 ], [ 106.450161, 25.035984 ], [ 106.448513, 25.034641 ], [ 106.446213, 25.032273 ], [ 106.445526, 25.031349 ], [ 106.444008, 25.028633 ], [ 106.444001, 25.026707 ], [ 106.44376, 25.025916 ], [ 106.442746, 25.024762 ], [ 106.441125, 25.023147 ], [ 106.440384, 25.022218 ], [ 106.439217, 25.02131 ], [ 106.437756, 25.020524 ], [ 106.435814, 25.01986 ], [ 106.433838, 25.019461 ], [ 106.431668, 25.019179 ], [ 106.430692, 25.019034 ], [ 106.429204, 25.018744 ], [ 106.428262, 25.018456 ], [ 106.426652, 25.018039 ], [ 106.424874, 25.017454 ], [ 106.42352, 25.01692 ], [ 106.422166, 25.016653 ], [ 106.416714, 25.015514 ], [ 106.414769, 25.014649 ], [ 106.413457, 25.01472 ], [ 106.410939, 25.014593 ], [ 106.40968, 25.014019 ], [ 106.40894, 25.013034 ], [ 106.40736, 25.011052 ], [ 106.404957, 25.008475 ], [ 106.402885061000063, 25.007611276000034 ], [ 106.402882, 25.00761 ], [ 106.40236, 25.007605 ], [ 106.400117, 25.007476 ], [ 106.398881, 25.007341 ], [ 106.397057, 25.007206 ], [ 106.395257, 25.007368 ], [ 106.393567, 25.007526 ], [ 106.391278, 25.007391 ], [ 106.387673, 25.007852 ], [ 106.385716, 25.007048 ], [ 106.383557, 25.006085 ], [ 106.379837, 25.004689 ], [ 106.378033, 25.004251 ], [ 106.376564, 25.003666 ], [ 106.375023, 25.003244 ], [ 106.373276, 25.002758 ], [ 106.3713, 25.002345 ], [ 106.368931, 25.001828 ], [ 106.361866, 25.000023 ], [ 106.361645, 24.999967 ], [ 106.360214, 24.998545 ], [ 106.358693, 24.997911 ], [ 106.356591, 24.997634 ], [ 106.354313, 24.996619 ], [ 106.351216, 24.995025 ], [ 106.348133, 24.994091 ], [ 106.345741, 24.993988 ], [ 106.342827, 24.994158 ], [ 106.34055, 24.992994 ], [ 106.338684, 24.992788 ], [ 106.334721, 24.992816 ], [ 106.327618, 24.993033 ], [ 106.325344, 24.992606 ], [ 106.323288753000043, 24.99187353700006 ], [ 106.32251, 24.991596 ], [ 106.321278, 24.991064 ], [ 106.316422, 24.98921 ], [ 106.312771423000072, 24.987374742000043 ], [ 106.31276, 24.987369 ], [ 106.309541, 24.984899 ], [ 106.30742, 24.982731 ], [ 106.304769, 24.980196 ], [ 106.301297, 24.978693 ], [ 106.298402, 24.978698 ], [ 106.292927, 24.978759 ], [ 106.287308, 24.979387 ], [ 106.283097, 24.980588 ], [ 106.279377, 24.982079 ], [ 106.275658, 24.983732 ], [ 106.27137, 24.983265 ], [ 106.267964, 24.982741 ], [ 106.263615, 24.982621 ], [ 106.260338, 24.982276 ], [ 106.257366, 24.981357 ], [ 106.254284, 24.979694 ], [ 106.251462, 24.977594 ], [ 106.250001, 24.976088 ], [ 106.249646, 24.975722 ], [ 106.24801, 24.974847 ], [ 106.246476, 24.974554 ], [ 106.246239, 24.974508 ], [ 106.243874, 24.974226 ], [ 106.242043, 24.974399 ], [ 106.24046, 24.974844 ], [ 106.238499, 24.97554 ], [ 106.234845, 24.977893 ], [ 106.229974, 24.980175 ], [ 106.225377, 24.982762 ], [ 106.222348, 24.984755 ], [ 106.220559, 24.985138 ], [ 106.216527, 24.985398 ], [ 106.212251, 24.985512 ], [ 106.209096, 24.984215 ], [ 106.20649, 24.982169 ], [ 106.20575, 24.980849 ], [ 106.205079, 24.978794 ], [ 106.204006, 24.976306 ], [ 106.20245, 24.974701 ], [ 106.200096, 24.972809 ], [ 106.197827, 24.971131 ], [ 106.195062, 24.969373 ], [ 106.194081, 24.968204 ], [ 106.192525, 24.965645 ], [ 106.190552, 24.962646 ], [ 106.188748, 24.959645 ], [ 106.185822, 24.957032 ], [ 106.18258, 24.956079 ], [ 106.178712, 24.956484 ], [ 106.173729, 24.959108 ], [ 106.170594, 24.961104 ], [ 106.167302, 24.962757 ], [ 106.164162, 24.963228 ], [ 106.161996, 24.963411 ], [ 106.159737, 24.964047 ], [ 106.157196, 24.965113 ], [ 106.152233, 24.965355 ], [ 106.148647, 24.964225 ], [ 106.148209, 24.96409 ], [ 106.144436, 24.962229 ], [ 106.142426, 24.960514 ], [ 106.141629, 24.958614 ], [ 106.141827, 24.956996 ], [ 106.14185, 24.956775 ], [ 106.142235, 24.95454 ], [ 106.142937, 24.952859 ], [ 106.143647, 24.951895 ], [ 106.145764, 24.949146 ], [ 106.147072, 24.947766 ], [ 106.149224, 24.946508 ], [ 106.151524, 24.945613 ], [ 106.153752, 24.94439 ], [ 106.154274, 24.944148 ], [ 106.156014, 24.9435 ], [ 106.157708, 24.942701 ], [ 106.158047, 24.942272 ], [ 106.158196, 24.942111 ], [ 106.159207, 24.941389 ], [ 106.159542, 24.941114 ], [ 106.161713, 24.939586 ], [ 106.162251, 24.939246 ], [ 106.162682, 24.938414 ], [ 106.162831, 24.937168 ], [ 106.162884, 24.935548 ], [ 106.163258, 24.934162 ], [ 106.163735, 24.933088 ], [ 106.163853, 24.932523 ], [ 106.163888, 24.932236 ], [ 106.163941, 24.930593 ], [ 106.164071, 24.930033 ], [ 106.164475, 24.928986 ], [ 106.164673, 24.928599 ], [ 106.164929, 24.928151 ], [ 106.165436, 24.927301 ], [ 106.166695, 24.925251 ], [ 106.168164, 24.923344 ], [ 106.168496, 24.923107 ], [ 106.169697, 24.921289 ], [ 106.170422, 24.920509 ], [ 106.171017, 24.919474 ], [ 106.171841, 24.917875 ], [ 106.172795, 24.916583 ], [ 106.173348, 24.915761 ], [ 106.173722, 24.915223 ], [ 106.175232, 24.914091 ], [ 106.176098, 24.913425 ], [ 106.176896, 24.912441 ], [ 106.177594, 24.911487 ], [ 106.17915, 24.908069 ], [ 106.179326, 24.907749 ], [ 106.179997, 24.906543 ], [ 106.181561, 24.905473 ], [ 106.18319, 24.904341 ], [ 106.187027, 24.902305 ], [ 106.188359, 24.90143 ], [ 106.189663, 24.900095 ], [ 106.189969, 24.899716 ], [ 106.190445, 24.899271 ], [ 106.190899, 24.898473 ], [ 106.191849, 24.896799 ], [ 106.192612, 24.895763 ], [ 106.193863, 24.894026 ], [ 106.193951, 24.893691 ], [ 106.194561, 24.891755 ], [ 106.195084, 24.889358 ], [ 106.19513, 24.886968 ], [ 106.194825, 24.885462 ], [ 106.195069, 24.883486 ], [ 106.194455, 24.880905 ], [ 106.193829, 24.879626 ], [ 106.193886, 24.878855 ], [ 106.193776, 24.877566 ], [ 106.193493, 24.876617 ], [ 106.194134, 24.875094 ], [ 106.194451, 24.874695 ], [ 106.195279, 24.873586 ], [ 106.196691, 24.871905 ], [ 106.198514, 24.869358 ], [ 106.199509, 24.868707 ], [ 106.200135, 24.86799 ], [ 106.200768, 24.866472 ], [ 106.201638, 24.864835 ], [ 106.202203, 24.863223 ], [ 106.202592, 24.861542 ], [ 106.20263, 24.861199 ], [ 106.202748, 24.860057 ], [ 106.202706, 24.859187 ], [ 106.202775, 24.858688 ], [ 106.202985, 24.857177 ], [ 106.203084, 24.856226 ], [ 106.203244, 24.854926 ], [ 106.203332, 24.854262 ], [ 106.2035, 24.853065 ], [ 106.203538, 24.852605 ], [ 106.20358, 24.851738 ], [ 106.203504, 24.851321 ], [ 106.202962, 24.850586 ], [ 106.202874, 24.850372 ], [ 106.202611, 24.849729 ], [ 106.20239, 24.849192 ], [ 106.202325, 24.849088 ], [ 106.201859, 24.848383 ], [ 106.201341, 24.84759 ], [ 106.200986, 24.847175 ], [ 106.200601, 24.846687 ], [ 106.200574, 24.84651 ], [ 106.200585, 24.84637 ], [ 106.200913, 24.845856 ], [ 106.201516, 24.845254 ], [ 106.201604, 24.84505 ], [ 106.201665, 24.84477 ], [ 106.201634, 24.844458 ], [ 106.201528, 24.844155 ], [ 106.201337, 24.843875 ], [ 106.201249, 24.843715 ], [ 106.200891, 24.843288 ], [ 106.200349, 24.842655 ], [ 106.200196, 24.842413 ], [ 106.199483, 24.841258 ], [ 106.199075, 24.840417 ], [ 106.198903, 24.839932 ], [ 106.198979, 24.838785 ], [ 106.199032, 24.838457 ], [ 106.199254, 24.837351 ], [ 106.199151, 24.836908 ], [ 106.198998, 24.836616 ], [ 106.198643, 24.836216 ], [ 106.198495, 24.835982 ], [ 106.198361, 24.835675 ], [ 106.198281, 24.835509 ], [ 106.198144, 24.834902 ], [ 106.198163, 24.833877 ], [ 106.198174, 24.833048 ], [ 106.198182, 24.832592 ], [ 106.19806, 24.83084 ], [ 106.197949, 24.830464 ], [ 106.197633, 24.829561 ], [ 106.196805, 24.828419 ], [ 106.196465, 24.827747 ], [ 106.196336, 24.82714 ], [ 106.195794, 24.824551 ], [ 106.19568, 24.823104 ], [ 106.195664, 24.820774 ], [ 106.195493, 24.819632 ], [ 106.195176, 24.818686 ], [ 106.194798, 24.817976 ], [ 106.191995, 24.813553 ], [ 106.191613, 24.812497 ], [ 106.191834, 24.810155 ], [ 106.191438, 24.809072 ], [ 106.190041, 24.807188 ], [ 106.189645, 24.806778 ], [ 106.189286, 24.806178 ], [ 106.188809, 24.805759 ], [ 106.188294, 24.805397 ], [ 106.187009, 24.805013 ], [ 106.185342, 24.804874 ], [ 106.184037, 24.804708 ], [ 106.183503, 24.804525 ], [ 106.183106, 24.804385 ], [ 106.182698, 24.804115 ], [ 106.182133, 24.803439 ], [ 106.182042, 24.803248 ], [ 106.181759, 24.802456 ], [ 106.181797, 24.80166 ], [ 106.182137, 24.800498 ], [ 106.183262, 24.79885 ], [ 106.184086, 24.797104 ], [ 106.184342, 24.795703 ], [ 106.184506, 24.795042 ], [ 106.184583, 24.794823 ], [ 106.18496, 24.794063 ], [ 106.185456, 24.792761 ], [ 106.185525, 24.792603 ], [ 106.185761, 24.79167 ], [ 106.185807, 24.79122 ], [ 106.185765, 24.790739 ], [ 106.185647, 24.790418 ], [ 106.185246, 24.789997 ], [ 106.184293, 24.789402 ], [ 106.182549, 24.788327 ], [ 106.181874, 24.78761 ], [ 106.180359, 24.786155 ], [ 106.179657, 24.785253 ], [ 106.17922354500007, 24.784767597000041 ], [ 106.177838, 24.783216 ], [ 106.177277, 24.782356 ], [ 106.176762, 24.780767 ], [ 106.17622, 24.778574 ], [ 106.175911, 24.777537 ], [ 106.175606, 24.776189 ], [ 106.175538, 24.775202 ], [ 106.175381, 24.774294 ], [ 106.175129, 24.773707 ], [ 106.174702, 24.773173 ], [ 106.17408, 24.772733 ], [ 106.173668, 24.77226 ], [ 106.17315, 24.770104 ], [ 106.172848, 24.76857 ], [ 106.172596, 24.766752 ], [ 106.1717, 24.76523 ], [ 106.171257, 24.762961 ], [ 106.170884, 24.761331 ], [ 106.170513, 24.76049 ], [ 106.170151, 24.760121 ], [ 106.16977, 24.759803 ], [ 106.169239, 24.759696 ], [ 106.168393, 24.759571 ], [ 106.167199, 24.759516 ], [ 106.165554, 24.759508 ], [ 106.164494, 24.759541 ], [ 106.162106, 24.759671 ], [ 106.160565, 24.759811 ], [ 106.15897, 24.76009 ], [ 106.158173, 24.760345 ], [ 106.156327, 24.761149 ], [ 106.15556, 24.761335 ], [ 106.154362, 24.761637 ], [ 106.153252, 24.76226 ], [ 106.15234, 24.76269 ], [ 106.151558, 24.763031 ], [ 106.149994, 24.76418 ], [ 106.148422, 24.765096 ], [ 106.147717, 24.765236 ], [ 106.147103, 24.765266 ], [ 106.146794, 24.765223 ], [ 106.146435, 24.76505 ], [ 106.144795, 24.763688 ], [ 106.144383, 24.763383 ], [ 106.143998, 24.763121 ], [ 106.143219, 24.762673 ], [ 106.142571, 24.762292 ], [ 106.142197, 24.761697 ], [ 106.141533, 24.760311 ], [ 106.139767, 24.758302 ], [ 106.139466, 24.757579 ], [ 106.139233, 24.7557 ], [ 106.139107, 24.754685 ], [ 106.138848, 24.75337 ], [ 106.138725, 24.752792 ], [ 106.138344, 24.751464 ], [ 106.137562, 24.749674 ], [ 106.137039, 24.748141 ], [ 106.136746, 24.747024 ], [ 106.136353, 24.745936 ], [ 106.136193, 24.7453 ], [ 106.136117, 24.744351 ], [ 106.136151, 24.74116 ], [ 106.135994, 24.740088 ], [ 106.134594, 24.739037 ], [ 106.133767, 24.737852 ], [ 106.133187, 24.736604 ], [ 106.132775, 24.735503 ], [ 106.131078, 24.734269 ], [ 106.128246, 24.732525 ], [ 106.126152, 24.732174 ], [ 106.125008, 24.731663 ], [ 106.122921, 24.73088 ], [ 106.121316, 24.73071 ], [ 106.119515, 24.730529 ], [ 106.116036, 24.729451 ], [ 106.114171, 24.727253 ], [ 106.113172, 24.723436 ], [ 106.112104, 24.720939 ], [ 106.110379, 24.717788 ], [ 106.108601, 24.716335 ], [ 106.106091, 24.715326 ], [ 106.101392, 24.713229 ], [ 106.096784, 24.710831 ], [ 106.093564, 24.709683 ], [ 106.091229, 24.709772 ], [ 106.088891, 24.710083 ], [ 106.086953, 24.709729 ], [ 106.083485, 24.709319 ], [ 106.082127, 24.709233 ], [ 106.080734, 24.708742 ], [ 106.079071, 24.708287 ], [ 106.07729, 24.707315 ], [ 106.07188, 24.70438 ], [ 106.06765, 24.70292 ], [ 106.065033, 24.702158 ], [ 106.062382, 24.700754 ], [ 106.06015, 24.699078 ], [ 106.056923, 24.696451 ], [ 106.053146, 24.694709 ], [ 106.04982, 24.692667 ], [ 106.047779, 24.691192 ], [ 106.046048, 24.690153 ], [ 106.044866, 24.689296 ], [ 106.043595, 24.688433 ], [ 106.0425, 24.68722 ], [ 106.041421, 24.683925 ], [ 106.042706, 24.680575 ], [ 106.043461, 24.677619 ], [ 106.042145, 24.67414 ], [ 106.039254, 24.669598 ], [ 106.039242, 24.669522 ], [ 106.039124, 24.668698 ], [ 106.038552, 24.667078 ], [ 106.03843, 24.666681 ], [ 106.0383, 24.666261 ], [ 106.037816, 24.66558 ], [ 106.036316, 24.661888 ], [ 106.034741, 24.659064 ], [ 106.033101, 24.656693 ], [ 106.031091, 24.654852 ], [ 106.029237, 24.651973 ], [ 106.027577, 24.648972 ], [ 106.025563, 24.64695 ], [ 106.024002, 24.64465 ], [ 106.023129, 24.642063 ], [ 106.021343, 24.639271 ], [ 106.020149, 24.637318 ], [ 106.017952, 24.636217 ], [ 106.016293, 24.636126 ], [ 106.014595, 24.637046 ], [ 106.011002, 24.638458 ], [ 106.008789, 24.639692 ], [ 106.004803, 24.642546 ], [ 106.002118, 24.643912 ], [ 106.000031, 24.645516 ], [ 105.999745, 24.645733 ], [ 105.996613, 24.647708 ], [ 105.993092, 24.649862 ], [ 105.989869, 24.652028 ], [ 105.988835, 24.652064 ], [ 105.988026, 24.652374 ], [ 105.987114, 24.652718 ], [ 105.986214, 24.653671 ], [ 105.986162299000057, 24.655604921000077 ], [ 105.986145, 24.656252 ], [ 105.986329, 24.659299 ], [ 105.984925, 24.661817 ], [ 105.983387, 24.66408 ], [ 105.980603, 24.666714 ], [ 105.977761, 24.669394 ], [ 105.977375, 24.66972 ], [ 105.973351, 24.673131 ], [ 105.971936, 24.674245 ], [ 105.97036, 24.675437 ], [ 105.968384, 24.676034 ], [ 105.965546, 24.677346 ], [ 105.962967, 24.67842 ], [ 105.961453, 24.679358 ], [ 105.960457, 24.679981 ], [ 105.957947, 24.682749 ], [ 105.956364, 24.685554 ], [ 105.951759, 24.690121 ], [ 105.95036, 24.69252 ], [ 105.949547413000062, 24.695449117000067 ], [ 105.948822, 24.698064 ], [ 105.947502, 24.701815 ], [ 105.945412, 24.70565 ], [ 105.943638, 24.708285 ], [ 105.943135, 24.713115 ], [ 105.942288, 24.716997 ], [ 105.942715, 24.718525 ], [ 105.941998, 24.72015 ], [ 105.940316, 24.721409 ], [ 105.939022, 24.723257 ], [ 105.938953, 24.725025 ], [ 105.939289, 24.726864 ], [ 105.939381, 24.728041 ], [ 105.938596, 24.728779 ], [ 105.93586, 24.729969 ], [ 105.933373, 24.730659 ], [ 105.931519, 24.730519 ], [ 105.930378, 24.729863 ], [ 105.927956, 24.729286 ], [ 105.925129913000035, 24.728932114000031 ], [ 105.925129, 24.728932 ], [ 105.921746, 24.728436 ], [ 105.91924, 24.728303 ], [ 105.916573, 24.728097 ], [ 105.916009, 24.728028 ], [ 105.912385, 24.727972 ], [ 105.909062, 24.728208 ], [ 105.905674, 24.728521 ], [ 105.901802, 24.728396 ], [ 105.899872, 24.727815 ], [ 105.893403, 24.726813 ], [ 105.889931, 24.726096 ], [ 105.886876, 24.726482 ], [ 105.884953, 24.727601 ], [ 105.883984, 24.729213 ], [ 105.882157, 24.731726 ], [ 105.878945, 24.733814 ], [ 105.876454, 24.734053 ], [ 105.874985, 24.733987 ], [ 105.873471, 24.733923 ], [ 105.871712, 24.73379 ], [ 105.869416, 24.73364 ], [ 105.864991, 24.733375 ], [ 105.861607, 24.732737 ], [ 105.859986, 24.731277 ], [ 105.858498, 24.729206 ], [ 105.857689, 24.727516 ], [ 105.856144, 24.72436 ], [ 105.854263, 24.721582 ], [ 105.851673, 24.719392 ], [ 105.846249, 24.716536 ], [ 105.843583, 24.715377 ], [ 105.841488, 24.714731 ], [ 105.837864, 24.713874 ], [ 105.835122, 24.712569 ], [ 105.830567, 24.7092 ], [ 105.827095, 24.70665 ], [ 105.824757, 24.705932 ], [ 105.822586, 24.705724 ], [ 105.821213, 24.705351 ], [ 105.818558, 24.704855 ], [ 105.81461, 24.704735 ], [ 105.810089, 24.70368 ], [ 105.804116, 24.702889 ], [ 105.803158, 24.702955 ], [ 105.801842, 24.703253 ], [ 105.799725, 24.704257 ], [ 105.798893, 24.704664 ], [ 105.797909, 24.705404 ], [ 105.797001, 24.706391 ], [ 105.796254, 24.706933 ], [ 105.795517, 24.707513 ], [ 105.795182, 24.707653 ], [ 105.79395, 24.708093 ], [ 105.792817, 24.708561 ], [ 105.790753, 24.709553 ], [ 105.789452, 24.710326 ], [ 105.788136, 24.711257 ], [ 105.787682, 24.711455 ], [ 105.784611, 24.712493 ], [ 105.782917, 24.712864 ], [ 105.780838, 24.713978 ], [ 105.77842, 24.715761 ], [ 105.776173, 24.716878 ], [ 105.774723, 24.717109 ], [ 105.773514, 24.717264 ], [ 105.772396, 24.71764 ], [ 105.769745, 24.719571 ], [ 105.765411, 24.721435 ], [ 105.762604, 24.723655 ], [ 105.761101, 24.729116 ], [ 105.758869, 24.733164 ], [ 105.756947, 24.735533 ], [ 105.755196, 24.737977 ], [ 105.754383, 24.738422 ], [ 105.752533, 24.73858 ], [ 105.750004, 24.739424 ], [ 105.748509, 24.739922 ], [ 105.746621, 24.741209 ], [ 105.745473, 24.741992 ], [ 105.739602, 24.743933 ], [ 105.737393, 24.74451 ], [ 105.735806, 24.745069 ], [ 105.734185, 24.745664 ], [ 105.732392, 24.746787 ], [ 105.729218, 24.750014 ], [ 105.727837, 24.75141 ], [ 105.726262, 24.752969 ], [ 105.722523, 24.756671 ], [ 105.720002, 24.759705 ], [ 105.714757, 24.762495 ], [ 105.709271, 24.766715 ], [ 105.709269886000072, 24.766715760000068 ], [ 105.703911, 24.77037 ], [ 105.699239, 24.773093 ], [ 105.694714, 24.773665 ], [ 105.69011, 24.774435 ], [ 105.684365, 24.776294 ], [ 105.679234, 24.777789 ], [ 105.674569, 24.778753 ], [ 105.672326, 24.778313 ], [ 105.670429, 24.777845 ], [ 105.668129, 24.777665 ], [ 105.665451, 24.777428 ], [ 105.661717, 24.777034 ], [ 105.659546, 24.776391 ], [ 105.656494, 24.775918 ], [ 105.653054, 24.775224 ], [ 105.650513, 24.77514 ], [ 105.648884, 24.775206 ], [ 105.646546, 24.775408 ], [ 105.644925, 24.775659 ], [ 105.644036, 24.775817 ], [ 105.643296, 24.775909 ], [ 105.642041, 24.776191 ], [ 105.639443, 24.776639 ], [ 105.636727, 24.776977 ], [ 105.635373, 24.777198 ], [ 105.633992, 24.77771 ], [ 105.632264, 24.777873 ], [ 105.628945, 24.778481 ], [ 105.625024, 24.779509 ], [ 105.623582, 24.779888 ], [ 105.62188, 24.780729 ], [ 105.621312, 24.781004 ], [ 105.619133, 24.78241 ], [ 105.616795, 24.783524 ], [ 105.615021, 24.784414 ], [ 105.613579, 24.785744 ], [ 105.611371, 24.788592 ], [ 105.609242, 24.790322 ], [ 105.608529, 24.793999 ], [ 105.608147, 24.798637 ], [ 105.607834, 24.801287 ], [ 105.605759, 24.804539 ], [ 105.603589, 24.806462 ], [ 105.603588159000083, 24.806462379000038 ], [ 105.599644, 24.808242 ], [ 105.596345, 24.809499 ], [ 105.594415, 24.810613 ], [ 105.590386, 24.810926 ], [ 105.585954, 24.810577 ], [ 105.581658, 24.808816 ], [ 105.577774, 24.80611 ], [ 105.574936, 24.803108 ], [ 105.571693380000056, 24.800973491000036 ], [ 105.571682, 24.800966 ], [ 105.569264, 24.800315 ], [ 105.561932, 24.800061 ], [ 105.555546, 24.800288 ], [ 105.552082, 24.800822 ], [ 105.548783, 24.80099 ], [ 105.544732, 24.801497 ], [ 105.540543, 24.801672 ], [ 105.537472, 24.802066 ], [ 105.528557, 24.802528 ], [ 105.528488, 24.802538 ], [ 105.527691, 24.802648 ], [ 105.527054, 24.802691 ], [ 105.527004, 24.802696 ], [ 105.525921, 24.80282 ], [ 105.523884, 24.80305 ], [ 105.522644, 24.803175 ], [ 105.521641, 24.803161 ], [ 105.520157, 24.803206 ], [ 105.51952, 24.803341 ], [ 105.518612, 24.803545 ], [ 105.516838, 24.804012 ], [ 105.516079, 24.804208 ], [ 105.515408, 24.804468 ], [ 105.514465, 24.805045 ], [ 105.513889, 24.805355 ], [ 105.513348, 24.805655 ], [ 105.512962, 24.80578 ], [ 105.511681, 24.806192 ], [ 105.511272, 24.806355 ], [ 105.510941, 24.806487 ], [ 105.510136, 24.806904 ], [ 105.509541, 24.807067 ], [ 105.508099, 24.807078 ], [ 105.507412, 24.807212 ], [ 105.50631, 24.807571 ], [ 105.505223, 24.80793 ], [ 105.503624, 24.808392 ], [ 105.501847, 24.808649 ], [ 105.501504, 24.808698 ], [ 105.501092, 24.808759 ], [ 105.500901, 24.80882 ], [ 105.499508, 24.809238 ], [ 105.498971, 24.809406 ], [ 105.497708, 24.809579 ], [ 105.496674, 24.809551 ], [ 105.496247, 24.809622 ], [ 105.496033, 24.809701 ], [ 105.49577, 24.8098 ], [ 105.495202, 24.81008 ], [ 105.494969, 24.810192 ], [ 105.494622, 24.81036 ], [ 105.494381, 24.810477 ], [ 105.494011, 24.810802 ], [ 105.493763, 24.811019 ], [ 105.493161, 24.81182 ], [ 105.493107, 24.811896 ], [ 105.492897, 24.812104 ], [ 105.492447, 24.81257 ], [ 105.492001, 24.81302 ], [ 105.491806, 24.813223 ], [ 105.491452, 24.813658 ], [ 105.490815, 24.814429 ], [ 105.490471, 24.814843 ], [ 105.490162, 24.815222 ], [ 105.489704, 24.815735 ], [ 105.489445, 24.81603 ], [ 105.489128, 24.816407 ], [ 105.488659, 24.816877 ], [ 105.488445, 24.81719 ], [ 105.488285, 24.817564 ], [ 105.488312, 24.818337 ], [ 105.488327, 24.818657 ], [ 105.4884, 24.819799 ], [ 105.488422, 24.820142 ], [ 105.488304, 24.821391 ], [ 105.488289, 24.821579 ], [ 105.488499, 24.822368 ], [ 105.488625, 24.822838 ], [ 105.488716, 24.823273 ], [ 105.488838, 24.823871 ], [ 105.488827, 24.824588 ], [ 105.488815, 24.825173 ], [ 105.488815, 24.826063 ], [ 105.488815, 24.826567 ], [ 105.488716, 24.827119 ], [ 105.488628, 24.827607 ], [ 105.488598, 24.8278 ], [ 105.488575, 24.828304 ], [ 105.488659, 24.828881 ], [ 105.488709, 24.829199 ], [ 105.488911, 24.830198 ], [ 105.488976, 24.830537 ], [ 105.488999, 24.831 ], [ 105.488877, 24.831534 ], [ 105.48869, 24.832408 ], [ 105.488514, 24.83325 ], [ 105.488075, 24.834286 ], [ 105.487949, 24.834584 ], [ 105.487804, 24.835314 ], [ 105.48777, 24.835489 ], [ 105.487743, 24.835631 ], [ 105.487598, 24.835891 ], [ 105.487419, 24.836211 ], [ 105.487385, 24.83642 ], [ 105.487274, 24.837023 ], [ 105.486885, 24.838493 ], [ 105.486473, 24.839952 ], [ 105.485867, 24.841985 ], [ 105.485405, 24.842896 ], [ 105.485111, 24.843249 ], [ 105.484082, 24.844193 ], [ 105.482121, 24.84533 ], [ 105.48211139700004, 24.845341632000043 ], [ 105.480725, 24.847021 ], [ 105.479993, 24.847611 ], [ 105.47767, 24.849427 ], [ 105.476983, 24.849921 ], [ 105.476117, 24.850373 ], [ 105.474587, 24.850821 ], [ 105.471192, 24.851831 ], [ 105.469884, 24.852146 ], [ 105.469148, 24.852228 ], [ 105.468022, 24.852619 ], [ 105.467313, 24.85358 ], [ 105.465852, 24.854353 ], [ 105.465569, 24.854653 ], [ 105.464803, 24.855437 ], [ 105.464269, 24.855874 ], [ 105.463742, 24.85609 ], [ 105.463448, 24.856344 ], [ 105.463071, 24.857407 ], [ 105.4628, 24.8577 ], [ 105.462468, 24.857802 ], [ 105.460862, 24.857845 ], [ 105.460736, 24.857949 ], [ 105.460648, 24.858109 ], [ 105.460694, 24.858364 ], [ 105.461053, 24.858895 ], [ 105.46122, 24.859359 ], [ 105.461018, 24.85986 ], [ 105.460019, 24.860734 ], [ 105.459939, 24.861029 ], [ 105.4599, 24.861327 ], [ 105.460099, 24.8624 ], [ 105.459992, 24.863252 ], [ 105.459347, 24.865015 ], [ 105.458096, 24.867022 ], [ 105.455597, 24.868934 ], [ 105.454556, 24.870079 ], [ 105.45322, 24.871602 ], [ 105.450867, 24.874244 ], [ 105.450413, 24.875091 ], [ 105.450352, 24.876175 ], [ 105.450352, 24.876208 ], [ 105.450363, 24.87708 ], [ 105.4506, 24.877395 ], [ 105.450989, 24.877675 ], [ 105.452362, 24.878208 ], [ 105.454445, 24.878973 ], [ 105.454563, 24.879067 ], [ 105.454704, 24.879182 ], [ 105.454868, 24.879665 ], [ 105.454666, 24.881529 ], [ 105.453907, 24.88382 ], [ 105.453907, 24.88471 ], [ 105.454029, 24.885427 ], [ 105.454147, 24.886973 ], [ 105.454166, 24.888324 ], [ 105.453148, 24.890757 ], [ 105.452072, 24.893514 ], [ 105.451355, 24.895223 ], [ 105.450104, 24.898185 ], [ 105.449394, 24.900484 ], [ 105.448822, 24.90333 ], [ 105.448391, 24.906606 ], [ 105.447891, 24.910173 ], [ 105.44762, 24.911012 ], [ 105.446941, 24.91164 ], [ 105.445092, 24.913849 ], [ 105.443498, 24.916633 ], [ 105.442708, 24.918724 ], [ 105.442578, 24.919421 ], [ 105.442082, 24.922057 ], [ 105.440873, 24.923588 ], [ 105.439736, 24.924974 ], [ 105.4381, 24.925981 ], [ 105.436925, 24.926528 ], [ 105.435124, 24.92708 ], [ 105.433404, 24.927914 ], [ 105.432816, 24.928611 ], [ 105.427827, 24.931055 ], [ 105.421589, 24.93388 ], [ 105.415142, 24.93637 ], [ 105.412922, 24.936596 ], [ 105.411938, 24.937458 ], [ 105.41, 24.938155 ], [ 105.40815, 24.938405 ], [ 105.406113, 24.938463 ], [ 105.401249, 24.940157 ], [ 105.399701, 24.940734 ], [ 105.397294, 24.941433 ], [ 105.391297, 24.941717 ], [ 105.38987, 24.942569 ], [ 105.388905, 24.944011 ], [ 105.388692, 24.944957 ], [ 105.386838, 24.944792 ], [ 105.384812, 24.945194 ], [ 105.381623, 24.945591 ], [ 105.377816, 24.945907 ], [ 105.375024, 24.945833 ], [ 105.372666, 24.945912 ], [ 105.371689, 24.946029 ], [ 105.371006, 24.946092 ], [ 105.368466, 24.946558 ], [ 105.365841, 24.946865 ], [ 105.362293, 24.946484 ], [ 105.359119574000033, 24.945734788000038 ], [ 105.359112, 24.945733 ], [ 105.357338, 24.944968 ], [ 105.354965, 24.944047 ], [ 105.351799, 24.94288 ], [ 105.348255, 24.942328 ], [ 105.345963, 24.941907 ], [ 105.341317, 24.939365 ], [ 105.335087, 24.935814 ], [ 105.331937, 24.932836 ], [ 105.331079, 24.930837 ], [ 105.329186, 24.929449 ], [ 105.327527, 24.92862 ], [ 105.324189, 24.92783 ], [ 105.321912, 24.927062 ], [ 105.320839, 24.926983 ], [ 105.318039, 24.927207 ], [ 105.313454, 24.927009 ], [ 105.31099, 24.926935 ], [ 105.310988781000049, 24.926936105000038 ], [ 105.31083, 24.92708 ], [ 105.309292, 24.927131 ], [ 105.30914, 24.927276 ], [ 105.306935, 24.927312 ], [ 105.306782, 24.927456 ], [ 105.304894, 24.927495 ], [ 105.304737, 24.927637 ], [ 105.303002, 24.927668 ], [ 105.302849, 24.92781 ], [ 105.299538, 24.927863 ], [ 105.294861, 24.929104 ], [ 105.287014, 24.930378 ], [ 105.283299, 24.931752 ], [ 105.276524, 24.932009 ], [ 105.276368, 24.932162 ], [ 105.274632, 24.93219 ], [ 105.274178, 24.93248 ], [ 105.271362, 24.932541 ], [ 105.269794, 24.932856 ], [ 105.26569, 24.933062 ], [ 105.26186, 24.934492 ], [ 105.258889, 24.937617 ], [ 105.256001, 24.941208 ], [ 105.254437, 24.944799 ], [ 105.253925, 24.94887 ], [ 105.254986, 24.952217 ], [ 105.255772, 24.954848 ], [ 105.257615, 24.957236 ], [ 105.259701, 24.958183 ], [ 105.260815, 24.959369 ], [ 105.260906, 24.961291 ], [ 105.260941, 24.963979 ], [ 105.260586, 24.965706 ], [ 105.259754, 24.967135 ], [ 105.258942, 24.967634 ], [ 105.256787, 24.968346 ], [ 105.25475, 24.968715 ], [ 105.251641, 24.969654 ], [ 105.251176, 24.969943 ], [ 105.250008, 24.969966 ], [ 105.249604, 24.969974 ], [ 105.247548, 24.969435 ], [ 105.246972, 24.96913 ], [ 105.245656, 24.968464 ], [ 105.243569, 24.966923 ], [ 105.242143, 24.966518 ], [ 105.240106, 24.966559 ], [ 105.232731, 24.968256 ], [ 105.231968, 24.969134 ], [ 105.231678, 24.970143 ], [ 105.231754, 24.973294 ], [ 105.232273, 24.975298 ], [ 105.232334, 24.978026 ], [ 105.230991, 24.981073 ], [ 105.229618, 24.982818 ], [ 105.227596, 24.983718 ], [ 105.22633, 24.983456 ], [ 105.222538, 24.982805 ], [ 105.220647, 24.982819 ], [ 105.220494, 24.982964 ], [ 105.217976, 24.983015 ], [ 105.211887, 24.984425 ], [ 105.210659, 24.985748 ], [ 105.210568, 24.988619 ], [ 105.211407, 24.990752 ], [ 105.212109, 24.993758 ], [ 105.212307, 24.995472 ], [ 105.21201, 24.996339 ], [ 105.209541, 24.998106 ], [ 105.208123, 24.998261 ], [ 105.204644, 24.997612 ], [ 105.201482, 24.996954 ], [ 105.198964, 24.996852 ], [ 105.197251, 24.997317 ], [ 105.195504, 24.997472 ], [ 105.192021, 24.996383 ], [ 105.188672, 24.994587 ], [ 105.18773, 24.99432 ], [ 105.185494, 24.993062 ], [ 105.183721, 24.99164 ], [ 105.183248, 24.991642 ], [ 105.180707, 24.990549 ], [ 105.175297, 24.987355 ], [ 105.171753, 24.983678 ], [ 105.167073, 24.978454 ], [ 105.164571, 24.972612 ], [ 105.162304127000084, 24.969507283000041 ], [ 105.162301, 24.969503 ], [ 105.154888, 24.962435 ], [ 105.153137, 24.961466 ], [ 105.15078, 24.961364 ], [ 105.149235, 24.962542 ], [ 105.148174, 24.964144 ], [ 105.144448, 24.966779 ], [ 105.143509, 24.967079 ], [ 105.141313354000033, 24.967121974000065 ], [ 105.141312, 24.967122 ], [ 105.137845, 24.966469 ], [ 105.13297, 24.966403 ], [ 105.13139, 24.965856 ], [ 105.127988, 24.961752 ], [ 105.127652, 24.96076 ], [ 105.126454, 24.956615 ], [ 105.124997, 24.954952 ], [ 105.124844, 24.954777 ], [ 105.124501, 24.953775 ], [ 105.124181, 24.953497 ], [ 105.122853, 24.950367 ], [ 105.121895, 24.950263 ], [ 105.119648, 24.950024 ], [ 105.117169, 24.949917 ], [ 105.115135, 24.949365 ], [ 105.113568, 24.947394 ], [ 105.112896, 24.945102 ], [ 105.11129, 24.944131 ], [ 105.109345, 24.943647 ], [ 105.107385, 24.942676 ], [ 105.105607, 24.942027 ], [ 105.104352, 24.941053 ], [ 105.102216, 24.940238 ], [ 105.100076, 24.939589 ], [ 105.098992, 24.938684 ], [ 105.098229, 24.937453 ], [ 105.097756, 24.936019 ], [ 105.097035, 24.934396 ], [ 105.095799, 24.933099 ], [ 105.093834, 24.932611 ], [ 105.092591, 24.932451 ], [ 105.091511, 24.931962 ], [ 105.090267, 24.930177 ], [ 105.088837, 24.928227 ], [ 105.087093, 24.92669 ], [ 105.085285, 24.925792 ], [ 105.082993, 24.925163 ], [ 105.081212, 24.923866 ], [ 105.079606, 24.92159 ], [ 105.079514, 24.921434 ], [ 105.078152, 24.919519 ], [ 105.07811, 24.919438 ], [ 105.077564, 24.918367 ], [ 105.07663, 24.917518 ], [ 105.075707, 24.916902 ], [ 105.074185, 24.916976 ], [ 105.073544, 24.916673 ], [ 105.07227, 24.916065 ], [ 105.07071, 24.915125 ], [ 105.069466, 24.913663 ], [ 105.069279, 24.911064 ], [ 105.069294, 24.908622 ], [ 105.069832, 24.905049 ], [ 105.070007, 24.903467 ], [ 105.069923, 24.902701 ], [ 105.069649, 24.902291 ], [ 105.069409, 24.901236 ], [ 105.068752, 24.900175 ], [ 105.06733, 24.899039 ], [ 105.065857, 24.896963 ], [ 105.063828, 24.895579 ], [ 105.062687, 24.895137 ], [ 105.061787, 24.893677 ], [ 105.061250238000071, 24.891406235000034 ], [ 105.061249, 24.891401 ], [ 105.060532, 24.890427 ], [ 105.059544, 24.889417 ], [ 105.058526, 24.888801 ], [ 105.055565, 24.887855 ], [ 105.053422, 24.886225 ], [ 105.050206, 24.885086 ], [ 105.045963, 24.882502 ], [ 105.042931, 24.880547 ], [ 105.03989, 24.878754 ], [ 105.038117, 24.877132 ], [ 105.035611, 24.875339 ], [ 105.034092, 24.873512 ], [ 105.033161, 24.871152 ], [ 105.033695, 24.868876 ], [ 105.035252, 24.86608 ], [ 105.036675, 24.863815 ], [ 105.038109, 24.861055 ], [ 105.038941, 24.858529 ], [ 105.038635, 24.855536 ], [ 105.038277, 24.853751 ], [ 105.038014, 24.851602 ], [ 105.036851, 24.849036 ], [ 105.036137, 24.84627 ], [ 105.03542, 24.843348 ], [ 105.035057, 24.840105 ], [ 105.034397, 24.836889 ], [ 105.034042, 24.836243 ], [ 105.033505, 24.835262 ], [ 105.032593, 24.83339 ], [ 105.032078, 24.832337 ], [ 105.03011, 24.829735 ], [ 105.027786, 24.82794 ], [ 105.025643, 24.826477 ], [ 105.024395, 24.824684 ], [ 105.024033, 24.82225 ], [ 105.023857, 24.819645 ], [ 105.024571, 24.816884 ], [ 105.027069, 24.812021 ], [ 105.0285, 24.808296 ], [ 105.029923, 24.805053 ], [ 105.030285, 24.801804 ], [ 105.03046, 24.800016 ], [ 105.031174, 24.797417 ], [ 105.031708, 24.794978 ], [ 105.031883, 24.792378 ], [ 105.031525, 24.791404 ], [ 105.030987, 24.790428 ], [ 105.029931, 24.790106 ], [ 105.029004, 24.790047 ], [ 105.027058, 24.790121 ], [ 105.019406, 24.789907 ], [ 105.016103, 24.789823 ], [ 105.013535, 24.789126 ], [ 105.011113, 24.788808 ], [ 105.008698, 24.78783 ], [ 105.006974, 24.786538 ], [ 105.003396, 24.78458 ], [ 105.000386, 24.782517 ], [ 105.000042, 24.782477 ], [ 104.999886, 24.782454 ], [ 104.997902, 24.780936 ], [ 104.997307, 24.780486 ], [ 104.996193, 24.779635 ], [ 104.993763, 24.778999 ], [ 104.991043, 24.777298 ], [ 104.986668, 24.775681 ], [ 104.983017, 24.774271 ], [ 104.979718, 24.77319 ], [ 104.975541, 24.772193 ], [ 104.971993, 24.771144 ], [ 104.970147, 24.77078 ], [ 104.966256, 24.770493 ], [ 104.962266, 24.770473 ], [ 104.959694, 24.769959 ], [ 104.957257, 24.769593 ], [ 104.95493, 24.76896 ], [ 104.952702, 24.76762 ], [ 104.949975902000062, 24.767340195000031 ], [ 104.949974, 24.76734 ], [ 104.946694, 24.76708 ], [ 104.944947, 24.766978 ], [ 104.942803, 24.767502 ], [ 104.941349, 24.767316 ], [ 104.939995, 24.765541 ], [ 104.938542, 24.76385 ], [ 104.935044, 24.763835 ], [ 104.932461, 24.763477 ], [ 104.929844, 24.762759 ], [ 104.927319, 24.762129 ], [ 104.924797, 24.761587 ], [ 104.92276, 24.76087 ], [ 104.919598, 24.759454 ], [ 104.915616, 24.759792 ], [ 104.911343, 24.759864 ], [ 104.907761, 24.759323 ], [ 104.90466, 24.758695 ], [ 104.901078, 24.757001 ], [ 104.896046, 24.754667 ], [ 104.893823903000055, 24.75324921400005 ], [ 104.893822, 24.753248 ], [ 104.8937, 24.753128 ], [ 104.891039753000086, 24.750591300000053 ], [ 104.89103, 24.750582 ], [ 104.89011, 24.749992 ], [ 104.88881, 24.749161 ], [ 104.886387, 24.748449 ], [ 104.881749, 24.747193 ], [ 104.880109, 24.746214 ], [ 104.876828, 24.742842 ], [ 104.875386, 24.741245 ], [ 104.875012, 24.741105 ], [ 104.873722, 24.740627 ], [ 104.872567, 24.739893 ], [ 104.871129, 24.73901 ], [ 104.869595, 24.736795 ], [ 104.867375, 24.733608 ], [ 104.864483, 24.730063 ], [ 104.86343, 24.728201 ], [ 104.86171, 24.724386 ], [ 104.861054, 24.721464 ], [ 104.861367, 24.717219 ], [ 104.861481, 24.714122 ], [ 104.861306, 24.71076 ], [ 104.861413, 24.708458 ], [ 104.86094, 24.706424 ], [ 104.859779, 24.70348 ], [ 104.856621, 24.697376 ], [ 104.852871, 24.693381 ], [ 104.85056, 24.691166 ], [ 104.848526, 24.689917 ], [ 104.847656, 24.689299 ], [ 104.846688, 24.687501 ], [ 104.844483, 24.682986 ], [ 104.842366, 24.681478 ], [ 104.839089, 24.67891 ], [ 104.836098, 24.676692 ], [ 104.834355, 24.676137 ], [ 104.831941, 24.675778 ], [ 104.829621, 24.674623 ], [ 104.827405, 24.673822 ], [ 104.824399, 24.673639 ], [ 104.821976, 24.673338 ], [ 104.819462, 24.673158 ], [ 104.816079, 24.673506 ], [ 104.811337, 24.674114 ], [ 104.808796, 24.674077 ], [ 104.806282, 24.673098 ], [ 104.803971, 24.671416 ], [ 104.801999, 24.669659 ], [ 104.801083, 24.668845 ], [ 104.797802, 24.666714 ], [ 104.797596, 24.666663 ], [ 104.795578, 24.666154 ], [ 104.791702, 24.666057 ], [ 104.787441, 24.666133 ], [ 104.783581, 24.666555 ], [ 104.779614, 24.66557 ], [ 104.774261334000073, 24.663973763000058 ], [ 104.773625, 24.663784 ], [ 104.766953, 24.661985 ], [ 104.763387, 24.66038 ], [ 104.756802858000071, 24.658407883000052 ], [ 104.751924963000079, 24.655909449000035 ], [ 104.747522960000083, 24.651566933000026 ], [ 104.745738364000033, 24.648830553000039 ], [ 104.745440931000076, 24.644785469000055 ], [ 104.745262472000036, 24.642287035000038 ], [ 104.745262472000036, 24.638479897000025 ], [ 104.744114, 24.631368 ], [ 104.74345, 24.629509 ], [ 104.741913, 24.626762 ], [ 104.74086, 24.624812 ], [ 104.739407, 24.623741 ], [ 104.737511, 24.623326 ], [ 104.737259, 24.623268 ], [ 104.735947, 24.622927 ], [ 104.734441, 24.622511 ], [ 104.732751, 24.621895 ], [ 104.730565, 24.621557 ], [ 104.728589, 24.621396 ], [ 104.726353, 24.621376 ], [ 104.724328, 24.621714 ], [ 104.722073, 24.622467 ], [ 104.720299, 24.622935 ], [ 104.71822, 24.62327 ], [ 104.716691, 24.623738 ], [ 104.715268, 24.624387 ], [ 104.713936, 24.624896 ], [ 104.712254, 24.625318 ], [ 104.710335, 24.62588 ], [ 104.708561, 24.626738 ], [ 104.706841, 24.627796 ], [ 104.705525, 24.628894 ], [ 104.704056, 24.630262 ], [ 104.702885, 24.631676 ], [ 104.701462, 24.632861 ], [ 104.700577, 24.633329 ], [ 104.70023, 24.633507 ], [ 104.699864, 24.633688 ], [ 104.699688, 24.633772 ], [ 104.698486, 24.634585 ], [ 104.697659, 24.6365 ], [ 104.697407, 24.638173 ], [ 104.697155, 24.639737 ], [ 104.698197, 24.641839 ], [ 104.70063, 24.644311 ], [ 104.701717, 24.647108 ], [ 104.70171, 24.648449 ], [ 104.700836, 24.650117 ], [ 104.698494, 24.652001 ], [ 104.695458, 24.653577 ], [ 104.692391, 24.655121 ], [ 104.688344, 24.655431 ], [ 104.684094, 24.655987 ], [ 104.680783, 24.6563 ], [ 104.677712, 24.65706 ], [ 104.674156, 24.657597 ], [ 104.671246, 24.65815 ], [ 104.662724, 24.659155 ], [ 104.658199, 24.659926 ], [ 104.654267, 24.661577 ], [ 104.651695, 24.66178 ], [ 104.64814, 24.661533 ], [ 104.645607, 24.661758 ], [ 104.641315, 24.661507 ], [ 104.635555, 24.66158 ], [ 104.631894, 24.662464 ], [ 104.629063, 24.663453 ], [ 104.627343, 24.665002 ], [ 104.626038, 24.666684 ], [ 104.625363, 24.667554 ], [ 104.625024, 24.667946 ], [ 104.623399, 24.66981 ], [ 104.623135, 24.67011 ], [ 104.622841, 24.670535 ], [ 104.620304, 24.674113 ], [ 104.617333, 24.678002 ], [ 104.614735, 24.681671 ], [ 104.61007, 24.68577 ], [ 104.607358, 24.688883 ], [ 104.604943, 24.691492 ], [ 104.602597, 24.694384 ], [ 104.600255, 24.697507 ], [ 104.598397, 24.700734 ], [ 104.597748, 24.702954 ], [ 104.597366, 24.705181 ], [ 104.596855, 24.708751 ], [ 104.596222, 24.711652 ], [ 104.594616539000071, 24.713429403000077 ], [ 104.594616, 24.71343 ], [ 104.586037, 24.715619 ], [ 104.580887, 24.716705 ], [ 104.577717, 24.716245 ], [ 104.574665, 24.716229 ], [ 104.572202, 24.717087 ], [ 104.569752, 24.718193 ], [ 104.567162, 24.721085 ], [ 104.564827, 24.724202 ], [ 104.562664, 24.7276 ], [ 104.559082, 24.729911 ], [ 104.555889, 24.731239 ], [ 104.552223, 24.731671 ], [ 104.548073, 24.732103 ], [ 104.545816050000042, 24.732605426000077 ], [ 104.543198643000039, 24.732664913000065 ], [ 104.541235588000063, 24.73278388600005 ], [ 104.539807911000082, 24.732902859000035 ], [ 104.535832, 24.733035 ], [ 104.532398, 24.733557 ], [ 104.528888565000045, 24.734539928000061 ], [ 104.527405, 24.735892 ], [ 104.527588, 24.738188 ], [ 104.527702, 24.739884 ], [ 104.528153, 24.741571 ], [ 104.529514, 24.744511 ], [ 104.531021, 24.746266 ], [ 104.532261, 24.748453 ], [ 104.533055, 24.749966 ], [ 104.533627, 24.751057 ], [ 104.535004, 24.75227 ], [ 104.53574, 24.753044 ], [ 104.536427, 24.753769 ], [ 104.53706, 24.754427 ], [ 104.538567, 24.756551 ], [ 104.540264, 24.758852 ], [ 104.541104, 24.760846 ], [ 104.541226, 24.762057 ], [ 104.540418, 24.763565 ], [ 104.539353, 24.765742 ], [ 104.538941, 24.767858 ], [ 104.53846, 24.769791 ], [ 104.539109, 24.771548 ], [ 104.540025, 24.772754 ], [ 104.540824695000083, 24.776207383000042 ], [ 104.541598020000038, 24.779598115000056 ], [ 104.541003154000066, 24.782334496000033 ], [ 104.538434, 24.783795 ], [ 104.537538, 24.786199 ], [ 104.537536625000087, 24.78620268800006 ], [ 104.536859, 24.78802 ], [ 104.536389, 24.790301 ], [ 104.534836, 24.795403 ], [ 104.534409, 24.79832 ], [ 104.534411627000054, 24.79833257100006 ], [ 104.534832, 24.800344 ], [ 104.535862, 24.802397 ], [ 104.537251, 24.805195 ], [ 104.538269, 24.808068 ], [ 104.537777, 24.809609 ], [ 104.536652, 24.811402 ], [ 104.536557, 24.814505 ], [ 104.536915, 24.816662 ], [ 104.538815, 24.819546 ], [ 104.54081, 24.821392 ], [ 104.542523, 24.822944 ], [ 104.543434, 24.824668 ], [ 104.543915, 24.825967 ], [ 104.544808, 24.827224 ], [ 104.54712, 24.828923 ], [ 104.550687, 24.83092 ], [ 104.551491, 24.831848 ], [ 104.552212, 24.833316 ], [ 104.555543, 24.836398 ], [ 104.558106, 24.838771 ], [ 104.561318, 24.843182 ], [ 104.56688, 24.84729 ], [ 104.572755, 24.853986 ], [ 104.572011, 24.857371 ], [ 104.573635, 24.859953 ], [ 104.575775, 24.861005 ], [ 104.57932, 24.865662 ], [ 104.582291, 24.870402 ], [ 104.583988, 24.873039 ], [ 104.58535, 24.874196 ], [ 104.586563, 24.876212 ], [ 104.588081, 24.878499 ], [ 104.591454, 24.883344 ], [ 104.59301, 24.885226 ], [ 104.594113, 24.886253 ], [ 104.595463, 24.886914 ], [ 104.595465095000066, 24.886915184000031 ], [ 104.596958, 24.887759 ], [ 104.598122, 24.888754 ], [ 104.599022, 24.889919 ], [ 104.599976, 24.890588 ], [ 104.601509, 24.891067 ], [ 104.603054, 24.891501 ], [ 104.604054, 24.892483 ], [ 104.604908, 24.89365 ], [ 104.606423, 24.8954 ], [ 104.607819, 24.896422 ], [ 104.608967, 24.896865 ], [ 104.609921, 24.897126 ], [ 104.61303, 24.897146 ], [ 104.615262, 24.897303 ], [ 104.61789, 24.897232 ], [ 104.620122, 24.897435 ], [ 104.621568, 24.897652 ], [ 104.622821312000042, 24.898371714000064 ], [ 104.622834, 24.898379 ], [ 104.624222, 24.900017 ], [ 104.625023, 24.900851 ], [ 104.625725, 24.901584 ], [ 104.626728, 24.902387 ], [ 104.630962, 24.904423 ], [ 104.632568, 24.905493 ], [ 104.633572, 24.906615 ], [ 104.634388, 24.908143 ], [ 104.634911, 24.910128 ], [ 104.635284, 24.912387 ], [ 104.636139, 24.916688 ], [ 104.636639, 24.919182 ], [ 104.63683, 24.919783 ], [ 104.637211, 24.92098 ], [ 104.638474, 24.923003 ], [ 104.639836, 24.924752 ], [ 104.64135, 24.926634 ], [ 104.642819, 24.92838 ], [ 104.644585, 24.930351 ], [ 104.646454, 24.932502 ], [ 104.648571, 24.935357 ], [ 104.649895, 24.937468 ], [ 104.650109, 24.939182 ], [ 104.649895, 24.941082 ], [ 104.649918, 24.943068 ], [ 104.650288, 24.944332 ], [ 104.651189, 24.945136 ], [ 104.652489, 24.945937 ], [ 104.653745, 24.946786 ], [ 104.655148, 24.948535 ], [ 104.65646, 24.950061 ], [ 104.657662, 24.950862 ], [ 104.659462, 24.951974 ], [ 104.660904, 24.953067 ], [ 104.66195, 24.95433 ], [ 104.66261, 24.955589 ], [ 104.66293, 24.957346 ], [ 104.662908, 24.959108 ], [ 104.662251, 24.961461 ], [ 104.661827, 24.963816 ], [ 104.662, 24.965752 ], [ 104.66261, 24.967145 ], [ 104.663522, 24.968267 ], [ 104.664422, 24.968892 ], [ 104.667768, 24.970395 ], [ 104.669023, 24.971291 ], [ 104.670522, 24.972275 ], [ 104.67183, 24.973076 ], [ 104.673084, 24.97358 ], [ 104.67474, 24.97406 ], [ 104.676827, 24.97431 ], [ 104.678219, 24.974795 ], [ 104.679829, 24.975597 ], [ 104.68187, 24.976482 ], [ 104.683525, 24.977054 ], [ 104.684727, 24.97772 ], [ 104.685887, 24.978862 ], [ 104.686257, 24.980123 ], [ 104.685871, 24.981435 ], [ 104.684151, 24.98351 ], [ 104.682819, 24.984555 ], [ 104.681892, 24.98574 ], [ 104.681755, 24.986602 ], [ 104.682011, 24.987449 ], [ 104.682415, 24.988214 ], [ 104.68317, 24.989155 ], [ 104.684425, 24.990139 ], [ 104.685826, 24.990919 ], [ 104.68723, 24.991313 ], [ 104.691415, 24.99263 ], [ 104.693005, 24.993022 ], [ 104.69426, 24.993869 ], [ 104.696126, 24.996018 ], [ 104.697122, 24.996473 ], [ 104.69814, 24.996556 ], [ 104.699974, 24.99645 ], [ 104.702004, 24.996203 ], [ 104.704167, 24.996511 ], [ 104.706264, 24.997227 ], [ 104.708305, 24.997804 ], [ 104.710484, 24.998768 ], [ 104.712383278000061, 24.999970543000074 ], [ 104.712384, 24.999971 ], [ 104.712376, 25.000024 ], [ 104.712307, 25.000548 ], [ 104.711861, 25.002367 ], [ 104.711689, 25.002977 ], [ 104.71106, 25.005143 ], [ 104.710293, 25.006799 ], [ 104.709728, 25.007676 ], [ 104.708397, 25.008891 ], [ 104.707256, 25.010104 ], [ 104.705635, 25.01223 ], [ 104.704987, 25.013318 ], [ 104.703953, 25.016057 ], [ 104.703045, 25.018791 ], [ 104.702969, 25.020543 ], [ 104.703038, 25.02291 ], [ 104.702599, 25.027213 ], [ 104.70208, 25.028465 ], [ 104.700039, 25.031109 ], [ 104.699265, 25.032259 ], [ 104.698445, 25.034026 ], [ 104.698284, 25.035152 ], [ 104.698654, 25.037238 ], [ 104.698753, 25.038532 ], [ 104.698752246000083, 25.038537348000034 ], [ 104.698601, 25.03961 ], [ 104.697651, 25.041641 ], [ 104.69717, 25.04216 ], [ 104.695664, 25.043945 ], [ 104.688317, 25.050149 ], [ 104.686573, 25.052166 ], [ 104.685684, 25.053716 ], [ 104.683357, 25.055656 ], [ 104.681339, 25.056887 ], [ 104.678452, 25.058139 ], [ 104.677414, 25.058838 ], [ 104.675919, 25.059634 ], [ 104.674648, 25.060084 ], [ 104.673496, 25.060789 ], [ 104.670902392000073, 25.061360999000044 ], [ 104.669682918000035, 25.061509715000057 ], [ 104.666708592000077, 25.061985607000054 ], [ 104.663496320000036, 25.061539459000073 ], [ 104.658142532000056, 25.060706647000075 ], [ 104.655197949000069, 25.061212283000032 ], [ 104.650825690000033, 25.061420485000042 ], [ 104.646661633000065, 25.059903579000036 ], [ 104.640921183000046, 25.057405145000075 ], [ 104.635775599000056, 25.057256429000063 ], [ 104.629856690000054, 25.057226685000046 ], [ 104.625781863000043, 25.058773335000069 ], [ 104.622748050000041, 25.060290241000075 ], [ 104.619268088000069, 25.060766134000062 ], [ 104.618583993000072, 25.061450229000059 ], [ 104.620784995000065, 25.063472771000079 ], [ 104.62625775500004, 25.063591744000064 ], [ 104.634020746000033, 25.063264568000022 ], [ 104.639166331000069, 25.063383541000064 ], [ 104.64389551000005, 25.063859433000061 ], [ 104.649368270000082, 25.064989677000028 ], [ 104.655138463000071, 25.066149664000022 ], [ 104.662960941000051, 25.068082976000028 ], [ 104.667898323000088, 25.07004603200005 ], [ 104.67179469000007, 25.072306520000041 ], [ 104.673698259000048, 25.074477778000073 ], [ 104.674622, 25.076521 ], [ 104.676922, 25.076928 ], [ 104.67984, 25.077849 ], [ 104.68121, 25.078369 ], [ 104.684048, 25.079175 ], [ 104.683415, 25.081298 ], [ 104.683205, 25.083379 ], [ 104.683167, 25.083788 ], [ 104.683297, 25.086369 ], [ 104.683354, 25.087567 ], [ 104.684322, 25.093635 ], [ 104.684494, 25.097083 ], [ 104.685188, 25.09989 ], [ 104.686177, 25.101083 ], [ 104.686944, 25.101747 ], [ 104.689251, 25.104008 ], [ 104.690415, 25.105453 ], [ 104.691006, 25.10651 ], [ 104.691807, 25.108413 ], [ 104.692117, 25.112927 ], [ 104.69252, 25.115737 ], [ 104.693341, 25.118316 ], [ 104.694733, 25.121151 ], [ 104.695039, 25.122341 ], [ 104.6951, 25.122738 ], [ 104.695107, 25.123529 ], [ 104.693929, 25.125675 ], [ 104.694173, 25.126295 ], [ 104.694833, 25.126761 ], [ 104.695767, 25.127303 ], [ 104.696469, 25.127852 ], [ 104.696473322000088, 25.127856063000024 ], [ 104.697838, 25.129139 ], [ 104.699821, 25.130901 ], [ 104.700912, 25.13229 ], [ 104.701427, 25.132842 ], [ 104.702, 25.133338 ], [ 104.70245, 25.133778 ], [ 104.703972, 25.134703 ], [ 104.705933, 25.135957 ], [ 104.708019, 25.137208 ], [ 104.709927, 25.138518 ], [ 104.7113, 25.139832 ], [ 104.711381, 25.14028 ], [ 104.71164, 25.140729 ], [ 104.712304, 25.142184 ], [ 104.713826, 25.143053 ], [ 104.715836, 25.143966 ], [ 104.716095, 25.144358 ], [ 104.716572, 25.145589 ], [ 104.71674, 25.147107 ], [ 104.716221, 25.148475 ], [ 104.716137, 25.149778 ], [ 104.716191, 25.151639 ], [ 104.715973, 25.15311 ], [ 104.716129, 25.154008 ], [ 104.716923, 25.155854 ], [ 104.718025, 25.157411 ], [ 104.719319, 25.158959 ], [ 104.720845, 25.160117 ], [ 104.721741, 25.160885 ], [ 104.722866, 25.161908 ], [ 104.723309, 25.162348 ], [ 104.723827, 25.163126 ], [ 104.724224, 25.163798 ], [ 104.724762, 25.165308 ], [ 104.725411, 25.166672 ], [ 104.725609, 25.167086 ], [ 104.725998, 25.167641 ], [ 104.726574, 25.16819 ], [ 104.727909, 25.169235 ], [ 104.72815, 25.169594 ], [ 104.728169, 25.169622 ], [ 104.730156, 25.17173 ], [ 104.731259, 25.173287 ], [ 104.731716, 25.174065 ], [ 104.731804, 25.174642 ], [ 104.731942, 25.175558 ], [ 104.732319, 25.177719 ], [ 104.73235, 25.178739 ], [ 104.732258, 25.1797 ], [ 104.732308, 25.183428 ], [ 104.732574, 25.185848 ], [ 104.732475, 25.186529 ], [ 104.732121, 25.187325 ], [ 104.731846, 25.188518 ], [ 104.730465, 25.190642 ], [ 104.726696, 25.193556 ], [ 104.725525, 25.194199 ], [ 104.724243, 25.194741 ], [ 104.722943, 25.195168 ], [ 104.722202, 25.195486 ], [ 104.722256, 25.197937 ], [ 104.722195, 25.198613 ], [ 104.722197311000059, 25.198614993000035 ], [ 104.72369, 25.199902 ], [ 104.725495, 25.201771 ], [ 104.726544, 25.203519 ], [ 104.727406, 25.205218 ], [ 104.728463, 25.206637 ], [ 104.729515, 25.207881 ], [ 104.730633, 25.208336 ], [ 104.733340920000046, 25.209127367000065 ], [ 104.73483998100005, 25.212625175000028 ], [ 104.736838728000066, 25.214695306000067 ], [ 104.740051, 25.215337760000068 ], [ 104.742035, 25.214967 ], [ 104.743523, 25.216153 ], [ 104.744953, 25.217005 ], [ 104.746372, 25.217572 ], [ 104.747513, 25.217783 ], [ 104.748208, 25.217912 ], [ 104.749207, 25.217744 ], [ 104.749997, 25.217477 ], [ 104.751195, 25.217073 ], [ 104.753438, 25.215722 ], [ 104.756874, 25.212563 ], [ 104.761205, 25.210146 ], [ 104.762951, 25.209132 ], [ 104.764698, 25.207327 ], [ 104.765255, 25.206482 ], [ 104.766194, 25.205297 ], [ 104.766941, 25.204 ], [ 104.770368, 25.198814 ], [ 104.771489, 25.197064 ], [ 104.772473, 25.194925 ], [ 104.773632, 25.192109 ], [ 104.774853, 25.189307 ], [ 104.775578, 25.188387 ], [ 104.776554, 25.187799 ], [ 104.777535, 25.187522 ], [ 104.777661, 25.187486 ], [ 104.778881, 25.186779 ], [ 104.781811, 25.1849 ], [ 104.78352, 25.183668 ], [ 104.785084, 25.182168 ], [ 104.786404, 25.180497 ], [ 104.787487, 25.179284 ], [ 104.788861, 25.177496 ], [ 104.789688, 25.176059 ], [ 104.791245, 25.174215 ], [ 104.794506, 25.1708 ], [ 104.79541, 25.170042 ], [ 104.795884, 25.169587 ], [ 104.798184, 25.167393 ], [ 104.799141, 25.166655 ], [ 104.799469, 25.166403 ], [ 104.801473, 25.165165 ], [ 104.802255, 25.16458 ], [ 104.803077158000065, 25.163782154000046 ], [ 104.803724371000044, 25.163563244000045 ], [ 104.804333513000074, 25.163439512000025 ], [ 104.807388741000068, 25.163165398000046 ], [ 104.809747, 25.163937 ], [ 104.81152, 25.162334 ], [ 104.812794, 25.159142 ], [ 104.815098195000076, 25.157811611000056 ], [ 104.817168326000058, 25.16052419600004 ], [ 104.817953548000048, 25.162023257000044 ], [ 104.815740649000077, 25.165164145000062 ], [ 104.813313599000082, 25.167448428000057 ], [ 104.812842466000063, 25.168750469000031 ], [ 104.817468138000038, 25.169207325000059 ], [ 104.820494812000049, 25.169435754000062 ], [ 104.82180827500008, 25.172005572000046 ], [ 104.821751168000048, 25.173604569000076 ], [ 104.821065883000074, 25.174746711000068 ], [ 104.819775, 25.175284 ], [ 104.81881, 25.176266 ], [ 104.817299, 25.177608 ], [ 104.815182, 25.17919 ], [ 104.813855, 25.180525 ], [ 104.811734, 25.182389 ], [ 104.809968, 25.184495 ], [ 104.8079, 25.187216 ], [ 104.807004, 25.188841 ], [ 104.806378, 25.190932 ], [ 104.806127, 25.193246 ], [ 104.806806, 25.194658 ], [ 104.80829, 25.196463 ], [ 104.813389, 25.201298 ], [ 104.813519, 25.20158 ], [ 104.812462, 25.202877 ], [ 104.811585, 25.203607 ], [ 104.810524, 25.205245 ], [ 104.809449, 25.207534 ], [ 104.808747, 25.20979 ], [ 104.806691, 25.215608 ], [ 104.805753, 25.218714 ], [ 104.804936, 25.224649 ], [ 104.804688, 25.226963 ], [ 104.804673, 25.229165 ], [ 104.805287, 25.231143 ], [ 104.806584, 25.233575 ], [ 104.807637, 25.234646 ], [ 104.809003, 25.235211 ], [ 104.809434, 25.23531 ], [ 104.811005, 25.235693 ], [ 104.813553, 25.236428 ], [ 104.815777, 25.237216 ], [ 104.818695, 25.237842 ], [ 104.821425746000045, 25.238123974000075 ], [ 104.821426, 25.238124 ], [ 104.823979, 25.238768 ], [ 104.825223, 25.239615 ], [ 104.826215, 25.241085 ], [ 104.826257, 25.241842 ], [ 104.825787, 25.242412 ], [ 104.82549, 25.242872 ], [ 104.824788, 25.244416 ], [ 104.824048, 25.246468 ], [ 104.823109, 25.248418 ], [ 104.822541, 25.250005 ], [ 104.822296, 25.250614 ], [ 104.820858, 25.252971 ], [ 104.82058, 25.253429 ], [ 104.819588, 25.255655 ], [ 104.81974, 25.256537 ], [ 104.819965490000072, 25.257842594000067 ], [ 104.817467056000055, 25.259591498000077 ], [ 104.816467682000052, 25.261625937000076 ], [ 104.815646768000079, 25.26419575500006 ], [ 104.811577890000081, 25.265587740000058 ], [ 104.807259168000087, 25.266123119000042 ], [ 104.805081961000042, 25.266158811000025 ], [ 104.801491, 25.265753 ], [ 104.79937125500004, 25.26323207400003 ], [ 104.797693735000053, 25.260733640000069 ], [ 104.796730053000033, 25.258734892000064 ], [ 104.794909765000057, 25.256272150000029 ], [ 104.792554099000085, 25.25520139300005 ], [ 104.791233498000054, 25.254059251000058 ], [ 104.789306135000061, 25.255415544000073 ], [ 104.788770756000076, 25.256843221000054 ], [ 104.788036097000088, 25.259207810000078 ], [ 104.786489448000054, 25.261884704000067 ], [ 104.784050500000035, 25.264264165000043 ], [ 104.781983, 25.266728 ], [ 104.780861, 25.268701 ], [ 104.778809, 25.271071 ], [ 104.777353309000034, 25.273104110000077 ], [ 104.777085620000037, 25.275007679000055 ], [ 104.775092821000044, 25.275543058000039 ], [ 104.768460073000085, 25.275751261000039 ], [ 104.766497018000052, 25.277178937000031 ], [ 104.763790381000035, 25.278933790000053 ], [ 104.759834527000066, 25.279707115000065 ], [ 104.757574039000076, 25.278071235000027 ], [ 104.756711485000039, 25.278606614000068 ], [ 104.755194578000044, 25.27982608800005 ], [ 104.753261266000038, 25.278963533000024 ], [ 104.753945361000035, 25.277476370000045 ], [ 104.753865649000033, 25.274674555000047 ], [ 104.753503971000043, 25.272028594000062 ], [ 104.755083933000037, 25.270791274000032 ], [ 104.758129644000064, 25.269401669000047 ], [ 104.76012839100008, 25.267973992000066 ], [ 104.759405035000043, 25.267288708000024 ], [ 104.757273038000051, 25.267764600000078 ], [ 104.755407540000078, 25.268906741000023 ], [ 104.754132149000043, 25.269135169000037 ], [ 104.753722882000034, 25.267590106000057 ], [ 104.753365963000078, 25.265627051000024 ], [ 104.750927015000059, 25.265924483000049 ], [ 104.747179364000033, 25.265746024000066 ], [ 104.744264524000073, 25.265508078000039 ], [ 104.743907605000061, 25.266995241000075 ], [ 104.743193767000037, 25.268482404000054 ], [ 104.739267656000038, 25.268720350000024 ], [ 104.73534154500004, 25.270088540000074 ], [ 104.733378490000064, 25.271278271000028 ], [ 104.73224824600004, 25.273300812000059 ], [ 104.72915494700004, 25.273836191000044 ], [ 104.72689445900005, 25.275263868000025 ], [ 104.726478053000051, 25.27758384200007 ], [ 104.724871917000087, 25.279189978000034 ], [ 104.718744805000085, 25.281034061000071 ], [ 104.714640235000047, 25.282461737000062 ], [ 104.710892584000078, 25.284484279000026 ], [ 104.706490581000082, 25.283948900000041 ], [ 104.70678801300005, 25.28722065900007 ], [ 104.70744, 25.290887 ], [ 104.708215690000088, 25.293526231000044 ], [ 104.705538796000042, 25.29525134000005 ], [ 104.705062904000044, 25.298523099000079 ], [ 104.702623957000071, 25.298880018000034 ], [ 104.699773, 25.299304 ], [ 104.697777, 25.297092 ], [ 104.695664033000071, 25.298106693000022 ], [ 104.693593, 25.299366 ], [ 104.692132, 25.300584 ], [ 104.690369732000079, 25.300307695000072 ], [ 104.687514379000049, 25.298880018000034 ], [ 104.683171863000041, 25.297690288000069 ], [ 104.679077, 25.296916 ], [ 104.675676561000046, 25.295548773000064 ], [ 104.671988396000074, 25.295846205000032 ], [ 104.667836, 25.296252 ], [ 104.667288961000054, 25.29483493400005 ], [ 104.668835610000087, 25.29322879800003 ], [ 104.669549449000044, 25.291027797000027 ], [ 104.666039744000045, 25.287696551000067 ], [ 104.662767985000073, 25.284424793000028 ], [ 104.660150578000071, 25.285495550000064 ], [ 104.657533171000068, 25.287934498000027 ], [ 104.654975250000064, 25.290908824000041 ], [ 104.651353, 25.292858 ], [ 104.649358, 25.294147 ], [ 104.646409, 25.295114 ], [ 104.642915, 25.296395 ], [ 104.640351, 25.297451 ], [ 104.63886, 25.297896 ], [ 104.637799, 25.29868 ], [ 104.637353, 25.299753 ], [ 104.637353, 25.30105 ], [ 104.637914, 25.302016 ], [ 104.639214, 25.302698 ], [ 104.641133, 25.303552 ], [ 104.642998, 25.30418 ], [ 104.64729, 25.305502 ], [ 104.648941, 25.306229 ], [ 104.650433, 25.30714 ], [ 104.650681, 25.308042 ], [ 104.650288, 25.309843 ], [ 104.649724, 25.311647 ], [ 104.649159, 25.313282 ], [ 104.648652, 25.314464 ], [ 104.647138, 25.315612 ], [ 104.645455, 25.31713 ], [ 104.643948, 25.31876 ], [ 104.644577856000069, 25.324566751000077 ], [ 104.645377355000051, 25.326337070000022 ], [ 104.645777104000047, 25.331134063000036 ], [ 104.644178106000084, 25.334217845000069 ], [ 104.643492822000042, 25.337130305000073 ], [ 104.645263141000044, 25.339357480000047 ], [ 104.645320248000075, 25.342726797000068 ], [ 104.643264393000038, 25.349122788000045 ], [ 104.641893824000078, 25.352891855000053 ], [ 104.641473, 25.356818 ], [ 104.642807537000067, 25.359173632000079 ], [ 104.63938111300007, 25.362885591000065 ], [ 104.634184370000071, 25.36688308500004 ], [ 104.630375, 25.36907 ], [ 104.628937, 25.368821 ], [ 104.627323, 25.369083 ], [ 104.625458, 25.369294 ], [ 104.625019, 25.369355 ], [ 104.623478, 25.369564 ], [ 104.622818, 25.369538 ], [ 104.622746, 25.369533 ], [ 104.619358, 25.368876 ], [ 104.618362, 25.368787 ], [ 104.613258, 25.368678 ], [ 104.613003, 25.368828 ], [ 104.611694, 25.370064 ], [ 104.605759, 25.374326 ], [ 104.604324, 25.375053 ], [ 104.602768, 25.376065 ], [ 104.600208, 25.377584 ], [ 104.598264, 25.378811 ], [ 104.597546, 25.379548 ], [ 104.596627, 25.380255 ], [ 104.596625089000042, 25.380261070000074 ], [ 104.596299, 25.381297 ], [ 104.590027, 25.386594 ], [ 104.589379, 25.386924 ], [ 104.589104, 25.38726 ], [ 104.589131, 25.387891 ], [ 104.589779, 25.38832 ], [ 104.590771, 25.389111 ], [ 104.591389, 25.390075 ], [ 104.590828, 25.390886 ], [ 104.589981, 25.391873 ], [ 104.579655, 25.397821 ], [ 104.578037, 25.398269 ], [ 104.576794, 25.398943 ], [ 104.57542, 25.400522 ], [ 104.575222, 25.402495 ], [ 104.574284, 25.404133 ], [ 104.572217, 25.405006 ], [ 104.57029, 25.405454 ], [ 104.56749, 25.405843 ], [ 104.565629, 25.405952 ], [ 104.564702, 25.405724 ], [ 104.563771, 25.404933 ], [ 104.560494, 25.400346 ], [ 104.559548, 25.399085 ], [ 104.558686, 25.397842 ], [ 104.557816, 25.397163 ], [ 104.556393, 25.397328 ], [ 104.55515, 25.397158 ], [ 104.553536, 25.39727 ], [ 104.552414, 25.397661 ], [ 104.550984, 25.39845 ], [ 104.541127, 25.403831 ], [ 104.539826, 25.404454 ], [ 104.538384, 25.405751 ], [ 104.537259, 25.407554 ], [ 104.536755, 25.409021 ], [ 104.536504, 25.411053 ], [ 104.536687, 25.413144 ], [ 104.537358, 25.414611 ], [ 104.538167, 25.415178 ], [ 104.539269, 25.416077 ], [ 104.539654, 25.416647 ], [ 104.540562, 25.418 ], [ 104.541268, 25.419686 ], [ 104.541485, 25.420202 ], [ 104.542096, 25.422526 ], [ 104.54221, 25.42501 ], [ 104.542508, 25.428503 ], [ 104.542867, 25.431554 ], [ 104.543099, 25.434148 ], [ 104.543023, 25.436414 ], [ 104.543114, 25.442679 ], [ 104.543412, 25.445901 ], [ 104.543534, 25.447926 ], [ 104.543217, 25.449849 ], [ 104.542905, 25.451316 ], [ 104.542142, 25.453575 ], [ 104.541447, 25.456059 ], [ 104.540993, 25.459392 ], [ 104.540734, 25.461821 ], [ 104.54097, 25.464641 ], [ 104.541467, 25.467018 ], [ 104.542203, 25.46832 ], [ 104.543439, 25.4699 ], [ 104.54461, 25.470579 ], [ 104.545792, 25.471652 ], [ 104.547208, 25.473128 ], [ 104.548398, 25.475015 ], [ 104.549073, 25.476879 ], [ 104.549111, 25.479189 ], [ 104.549103, 25.481618 ], [ 104.54884, 25.485231 ], [ 104.549011, 25.488448 ], [ 104.549805, 25.492965 ], [ 104.549807130000033, 25.492971754000052 ], [ 104.55066, 25.495676 ], [ 104.551392, 25.498736 ], [ 104.551644, 25.499985 ], [ 104.551697, 25.500262 ], [ 104.552113, 25.503072 ], [ 104.55241, 25.505115 ], [ 104.553272, 25.50675 ], [ 104.5537, 25.508897 ], [ 104.553922900000032, 25.510573087000068 ], [ 104.554094221000071, 25.512286299000039 ], [ 104.553865793000057, 25.515198759000043 ], [ 104.552894973000036, 25.517197507000049 ], [ 104.551867046000041, 25.518510969000033 ], [ 104.551484, 25.520353 ], [ 104.552552331000072, 25.522222928000076 ], [ 104.553294723000079, 25.525078281000049 ], [ 104.553637365000043, 25.528961562000063 ], [ 104.549639870000078, 25.531931129000043 ], [ 104.546042125000042, 25.533758555000077 ], [ 104.543757843000037, 25.532216664000032 ], [ 104.545242626000061, 25.529361311000059 ], [ 104.542958344000056, 25.527362564000043 ], [ 104.544214699000065, 25.524621425000078 ], [ 104.547526909000055, 25.51925336100004 ], [ 104.548497729000076, 25.515884044000074 ], [ 104.545813697000085, 25.514913224000054 ], [ 104.542044631000067, 25.518282541000076 ], [ 104.539132171000062, 25.521195001000024 ], [ 104.536505246000047, 25.521137894000049 ], [ 104.53639103200004, 25.523079534000033 ], [ 104.534449391000066, 25.524507211000071 ], [ 104.532165109000061, 25.526620172000037 ], [ 104.531594038000037, 25.524735639000028 ], [ 104.529953, 25.522916 ], [ 104.524912512000071, 25.525649352000073 ], [ 104.522171373000049, 25.528961562000063 ], [ 104.518315, 25.528145 ], [ 104.516613, 25.527 ], [ 104.513695, 25.524711 ], [ 104.512737, 25.523661 ], [ 104.511963, 25.522666 ], [ 104.51117, 25.521113 ], [ 104.510697, 25.519712 ], [ 104.509808, 25.517833 ], [ 104.508728, 25.516961 ], [ 104.507843, 25.516533 ], [ 104.507523, 25.516088 ], [ 104.507275, 25.515814 ], [ 104.506688, 25.514808 ], [ 104.506085, 25.513526 ], [ 104.505509, 25.512585 ], [ 104.503544, 25.511283 ], [ 104.501416, 25.510551 ], [ 104.499993, 25.510357 ], [ 104.498986, 25.51022 ], [ 104.497658, 25.510145 ], [ 104.497101, 25.510124 ], [ 104.495106, 25.508636 ], [ 104.493759, 25.507135 ], [ 104.492935, 25.506367 ], [ 104.492222, 25.505258 ], [ 104.491581, 25.504595 ], [ 104.490257, 25.503781 ], [ 104.488472, 25.502908 ], [ 104.488182, 25.502766 ], [ 104.486607, 25.501901 ], [ 104.485214, 25.500749 ], [ 104.484192, 25.49997 ], [ 104.483593, 25.499513 ], [ 104.481743, 25.497867 ], [ 104.48124, 25.497653 ], [ 104.479428, 25.497303 ], [ 104.477444, 25.497356 ], [ 104.47509, 25.497582 ], [ 104.47292, 25.497699 ], [ 104.470158, 25.497337 ], [ 104.468544, 25.497546 ], [ 104.465821, 25.497673 ], [ 104.464089, 25.498225 ], [ 104.462109, 25.498443 ], [ 104.458363, 25.498507 ], [ 104.456482, 25.498105 ], [ 104.456139, 25.497924 ], [ 104.453056, 25.498156 ], [ 104.451256, 25.499989 ], [ 104.451088, 25.500155 ], [ 104.450188, 25.499992 ], [ 104.448643, 25.499709 ], [ 104.446927, 25.497248 ], [ 104.44561, 25.489801 ], [ 104.445267, 25.487228 ], [ 104.446019, 25.483453 ], [ 104.44652545200006, 25.479816174000064 ], [ 104.443670099000087, 25.477646106000066 ], [ 104.440529210000079, 25.475190502000032 ], [ 104.436131966000062, 25.474790752000047 ], [ 104.433390827000039, 25.475533144000053 ], [ 104.433847684000057, 25.477417677000062 ], [ 104.434818504000077, 25.480158817000074 ], [ 104.433162399000082, 25.481129637000038 ], [ 104.431277866000073, 25.48289995600004 ], [ 104.431053, 25.486979 ], [ 104.429850189000035, 25.490209660000062 ], [ 104.427106, 25.491429 ], [ 104.418999847000066, 25.496400066000035 ], [ 104.417286635000039, 25.498327429000028 ], [ 104.416487136000057, 25.499860754000053 ], [ 104.416264, 25.502081 ], [ 104.416268019000086, 25.502083065000079 ], [ 104.417857706000063, 25.503915355000061 ], [ 104.420570291000047, 25.506179650000036 ], [ 104.426852068000073, 25.507393175000061 ], [ 104.429722, 25.509227 ], [ 104.43199170400004, 25.513318033000076 ], [ 104.431889, 25.518137 ], [ 104.433758, 25.523216 ], [ 104.433521, 25.524759 ], [ 104.432575, 25.527524 ], [ 104.431812, 25.530118 ], [ 104.431553, 25.532488 ], [ 104.432285, 25.534132 ], [ 104.43327, 25.536167 ], [ 104.433758, 25.53786 ], [ 104.433941, 25.539442 ], [ 104.433423, 25.54102 ], [ 104.430482, 25.545529 ], [ 104.430031, 25.547176 ], [ 104.430154, 25.548478 ], [ 104.43052, 25.549717 ], [ 104.43113, 25.551413 ], [ 104.431675, 25.554124 ], [ 104.43185, 25.557 ], [ 104.431843, 25.558244 ], [ 104.430466, 25.559536 ], [ 104.428467, 25.560887 ], [ 104.427155, 25.562184 ], [ 104.423908, 25.564267 ], [ 104.422016, 25.565326 ], [ 104.420765, 25.566565 ], [ 104.420948, 25.567409 ], [ 104.421124, 25.568935 ], [ 104.421681, 25.570519 ], [ 104.422673, 25.572004 ], [ 104.424535, 25.573814 ], [ 104.426266, 25.57534 ], [ 104.426633, 25.576246 ], [ 104.426625, 25.577433 ], [ 104.425999, 25.578842 ], [ 104.424618, 25.580475 ], [ 104.422673, 25.582616 ], [ 104.42207, 25.583321 ], [ 104.421216, 25.584352 ], [ 104.420484, 25.586129 ], [ 104.420335, 25.586496 ], [ 104.419335, 25.587454 ], [ 104.419331326000076, 25.587455089000059 ], [ 104.418023, 25.587843 ], [ 104.416853859000071, 25.58879160500004 ], [ 104.414712344000066, 25.589362676000064 ], [ 104.412642213000083, 25.590076514000032 ], [ 104.40907302100004, 25.589862362000076 ], [ 104.406360436000057, 25.591646958000069 ], [ 104.404789991000087, 25.595287533000032 ], [ 104.403148163000083, 25.59857119000003 ], [ 104.400792497000054, 25.599570563000043 ], [ 104.39758022400008, 25.598713957000029 ], [ 104.393536, 25.596826 ], [ 104.390584609000086, 25.596572442000024 ], [ 104.387657872000034, 25.59685797800006 ], [ 104.384633, 25.595949 ], [ 104.383706, 25.593915 ], [ 104.382409, 25.591992 ], [ 104.380742, 25.589954 ], [ 104.379437, 25.588764 ], [ 104.378312, 25.588309 ], [ 104.37768198200007, 25.588588161000075 ], [ 104.377182295000068, 25.589016464000053 ], [ 104.376075846000049, 25.590015838000056 ], [ 104.375433391000058, 25.590515524000068 ], [ 104.374262696000073, 25.590486971000075 ], [ 104.372899265000058, 25.588873696000064 ], [ 104.37214973500005, 25.587838631000068 ], [ 104.371221745000071, 25.587017717000037 ], [ 104.370815, 25.585991 ], [ 104.369758377000039, 25.583519909000074 ], [ 104.36868761900007, 25.582770379000067 ], [ 104.367616862000034, 25.581771005000064 ], [ 104.366173, 25.580376 ], [ 104.365368271000079, 25.580022101000054 ], [ 104.364563, 25.579356 ], [ 104.363499, 25.579295 ], [ 104.362812, 25.580081 ], [ 104.363048297000034, 25.583055914000056 ], [ 104.363526568000054, 25.584490729000038 ], [ 104.364097639000079, 25.585461549000058 ], [ 104.365296887000056, 25.586889226000039 ], [ 104.365696637000042, 25.588659545000041 ], [ 104.365677, 25.590482 ], [ 104.365479, 25.591609 ], [ 104.365906, 25.593076 ], [ 104.366902, 25.594778 ], [ 104.367199, 25.596471 ], [ 104.366627, 25.597492 ], [ 104.365303, 25.59867 ], [ 104.363682, 25.599341 ], [ 104.36224, 25.600068 ], [ 104.361527821000038, 25.601451527000052 ], [ 104.363526568000054, 25.602251026000033 ], [ 104.365296887000056, 25.603393167000036 ], [ 104.365068459000042, 25.605163486000038 ], [ 104.363069712000083, 25.60630562800003 ], [ 104.359757502000036, 25.605905878000044 ], [ 104.357016363000071, 25.604877951000049 ], [ 104.355343, 25.603114 ], [ 104.35434, 25.602941 ], [ 104.353161, 25.602147 ], [ 104.351662, 25.601691 ], [ 104.350662, 25.601745 ], [ 104.348545, 25.602131 ], [ 104.346692, 25.603055 ], [ 104.344281488000036, 25.606020092000051 ], [ 104.342625383000041, 25.608704124000042 ], [ 104.340512421000085, 25.609275195000066 ], [ 104.341197706000059, 25.605620343000055 ], [ 104.34091217100007, 25.603336060000061 ], [ 104.337838, 25.601096 ], [ 104.335715428000071, 25.601851277000037 ], [ 104.334459073000062, 25.604535309000028 ], [ 104.333602467000048, 25.607162234000043 ], [ 104.332346111000049, 25.608818338000049 ], [ 104.331375291000086, 25.610759979000079 ], [ 104.33006, 25.613168 ], [ 104.330052, 25.614688 ], [ 104.329529, 25.61684 ], [ 104.328835, 25.618531 ], [ 104.328291510000042, 25.619840002000046 ], [ 104.327320690000079, 25.621895856000037 ], [ 104.326292762000037, 25.624579888000028 ], [ 104.324294015000078, 25.626807064000047 ], [ 104.321438662000048, 25.628463169000042 ], [ 104.317998, 25.627985 ], [ 104.31548, 25.630483 ], [ 104.315358, 25.630605 ], [ 104.315167, 25.630793 ], [ 104.314928457000065, 25.632289342000036 ], [ 104.313957637000044, 25.633945447000031 ], [ 104.313813, 25.636774 ], [ 104.31506, 25.637459 ], [ 104.316804, 25.63831 ], [ 104.321103, 25.64211 ], [ 104.322525, 25.643638 ], [ 104.322457, 25.645047 ], [ 104.321881, 25.646347 ], [ 104.320306, 25.647139 ], [ 104.31812, 25.646906 ], [ 104.317055, 25.647353 ], [ 104.307439, 25.659469 ], [ 104.306737, 25.661269 ], [ 104.306348, 25.663525 ], [ 104.306592, 25.664201 ], [ 104.307275, 25.665163 ], [ 104.308579, 25.665903 ], [ 104.311703, 25.672834 ], [ 104.311696, 25.673793 ], [ 104.31231, 25.674981 ], [ 104.313241, 25.67628 ], [ 104.314343, 25.678212 ], [ 104.314831, 25.679794 ], [ 104.314946, 25.681258 ], [ 104.314999, 25.68329 ], [ 104.314305, 25.685041 ], [ 104.314107, 25.686905 ], [ 104.314534, 25.687922 ], [ 104.314892, 25.69068 ], [ 104.315636, 25.692153 ], [ 104.316685, 25.69362 ], [ 104.317303, 25.695314 ], [ 104.317601, 25.69741 ], [ 104.317891, 25.700007 ], [ 104.318566, 25.702153 ], [ 104.320119, 25.704358 ], [ 104.320607, 25.705545 ], [ 104.32047, 25.70718 ], [ 104.320462, 25.708928 ], [ 104.320874, 25.710735 ], [ 104.320797, 25.712653 ], [ 104.320538, 25.714456 ], [ 104.319852, 25.71627 ], [ 104.318589, 25.71818 ], [ 104.318078, 25.719924 ], [ 104.318009, 25.72083 ], [ 104.318932, 25.722575 ], [ 104.320111, 25.724104 ], [ 104.320916, 25.725627 ], [ 104.321587, 25.727097 ], [ 104.321831, 25.728232 ], [ 104.32145, 25.729303 ], [ 104.320695, 25.730933 ], [ 104.319676, 25.73268 ], [ 104.31973, 25.734033 ], [ 104.320096, 25.73567 ], [ 104.322995, 25.737809 ], [ 104.324364, 25.738997 ], [ 104.32536, 25.740073 ], [ 104.325345, 25.742441 ], [ 104.324769, 25.744015 ], [ 104.324074, 25.745366 ], [ 104.323426, 25.747232 ], [ 104.322713, 25.749879 ], [ 104.322728, 25.750044 ], [ 104.32243, 25.751977 ], [ 104.322430182000062, 25.751987031000056 ], [ 104.322449, 25.753025 ], [ 104.322476, 25.754352 ], [ 104.322865, 25.755917 ], [ 104.324544, 25.759933 ], [ 104.325276, 25.762077 ], [ 104.326211, 25.763211 ], [ 104.326114848000088, 25.765487808000046 ], [ 104.327245092000055, 25.767391377000024 ], [ 104.328756050000038, 25.767974345000027 ], [ 104.330897564000054, 25.766261133000057 ], [ 104.333039079000059, 25.764262386000041 ], [ 104.334609524000086, 25.761407033000069 ], [ 104.335799254000051, 25.758979982000028 ], [ 104.337512466000078, 25.757409538000047 ], [ 104.33865460700008, 25.756029451000074 ], [ 104.339606392000064, 25.755030077000072 ], [ 104.341317, 25.75356 ], [ 104.342374, 25.752979 ], [ 104.343617, 25.7523 ], [ 104.345231, 25.751158 ], [ 104.347256, 25.750044 ], [ 104.347409, 25.74996 ], [ 104.348802, 25.749076 ], [ 104.350362, 25.748784 ], [ 104.350846, 25.748662 ], [ 104.349767, 25.744502 ], [ 104.349637, 25.74287 ], [ 104.350499, 25.741623 ], [ 104.351617, 25.740769 ], [ 104.353482, 25.739457 ], [ 104.355782, 25.738422 ], [ 104.357343, 25.737791 ], [ 104.358773, 25.736992 ], [ 104.360477, 25.73582 ], [ 104.362396, 25.734507 ], [ 104.363148, 25.733488 ], [ 104.365158, 25.733496 ], [ 104.366726, 25.733336 ], [ 104.368534, 25.733567 ], [ 104.370777, 25.734479 ], [ 104.371077271000047, 25.734882214000038 ], [ 104.37183, 25.735893 ], [ 104.372612, 25.736661 ], [ 104.373353, 25.737398 ], [ 104.374589, 25.738983 ], [ 104.375016, 25.739336 ], [ 104.376019, 25.740175 ], [ 104.378197, 25.741882 ], [ 104.379811, 25.74369 ], [ 104.38123, 25.745669 ], [ 104.382226, 25.747314 ], [ 104.383149, 25.748952 ], [ 104.383473, 25.750018 ], [ 104.384308, 25.752792 ], [ 104.384377, 25.752904 ], [ 104.385655, 25.755104 ], [ 104.3867, 25.757927 ], [ 104.386618593000037, 25.76133614400004 ], [ 104.386761360000037, 25.764334265000059 ], [ 104.388474572000064, 25.765904710000029 ], [ 104.39031667200004, 25.766358790000027 ], [ 104.390854033000039, 25.765143282000054 ], [ 104.392696133000072, 25.763860356000066 ], [ 104.395789432000072, 25.763443950000067 ], [ 104.398135184000068, 25.764334265000059 ], [ 104.398406839000074, 25.766120844000056 ], [ 104.397752487000048, 25.771177199000078 ], [ 104.397574028000065, 25.776352526000039 ], [ 104.398287866000032, 25.78021915000005 ], [ 104.400691122000069, 25.782979325000042 ], [ 104.403546475000041, 25.786655592000045 ], [ 104.401190808000081, 25.791973688000041 ], [ 104.399548980000077, 25.796078258000023 ], [ 104.399691748000066, 25.799112071000025 ], [ 104.40173610100004, 25.799227078000058 ], [ 104.404876990000048, 25.798370472000045 ], [ 104.408684128000061, 25.798370472000045 ], [ 104.41034975000008, 25.799369846000047 ], [ 104.411491892000072, 25.801083058000074 ], [ 104.411777427000061, 25.804557071000033 ], [ 104.411063589000037, 25.808697333000055 ], [ 104.414870726000061, 25.811219562000076 ], [ 104.415679743000055, 25.813741790000051 ], [ 104.417773669000042, 25.818500712000059 ], [ 104.420248308000055, 25.820594638000046 ], [ 104.425102409000033, 25.821451244000059 ], [ 104.428052940000043, 25.821879547000037 ], [ 104.42829088600007, 25.823640348000026 ], [ 104.430194455000048, 25.825639095000042 ], [ 104.42681562000007, 25.827542664000077 ], [ 104.427291513000057, 25.829351054000028 ], [ 104.427196334000087, 25.832444354000074 ], [ 104.42681562000007, 25.834014798000055 ], [ 104.425293, 25.836277 ], [ 104.424919, 25.836458 ], [ 104.421689, 25.840894 ], [ 104.421178, 25.845124 ], [ 104.425951579000071, 25.850148039000032 ], [ 104.429235235000078, 25.859285170000078 ], [ 104.430451, 25.863887 ], [ 104.433102, 25.866629 ], [ 104.43433, 25.867794 ], [ 104.437511, 25.870257 ], [ 104.438751, 25.871559 ], [ 104.439484, 25.872126 ], [ 104.439415, 25.873141 ], [ 104.438973, 25.874156 ], [ 104.438027, 25.87528 ], [ 104.436711, 25.876462 ], [ 104.435772, 25.87753 ], [ 104.435139, 25.878715 ], [ 104.434948, 25.880105 ], [ 104.434498, 25.882081 ], [ 104.434174, 25.884392 ], [ 104.434166, 25.885862 ], [ 104.433663, 25.887101 ], [ 104.43367530900008, 25.887838702000067 ], [ 104.433618202000048, 25.888466879000077 ], [ 104.433161346000077, 25.89006587700004 ], [ 104.432704489000059, 25.891836196000042 ], [ 104.432019204000085, 25.895148406000033 ], [ 104.429677815000048, 25.896975832000066 ], [ 104.426194284000076, 25.89794665200003 ], [ 104.423184, 25.896767 ], [ 104.421682826000051, 25.895433941000078 ], [ 104.418346821000057, 25.894561869000029 ], [ 104.415857905000053, 25.895719477000057 ], [ 104.415551, 25.899052 ], [ 104.415353, 25.901138 ], [ 104.415025, 25.902941 ], [ 104.414319, 25.905424 ], [ 104.413495, 25.907624 ], [ 104.41261, 25.910222 ], [ 104.412152, 25.912872 ], [ 104.412327, 25.914901 ], [ 104.412892, 25.916379 ], [ 104.413102, 25.916668 ], [ 104.41438, 25.918418 ], [ 104.415761, 25.919657 ], [ 104.417859, 25.921536 ], [ 104.420159, 25.922569 ], [ 104.422029, 25.923139 ], [ 104.423157, 25.92332 ], [ 104.42553, 25.923442 ], [ 104.427094, 25.923562 ], [ 104.428334, 25.924414 ], [ 104.429257, 25.92611 ], [ 104.429875, 25.92713 ], [ 104.4305, 25.92775 ], [ 104.432788960000039, 25.927610203000029 ], [ 104.434273744000052, 25.928009952000025 ], [ 104.435587206000037, 25.928523916000074 ], [ 104.436981, 25.931276 ], [ 104.436729347000039, 25.933777766000048 ], [ 104.436900669000067, 25.937546832000066 ], [ 104.437528846000077, 25.940687720000028 ], [ 104.441212, 25.940204 ], [ 104.443054, 25.942001 ], [ 104.444149, 25.945907 ], [ 104.444147624000038, 25.945909178000079 ], [ 104.442482, 25.948547 ], [ 104.439835, 25.949925 ], [ 104.439129, 25.951937 ], [ 104.439655, 25.958116 ], [ 104.440876, 25.960887 ], [ 104.44159, 25.962873 ], [ 104.443024, 25.964116 ], [ 104.444142, 25.965024 ], [ 104.444943, 25.966843 ], [ 104.44537, 25.968084 ], [ 104.446301, 25.969498 ], [ 104.448574304000033, 25.970297733000052 ], [ 104.450059088000046, 25.971782517000065 ], [ 104.452057835000062, 25.974352335000049 ], [ 104.453371298000036, 25.97640818900004 ], [ 104.455427152000084, 25.978863793000073 ], [ 104.456740614000068, 25.981205182000053 ], [ 104.457577, 25.984342 ], [ 104.458878, 25.986204 ], [ 104.459679, 25.98773 ], [ 104.460076, 25.989052 ], [ 104.459855, 25.99027 ], [ 104.459099, 25.992864 ], [ 104.45932, 25.998344 ], [ 104.459797, 25.999936 ], [ 104.459908, 25.999969 ], [ 104.462434, 26.000753 ], [ 104.462876, 26.001211 ], [ 104.46325, 26.00236 ], [ 104.463319, 26.003118 ], [ 104.463387, 26.00379 ], [ 104.462998, 26.005342 ], [ 104.463074, 26.006145 ], [ 104.463905, 26.008663 ], [ 104.464467, 26.00969 ], [ 104.465108, 26.010209 ], [ 104.466119, 26.010657 ], [ 104.46769, 26.011972 ], [ 104.468144, 26.012602 ], [ 104.467824, 26.01318 ], [ 104.467263, 26.013864 ], [ 104.466882, 26.014443 ], [ 104.466676, 26.015018 ], [ 104.466317, 26.015412 ], [ 104.465298, 26.016345 ], [ 104.464673, 26.017319 ], [ 104.464036, 26.01812 ], [ 104.463029, 26.021105 ], [ 104.462415, 26.022659 ], [ 104.461972, 26.023921 ], [ 104.461583, 26.025182 ], [ 104.461217, 26.027537 ], [ 104.460664, 26.028576 ], [ 104.460221, 26.030127 ], [ 104.460014, 26.03153 ], [ 104.460014, 26.03261 ], [ 104.459389, 26.034569 ], [ 104.461585197000034, 26.033401039000069 ], [ 104.46358394400005, 26.03321068200006 ], [ 104.466439297000079, 26.033972110000036 ], [ 104.468152509000049, 26.035875678000025 ], [ 104.467771796000079, 26.040158708000035 ], [ 104.469389829000079, 26.044822452000062 ], [ 104.469770543000038, 26.048724768000056 ], [ 104.472340361000079, 26.05129458600004 ], [ 104.472721074000049, 26.053483690000064 ], [ 104.471483755000065, 26.056434222000064 ], [ 104.467581439000071, 26.057386006000058 ], [ 104.464155015000074, 26.057957077000026 ], [ 104.460732, 26.057368 ], [ 104.460168, 26.058396 ], [ 104.460282, 26.059146 ], [ 104.460991, 26.059495 ], [ 104.462636, 26.059365 ], [ 104.46357, 26.05925 ], [ 104.46447, 26.059421 ], [ 104.465229, 26.059647 ], [ 104.465603, 26.059993 ], [ 104.46574, 26.060568 ], [ 104.465862, 26.061481 ], [ 104.466053, 26.06257 ], [ 104.466068, 26.063717 ], [ 104.465885, 26.065324 ], [ 104.46518, 26.066293 ], [ 104.463544, 26.068709 ], [ 104.462338, 26.070034 ], [ 104.459721, 26.071904 ], [ 104.458203, 26.072543 ], [ 104.45633, 26.073522 ], [ 104.45525, 26.074043 ], [ 104.454365, 26.075195 ], [ 104.453984, 26.076106 ], [ 104.453545, 26.07697 ], [ 104.45311, 26.078871 ], [ 104.453125, 26.080071 ], [ 104.453438, 26.081043 ], [ 104.453812, 26.081902 ], [ 104.454254, 26.082759 ], [ 104.454643, 26.083311 ], [ 104.454823, 26.083566 ], [ 104.455968, 26.084485 ], [ 104.457101, 26.085281 ], [ 104.458317, 26.085906 ], [ 104.459206, 26.086478 ], [ 104.459569, 26.08671 ], [ 104.462315, 26.088679 ], [ 104.463147, 26.089539 ], [ 104.465605629000038, 26.090133793000064 ], [ 104.467509198000073, 26.090193279000061 ], [ 104.46863944200004, 26.089241495000067 ], [ 104.469115334000037, 26.087516386000061 ], [ 104.469948146000036, 26.085493844000041 ], [ 104.470602498000062, 26.083411816000023 ], [ 104.472506066000051, 26.082638491000068 ], [ 104.474678, 26.082417 ], [ 104.475735, 26.081499 ], [ 104.477017, 26.080634 ], [ 104.478272, 26.080286 ], [ 104.481041, 26.07936 ], [ 104.482434, 26.079009 ], [ 104.484009, 26.078373 ], [ 104.485439, 26.078108 ], [ 104.486694, 26.077696 ], [ 104.487911, 26.077348 ], [ 104.488468, 26.076544 ], [ 104.489403, 26.075677 ], [ 104.490364, 26.074993 ], [ 104.490803, 26.074472 ], [ 104.492317, 26.074174 ], [ 104.493946, 26.073999 ], [ 104.495438, 26.074072 ], [ 104.496018, 26.073963 ], [ 104.496494, 26.073818 ], [ 104.496975, 26.073729 ], [ 104.497372, 26.073813 ], [ 104.497635, 26.073943 ], [ 104.49852, 26.074402 ], [ 104.499905, 26.074852 ], [ 104.500001, 26.074921 ], [ 104.501237, 26.075818 ], [ 104.501938, 26.076739 ], [ 104.503132, 26.078456 ], [ 104.503685, 26.079372 ], [ 104.504082, 26.080229 ], [ 104.504402, 26.081373 ], [ 104.504608, 26.081622 ], [ 104.505116, 26.082601 ], [ 104.505352, 26.083306 ], [ 104.505589, 26.084026 ], [ 104.506542, 26.085327 ], [ 104.507973, 26.086319 ], [ 104.508717, 26.086619 ], [ 104.509402186000045, 26.086893674000066 ], [ 104.509403, 26.086894 ], [ 104.513397, 26.088192 ], [ 104.515289, 26.089187 ], [ 104.515923, 26.089609 ], [ 104.517517, 26.09133 ], [ 104.521187, 26.096324 ], [ 104.521188014000074, 26.096325537000041 ], [ 104.522137, 26.097763 ], [ 104.523782, 26.100511 ], [ 104.524575, 26.10209 ], [ 104.525056, 26.103225 ], [ 104.52554, 26.105092 ], [ 104.525853, 26.106806 ], [ 104.526043, 26.1104 ], [ 104.526364, 26.111399 ], [ 104.527012, 26.113835 ], [ 104.527169, 26.11469 ], [ 104.527188, 26.116696 ], [ 104.526883, 26.11913 ], [ 104.526417, 26.122146 ], [ 104.526112, 26.123156 ], [ 104.524232, 26.126457 ], [ 104.522809, 26.128044 ], [ 104.519947, 26.130464 ], [ 104.519325, 26.131609 ], [ 104.51902, 26.132621 ], [ 104.518227, 26.134631 ], [ 104.518227, 26.135777 ], [ 104.518082, 26.137067 ], [ 104.517621, 26.139501 ], [ 104.517461, 26.14051 ], [ 104.517017, 26.143953 ], [ 104.51717, 26.145245 ], [ 104.516865, 26.14611 ], [ 104.517041, 26.152133 ], [ 104.517216, 26.154137 ], [ 104.517384, 26.15657 ], [ 104.51756, 26.158719 ], [ 104.517712, 26.159874 ], [ 104.518048, 26.161168 ], [ 104.517925, 26.166646 ], [ 104.517918, 26.16704 ], [ 104.517605, 26.169341 ], [ 104.517605, 26.169621 ], [ 104.517773, 26.170041 ], [ 104.51857, 26.17206 ], [ 104.519524, 26.173344 ], [ 104.521588, 26.17534 ], [ 104.522546, 26.17562 ], [ 104.525582, 26.177367 ], [ 104.52734, 26.178651 ], [ 104.527821, 26.178928 ], [ 104.528451, 26.179788 ], [ 104.528453382000066, 26.179792061000057 ], [ 104.530045, 26.182506 ], [ 104.53069, 26.184076 ], [ 104.531338, 26.186521 ], [ 104.531651, 26.187811 ], [ 104.533409, 26.192386 ], [ 104.534535, 26.194672 ], [ 104.535527, 26.196134 ], [ 104.5379, 26.199852 ], [ 104.538556, 26.201711 ], [ 104.538876, 26.202713 ], [ 104.539036, 26.204292 ], [ 104.538716, 26.205582 ], [ 104.537934, 26.207303 ], [ 104.537163, 26.209317 ], [ 104.536843, 26.21062 ], [ 104.537018, 26.211912 ], [ 104.537651, 26.213191 ], [ 104.538922, 26.215197 ], [ 104.540512, 26.216912 ], [ 104.541626, 26.217616 ], [ 104.543385, 26.217756 ], [ 104.545761, 26.217886 ], [ 104.547337, 26.218601 ], [ 104.548306, 26.219477 ], [ 104.548481, 26.220491 ], [ 104.548962, 26.222493 ], [ 104.549614, 26.224642 ], [ 104.550087, 26.225781 ], [ 104.550583, 26.227505 ], [ 104.550583, 26.228072 ], [ 104.550087, 26.22865 ], [ 104.548512, 26.229235 ], [ 104.546913, 26.230072 ], [ 104.546128, 26.230936 ], [ 104.545647, 26.232083 ], [ 104.545342, 26.233093 ], [ 104.545037, 26.235096 ], [ 104.544869, 26.235963 ], [ 104.544407, 26.237819 ], [ 104.543782, 26.239546 ], [ 104.542836, 26.24128 ], [ 104.541741, 26.244291 ], [ 104.541443, 26.245581 ], [ 104.54113, 26.24875 ], [ 104.541062, 26.249984 ], [ 104.540978, 26.251474 ], [ 104.540837, 26.252621 ], [ 104.540695, 26.253488 ], [ 104.540367, 26.255487 ], [ 104.540360886000087, 26.25549785000004 ], [ 104.540043, 26.256062 ], [ 104.541638, 26.256914 ], [ 104.545151, 26.259628 ], [ 104.546742, 26.261342 ], [ 104.548019, 26.263649 ], [ 104.550285, 26.269248 ], [ 104.551388, 26.271532 ], [ 104.553635, 26.274961 ], [ 104.55571, 26.277105 ], [ 104.557301, 26.278387 ], [ 104.559369, 26.27981 ], [ 104.560807, 26.280695 ], [ 104.564481, 26.282686 ], [ 104.564801, 26.283258 ], [ 104.570687, 26.287828 ], [ 104.571168, 26.287973 ], [ 104.571488, 26.288688 ], [ 104.573739, 26.291141 ], [ 104.577569, 26.294701 ], [ 104.579492, 26.296568 ], [ 104.580124, 26.298003 ], [ 104.580284, 26.298881 ], [ 104.580773, 26.301734 ], [ 104.580612, 26.302301 ], [ 104.580933, 26.303158 ], [ 104.581597, 26.305601 ], [ 104.583207, 26.308465 ], [ 104.585266, 26.310752 ], [ 104.58751, 26.313043 ], [ 104.588624, 26.314764 ], [ 104.589104, 26.315909 ], [ 104.589592, 26.317775 ], [ 104.59008, 26.320357 ], [ 104.591042, 26.320929 ], [ 104.591046429000073, 26.320931008000059 ], [ 104.591984, 26.321356 ], [ 104.593266, 26.321786 ], [ 104.596928, 26.322919 ], [ 104.59964, 26.323639 ], [ 104.602665, 26.324344 ], [ 104.606011, 26.324916 ], [ 104.606972, 26.325056 ], [ 104.609677, 26.32519 ], [ 104.610634, 26.325338 ], [ 104.612061, 26.325768 ], [ 104.61446, 26.326915 ], [ 104.616066, 26.32777 ], [ 104.620843, 26.330768 ], [ 104.622128, 26.331343 ], [ 104.622773, 26.331437 ], [ 104.623059, 26.331476 ], [ 104.624184, 26.331481 ], [ 104.625019, 26.331384 ], [ 104.626736, 26.331184 ], [ 104.627526, 26.330901 ], [ 104.631035, 26.331041 ], [ 104.632321, 26.331184 ], [ 104.635193, 26.331603 ], [ 104.640435, 26.332882 ], [ 104.642525, 26.333363 ], [ 104.644757, 26.333876 ], [ 104.647626, 26.335034 ], [ 104.649194, 26.335867 ], [ 104.65244, 26.33693 ], [ 104.653993, 26.337436 ], [ 104.655896, 26.338301 ], [ 104.655897738000078, 26.338302259000045 ], [ 104.657662, 26.33958 ], [ 104.658147, 26.339873 ], [ 104.659524, 26.343557 ], [ 104.660305, 26.345577 ], [ 104.657242, 26.354502 ], [ 104.657418, 26.356214 ], [ 104.657574, 26.357216 ], [ 104.65823, 26.359227 ], [ 104.659203, 26.360671 ], [ 104.660771, 26.361797 ], [ 104.663819, 26.3648 ], [ 104.667031, 26.367521 ], [ 104.668614, 26.368096 ], [ 104.670063, 26.368096 ], [ 104.671334, 26.367949 ], [ 104.672295, 26.367796 ], [ 104.674012, 26.367349 ], [ 104.676888, 26.366911 ], [ 104.678479, 26.367344 ], [ 104.679924, 26.368341 ], [ 104.681042, 26.370207 ], [ 104.681862, 26.372069 ], [ 104.682335, 26.373787 ], [ 104.682351, 26.375224 ], [ 104.681878, 26.378525 ], [ 104.6824, 26.37996 ], [ 104.683193, 26.381252 ], [ 104.681923, 26.381679 ], [ 104.680958, 26.381961 ], [ 104.679528, 26.382541 ], [ 104.677124, 26.384118 ], [ 104.675236, 26.385561 ], [ 104.672695, 26.388002 ], [ 104.671906, 26.389028 ], [ 104.671902954000075, 26.389032530000065 ], [ 104.67017, 26.39161 ], [ 104.669224, 26.393329 ], [ 104.667317, 26.396342 ], [ 104.664955, 26.39936 ], [ 104.6637, 26.401657 ], [ 104.663216, 26.402944 ], [ 104.663551, 26.403524 ], [ 104.6637, 26.404377 ], [ 104.664021, 26.405524 ], [ 104.666432, 26.410823 ], [ 104.666767, 26.412827 ], [ 104.666622, 26.415264 ], [ 104.666199, 26.416702 ], [ 104.666157, 26.416847 ], [ 104.665367, 26.418566 ], [ 104.664639, 26.420275 ], [ 104.663952, 26.421872 ], [ 104.663792, 26.422735 ], [ 104.66396, 26.425461 ], [ 104.664147, 26.42675 ], [ 104.66399, 26.429042 ], [ 104.663525, 26.430906 ], [ 104.6637, 26.433345 ], [ 104.66436, 26.436649 ], [ 104.664032, 26.437216 ], [ 104.662762, 26.43822 ], [ 104.661175, 26.43909 ], [ 104.658314, 26.440106 ], [ 104.656086, 26.440538 ], [ 104.650685, 26.441266 ], [ 104.649255, 26.441704 ], [ 104.648133, 26.441986 ], [ 104.646416, 26.442146 ], [ 104.64354, 26.442293 ], [ 104.642602, 26.442436 ], [ 104.641309, 26.442728 ], [ 104.639886, 26.442873 ], [ 104.639554, 26.44344 ], [ 104.638127, 26.445022 ], [ 104.637337, 26.446319 ], [ 104.636567, 26.448899 ], [ 104.635922, 26.450473 ], [ 104.633873, 26.452781 ], [ 104.632763, 26.453501 ], [ 104.631165, 26.455505 ], [ 104.630699, 26.456934 ], [ 104.630539, 26.457801 ], [ 104.630554, 26.458948 ], [ 104.630738, 26.460683 ], [ 104.630898, 26.46154 ], [ 104.631558, 26.464114 ], [ 104.632672, 26.466411 ], [ 104.633332, 26.467983 ], [ 104.634125, 26.470277 ], [ 104.634785, 26.471993 ], [ 104.635556, 26.474857 ], [ 104.635731, 26.476434 ], [ 104.636376, 26.478008 ], [ 104.6372, 26.480155 ], [ 104.637517, 26.481447 ], [ 104.635777, 26.483884 ], [ 104.634518, 26.485475 ], [ 104.633102, 26.487486 ], [ 104.632458, 26.488196 ], [ 104.630402, 26.491497 ], [ 104.630104, 26.492074 ], [ 104.628186, 26.494368 ], [ 104.626595, 26.495947 ], [ 104.625325, 26.496385 ], [ 104.625027, 26.496565 ], [ 104.623898, 26.497247 ], [ 104.622773, 26.498346 ], [ 104.621686, 26.499401 ], [ 104.621297, 26.500012 ], [ 104.620412, 26.501408 ], [ 104.619946, 26.50255 ], [ 104.619321, 26.503679 ], [ 104.618836, 26.504564 ], [ 104.61789, 26.505861 ], [ 104.616452, 26.507575 ], [ 104.615826, 26.508872 ], [ 104.614548, 26.511168 ], [ 104.613114, 26.512318 ], [ 104.612011, 26.5126 ], [ 104.610119, 26.513177 ], [ 104.608689, 26.513759 ], [ 104.606609, 26.515194 ], [ 104.605511, 26.516483 ], [ 104.605509932000075, 26.516484348000063 ], [ 104.602669, 26.520071 ], [ 104.600274, 26.522088 ], [ 104.598057, 26.523533 ], [ 104.597408, 26.523524 ], [ 104.596623, 26.524098 ], [ 104.59391, 26.524821 ], [ 104.588989, 26.526555 ], [ 104.58786, 26.526847 ], [ 104.584035, 26.528129 ], [ 104.581502, 26.528866 ], [ 104.579579, 26.529156 ], [ 104.576871, 26.529023 ], [ 104.575604, 26.528741 ], [ 104.573846, 26.528168 ], [ 104.571281, 26.527726 ], [ 104.570015, 26.527877 ], [ 104.569534, 26.528019 ], [ 104.568925, 26.529886 ], [ 104.568284, 26.533042 ], [ 104.567963, 26.535334 ], [ 104.567822, 26.536191 ], [ 104.567493, 26.5372 ], [ 104.567028, 26.539202 ], [ 104.567684, 26.540781 ], [ 104.567693235000036, 26.540791502000047 ], [ 104.570076, 26.543501 ], [ 104.570557, 26.544358 ], [ 104.571198, 26.54565 ], [ 104.571976, 26.547865 ], [ 104.572503, 26.549373 ], [ 104.573479, 26.551535 ], [ 104.576378, 26.556401 ], [ 104.577973, 26.557968 ], [ 104.579735, 26.55983 ], [ 104.579582, 26.563274 ], [ 104.579437, 26.564273 ], [ 104.578804, 26.566864 ], [ 104.578652, 26.56987 ], [ 104.578674, 26.570592 ], [ 104.578507, 26.571169 ], [ 104.577225, 26.571599 ], [ 104.576279, 26.571749 ], [ 104.57357, 26.571472 ], [ 104.57196, 26.571868 ], [ 104.571152, 26.573172 ], [ 104.571167, 26.574606 ], [ 104.57103, 26.578611 ], [ 104.570568, 26.580197 ], [ 104.569294, 26.582213 ], [ 104.568539, 26.583315 ], [ 104.568536747000053, 26.583318125000062 ], [ 104.568508, 26.583358 ], [ 104.565205, 26.586981 ], [ 104.562341, 26.590112 ], [ 104.560429, 26.591551 ], [ 104.558339, 26.592552 ], [ 104.555321, 26.593854 ], [ 104.554219, 26.594141 ], [ 104.552777, 26.594146 ], [ 104.549275, 26.591867 ], [ 104.547338, 26.590844 ], [ 104.544801, 26.589857 ], [ 104.542714, 26.58943 ], [ 104.540013, 26.589298 ], [ 104.53811, 26.58945 ], [ 104.536683, 26.589603 ], [ 104.533151, 26.589733 ], [ 104.53093, 26.58989 ], [ 104.529511, 26.590035 ], [ 104.527905, 26.590043 ], [ 104.524258, 26.590633 ], [ 104.522652, 26.590757 ], [ 104.517079, 26.59093 ], [ 104.515633, 26.591078 ], [ 104.511669, 26.590953 ], [ 104.510552, 26.591101 ], [ 104.50956, 26.590778 ], [ 104.507961, 26.590643 ], [ 104.505581, 26.590661 ], [ 104.503048, 26.592676 ], [ 104.502102, 26.592966 ], [ 104.500664, 26.592968 ], [ 104.499992, 26.592918 ], [ 104.498924, 26.592834 ], [ 104.497612, 26.592284 ], [ 104.497143, 26.592096 ], [ 104.495392, 26.590822 ], [ 104.493157, 26.588389 ], [ 104.49149, 26.586804 ], [ 104.490765, 26.586115 ], [ 104.488701, 26.584676 ], [ 104.488144, 26.584274 ], [ 104.487526, 26.583992 ], [ 104.486088, 26.583567 ], [ 104.484654, 26.583303 ], [ 104.484318, 26.583247 ], [ 104.484192, 26.583303 ], [ 104.483677, 26.583537 ], [ 104.479859, 26.585135 ], [ 104.47979, 26.585173 ], [ 104.476978, 26.586762 ], [ 104.47451, 26.588159 ], [ 104.471794, 26.589997 ], [ 104.468934, 26.592161 ], [ 104.46864, 26.592596 ], [ 104.465935, 26.595332 ], [ 104.460712, 26.600366 ], [ 104.460706526000081, 26.600373796000042 ], [ 104.45942, 26.602206 ], [ 104.458322, 26.604788 ], [ 104.4577, 26.606657 ], [ 104.457372, 26.607947 ], [ 104.456914, 26.610819 ], [ 104.456323, 26.613075 ], [ 104.457623, 26.626763 ], [ 104.458234, 26.628585 ], [ 104.458394, 26.629439 ], [ 104.458882, 26.631166 ], [ 104.46162, 26.634051 ], [ 104.462247, 26.63534 ], [ 104.462422, 26.636484 ], [ 104.462899, 26.637776 ], [ 104.463052, 26.638636 ], [ 104.463867, 26.641352 ], [ 104.464523, 26.643933 ], [ 104.465008, 26.647081 ], [ 104.465329, 26.648944 ], [ 104.465169, 26.65296 ], [ 104.464554, 26.654111 ], [ 104.463123, 26.655542 ], [ 104.461697, 26.656417 ], [ 104.459924, 26.65768 ], [ 104.459134, 26.658689 ], [ 104.458348, 26.660264 ], [ 104.457398, 26.662421 ], [ 104.456605, 26.663285 ], [ 104.455014, 26.665294 ], [ 104.454549, 26.665724 ], [ 104.45422, 26.666301 ], [ 104.453816, 26.666647 ], [ 104.451359, 26.668753 ], [ 104.450413, 26.669328 ], [ 104.448956, 26.670035 ], [ 104.448342, 26.670332 ], [ 104.444199, 26.67249 ], [ 104.442139, 26.673932 ], [ 104.440548, 26.675662 ], [ 104.439923, 26.676811 ], [ 104.439449, 26.677958 ], [ 104.439602, 26.679535 ], [ 104.440258, 26.681964 ], [ 104.440731, 26.683111 ], [ 104.44122, 26.684821 ], [ 104.441052, 26.685978 ], [ 104.441052, 26.68669 ], [ 104.440587, 26.687265 ], [ 104.438363, 26.690284 ], [ 104.438360777000071, 26.690286437000054 ], [ 104.435345, 26.693593 ], [ 104.43504, 26.694023 ], [ 104.433911, 26.6953 ], [ 104.432805, 26.697449 ], [ 104.432172, 26.699026 ], [ 104.4301, 26.700753 ], [ 104.426782, 26.702909 ], [ 104.422784, 26.706224 ], [ 104.422135, 26.70736 ], [ 104.421822, 26.709362 ], [ 104.421983, 26.709654 ], [ 104.421349, 26.710808 ], [ 104.420396, 26.712952 ], [ 104.418965, 26.713964 ], [ 104.417866, 26.713962 ], [ 104.415776, 26.713395 ], [ 104.414815, 26.713255 ], [ 104.41338, 26.713405 ], [ 104.412419, 26.713545 ], [ 104.411473, 26.71384 ], [ 104.409413, 26.71484 ], [ 104.407986, 26.715132 ], [ 104.407013, 26.714992 ], [ 104.406212, 26.7147 ], [ 104.405251, 26.713848 ], [ 104.403832, 26.712841 ], [ 104.40239, 26.712274 ], [ 104.401101, 26.711989 ], [ 104.3979, 26.711849 ], [ 104.396985, 26.711722 ], [ 104.396649, 26.710288 ], [ 104.396504, 26.709145 ], [ 104.396344, 26.708285 ], [ 104.396169, 26.706851 ], [ 104.396005, 26.701827 ], [ 104.396165, 26.700682 ], [ 104.396317, 26.698678 ], [ 104.395829, 26.695805 ], [ 104.395497, 26.694513 ], [ 104.395337, 26.693654 ], [ 104.395184, 26.689794 ], [ 104.394368, 26.687929 ], [ 104.394238, 26.685002 ], [ 104.390389535000054, 26.676851256000077 ], [ 104.386168180000084, 26.672026851000055 ], [ 104.380768, 26.666679 ], [ 104.380585, 26.666015 ], [ 104.380257119000078, 26.663291986000047 ], [ 104.380257, 26.663291 ], [ 104.38028, 26.662777 ], [ 104.380242, 26.662395 ], [ 104.380089, 26.660997 ], [ 104.379601, 26.658706 ], [ 104.379288, 26.657419 ], [ 104.378632, 26.655982 ], [ 104.377042, 26.653255 ], [ 104.377026098000044, 26.65183773900003 ], [ 104.377026, 26.651829 ], [ 104.375016, 26.651284 ], [ 104.372574, 26.650637 ], [ 104.369087, 26.649693 ], [ 104.366993, 26.649266 ], [ 104.366352, 26.648696 ], [ 104.365414, 26.648261 ], [ 104.363953, 26.64683 ], [ 104.363312, 26.645967 ], [ 104.362679, 26.644393 ], [ 104.362362, 26.643391 ], [ 104.361714, 26.640383 ], [ 104.361378, 26.638656 ], [ 104.361065, 26.637654 ], [ 104.360428, 26.636515 ], [ 104.3587, 26.635107 ], [ 104.357746, 26.633953 ], [ 104.356133, 26.630804 ], [ 104.35437, 26.627643 ], [ 104.353714, 26.626783 ], [ 104.352913, 26.625921 ], [ 104.35149, 26.625341 ], [ 104.345602177000046, 26.623166732000072 ], [ 104.338820714000065, 26.623238116000039 ], [ 104.328041755000072, 26.623666419000074 ], [ 104.316049272000043, 26.619097854000074 ], [ 104.311052404000066, 26.618312632000027 ], [ 104.307197677000033, 26.618455400000073 ], [ 104.30577, 26.620811066000044 ], [ 104.306058, 26.623804 ], [ 104.305272, 26.624938 ], [ 104.305211, 26.625406 ], [ 104.304944, 26.62638 ], [ 104.304822, 26.626957 ], [ 104.304494, 26.627585 ], [ 104.303929, 26.628107 ], [ 104.303323, 26.62884 ], [ 104.302377, 26.629529 ], [ 104.301663, 26.630099 ], [ 104.300065, 26.63165 ], [ 104.299111, 26.632736 ], [ 104.298398, 26.633705 ], [ 104.297482, 26.634182 ], [ 104.296135, 26.634696 ], [ 104.294598, 26.635212 ], [ 104.293072, 26.635669 ], [ 104.291413, 26.636353 ], [ 104.289502, 26.636811 ], [ 104.287522, 26.637152 ], [ 104.285473, 26.63732 ], [ 104.283371, 26.637558 ], [ 104.281277, 26.637609 ], [ 104.279289, 26.637614 ], [ 104.275383, 26.637489 ], [ 104.272774, 26.637204 ], [ 104.271946, 26.636739 ], [ 104.271572, 26.636284 ], [ 104.271313, 26.635597 ], [ 104.271237, 26.634214 ], [ 104.271245, 26.633067 ], [ 104.271428, 26.631803 ], [ 104.271436, 26.630725 ], [ 104.271324923000066, 26.627968485000054 ], [ 104.269792153000083, 26.625499992000073 ], [ 104.265628096000057, 26.622287720000031 ], [ 104.262118391000058, 26.621752341000047 ], [ 104.257375, 26.622975 ], [ 104.254674, 26.625269 ], [ 104.252263, 26.627568 ], [ 104.25002, 26.629303 ], [ 104.248124, 26.63016 ], [ 104.24778, 26.630253 ], [ 104.246842, 26.630568 ], [ 104.244286, 26.630996 ], [ 104.241577, 26.631291 ], [ 104.239029, 26.631006 ], [ 104.236801, 26.630581 ], [ 104.234703, 26.630002 ], [ 104.232796, 26.629135 ], [ 104.230565, 26.626988 ], [ 104.229435, 26.624834 ], [ 104.228955, 26.624265 ], [ 104.227696, 26.624415 ], [ 104.226422, 26.62484 ], [ 104.224038, 26.625417 ], [ 104.221467, 26.625262 ], [ 104.219868, 26.625407 ], [ 104.218594, 26.625835 ], [ 104.217168, 26.626704 ], [ 104.21431, 26.627991 ], [ 104.213341, 26.628286 ], [ 104.211926, 26.628573 ], [ 104.209194, 26.628995 ], [ 104.204098, 26.629719 ], [ 104.202996, 26.630002 ], [ 104.201569, 26.630439 ], [ 104.201081, 26.630436 ], [ 104.20076, 26.631016 ], [ 104.193417, 26.635599 ], [ 104.191666, 26.636891 ], [ 104.191033, 26.637756 ], [ 104.190549, 26.63861 ], [ 104.190244, 26.63962 ], [ 104.190242858000033, 26.639625823000074 ], [ 104.190076, 26.640477 ], [ 104.18961, 26.641915 ], [ 104.188507, 26.642775 ], [ 104.186897, 26.64278 ], [ 104.185132, 26.642175 ], [ 104.184483, 26.642035 ], [ 104.183053, 26.641028 ], [ 104.182102, 26.640606 ], [ 104.180836, 26.640321 ], [ 104.179878, 26.640184 ], [ 104.177174, 26.640336 ], [ 104.175911, 26.640196 ], [ 104.172536, 26.640037 ], [ 104.17252747200007, 26.640042081000047 ], [ 104.171571, 26.640612 ], [ 104.169839, 26.641905 ], [ 104.165219, 26.645929 ], [ 104.161401, 26.649088 ], [ 104.159467, 26.650073 ], [ 104.157884, 26.650653 ], [ 104.155812, 26.65123 ], [ 104.155805428000065, 26.651230547000068 ], [ 104.154069, 26.651375 ], [ 104.152303, 26.651233 ], [ 104.151364, 26.650948 ], [ 104.149285, 26.649804 ], [ 104.147855, 26.648372 ], [ 104.145463, 26.646785 ], [ 104.144181, 26.646211 ], [ 104.142918, 26.645791 ], [ 104.14053, 26.645499 ], [ 104.138764, 26.645641 ], [ 104.137021, 26.645931 ], [ 104.133667, 26.646644 ], [ 104.130009, 26.647513 ], [ 104.127945, 26.64809 ], [ 104.127464, 26.647943 ], [ 104.126015, 26.6478 ], [ 104.125012, 26.647457 ], [ 104.124756, 26.647368 ], [ 104.123638, 26.646649 ], [ 104.122635, 26.645661 ], [ 104.120289, 26.643354 ], [ 104.119339, 26.642355 ], [ 104.118363, 26.640773 ], [ 104.117409, 26.639333 ], [ 104.115669, 26.63604 ], [ 104.114693, 26.633751 ], [ 104.112939, 26.630023 ], [ 104.112149, 26.628439 ], [ 104.111676, 26.627299 ], [ 104.11102, 26.626149 ], [ 104.107373, 26.623141 ], [ 104.104977, 26.62084 ], [ 104.103062, 26.619271 ], [ 104.102109, 26.617974 ], [ 104.102093, 26.617694 ], [ 104.102261, 26.616829 ], [ 104.102254, 26.615115 ], [ 104.101949, 26.612821 ], [ 104.10114, 26.610812 ], [ 104.100179, 26.610237 ], [ 104.099217, 26.609807 ], [ 104.097164, 26.609366 ], [ 104.096203, 26.608801 ], [ 104.094452, 26.606072 ], [ 104.092858, 26.603205 ], [ 104.089028, 26.59761 ], [ 104.086796, 26.594742 ], [ 104.08553, 26.59302 ], [ 104.084584, 26.591592 ], [ 104.082024, 26.58915 ], [ 104.079793, 26.586714 ], [ 104.079774, 26.586688 ], [ 104.078046, 26.584558 ], [ 104.076474, 26.583348 ], [ 104.075807, 26.582834 ], [ 104.072926, 26.581252 ], [ 104.070405, 26.580261 ], [ 104.069444, 26.579974 ], [ 104.068479, 26.579541 ], [ 104.06688, 26.578241 ], [ 104.066895, 26.576237 ], [ 104.06704, 26.575372 ], [ 104.066712, 26.5735 ], [ 104.066293, 26.573272 ], [ 104.065621, 26.572374 ], [ 104.06474, 26.571334 ], [ 104.064028568000083, 26.570594785000026 ], [ 104.064023, 26.570589 ], [ 104.063527, 26.569847 ], [ 104.062829, 26.568695 ], [ 104.062181, 26.567372 ], [ 104.061692, 26.56605 ], [ 104.061116, 26.564737 ], [ 104.06104, 26.563699 ], [ 104.060849, 26.562552 ], [ 104.061185, 26.561357 ], [ 104.062264, 26.559349 ], [ 104.062394, 26.558431 ], [ 104.062402, 26.55751 ], [ 104.062524, 26.557114 ], [ 104.062478, 26.55585 ], [ 104.062402, 26.55499 ], [ 104.06273, 26.554362 ], [ 104.063172, 26.553724 ], [ 104.063507, 26.55334 ], [ 104.063633, 26.552646 ], [ 104.063961, 26.552015 ], [ 104.064411, 26.551387 ], [ 104.064534, 26.550756 ], [ 104.064862, 26.550011 ], [ 104.065495, 26.549042 ], [ 104.065949, 26.547781 ], [ 104.066201, 26.54594 ], [ 104.068088218000071, 26.543125939000049 ], [ 104.067345826000064, 26.539813730000049 ], [ 104.068487967000067, 26.536672841000041 ], [ 104.068887717000052, 26.532047169000066 ], [ 104.069173252000041, 26.526907533000042 ], [ 104.071171999000057, 26.524851679000051 ], [ 104.069630109000059, 26.521882112000071 ], [ 104.066946077000068, 26.520739970000079 ], [ 104.063576760000046, 26.517599082000061 ], [ 104.058722660000058, 26.516399833000037 ], [ 104.054154094000069, 26.515371906000041 ], [ 104.051127420000057, 26.512002589000076 ], [ 104.047015711000086, 26.510346485000071 ], [ 104.043817716000035, 26.511088876000031 ], [ 104.04216161100004, 26.512802088000058 ], [ 104.040105757000049, 26.515885870000034 ], [ 104.037021975000073, 26.51725643900005 ], [ 104.034851907000075, 26.513887123000075 ], [ 104.031711018000067, 26.512973410000029 ], [ 104.03096862600006, 26.516171405000023 ], [ 104.028056166000056, 26.518512795000049 ], [ 104.026000312000065, 26.51948361500007 ], [ 104.025315027000033, 26.516399833000037 ], [ 104.021317532000069, 26.513715801000046 ], [ 104.017719787000033, 26.514686621000067 ], [ 104.014693113000078, 26.51662826200004 ], [ 104.010238762000085, 26.514343979000046 ], [ 104.00601283900005, 26.513887123000075 ], [ 104.002415094000071, 26.514686621000067 ], [ 104.000701882000044, 26.518055938000032 ], [ 103.999217099000077, 26.521082613000033 ], [ 103.995390925000038, 26.521596576000036 ], [ 103.989737326000068, 26.521596576000036 ], [ 103.983512656000073, 26.516970904000061 ], [ 103.979400947000045, 26.517199332000075 ], [ 103.97477527500007, 26.518455688000074 ], [ 103.967865320000044, 26.517427761000079 ], [ 103.962611471000059, 26.519083865000027 ], [ 103.957871584000088, 26.521539469000061 ], [ 103.952217985000061, 26.523309788000063 ], [ 103.945650673000046, 26.521539469000061 ], [ 103.933144225000035, 26.518512795000049 ], [ 103.927776161000054, 26.519140972000059 ], [ 103.922922061000065, 26.517142225000043 ], [ 103.912699897000039, 26.515086371000052 ], [ 103.907674475000078, 26.515029264000077 ], [ 103.902020876000051, 26.51662826200004 ], [ 103.894582, 26.517104 ], [ 103.893834, 26.517107 ], [ 103.891965, 26.517331 ], [ 103.888913784000067, 26.518132104000074 ], [ 103.88683175500006, 26.518548510000073 ], [ 103.885106646000054, 26.518845942000041 ], [ 103.882370266000066, 26.518845942000041 ], [ 103.881121049000058, 26.518786456000043 ], [ 103.879681, 26.518733 ], [ 103.87626, 26.518156 ], [ 103.874985, 26.518141 ], [ 103.874638, 26.518138 ], [ 103.87304, 26.517541 ], [ 103.871777, 26.517541 ], [ 103.870019, 26.517114 ], [ 103.868688365000082, 26.516406995000068 ], [ 103.865178660000083, 26.515574183000069 ], [ 103.863096632000065, 26.515633670000057 ], [ 103.861371, 26.516481 ], [ 103.859982, 26.516646 ], [ 103.85965, 26.517645 ], [ 103.858872, 26.519365 ], [ 103.858788, 26.519499 ], [ 103.85759, 26.521369 ], [ 103.855042, 26.523954 ], [ 103.854073, 26.524524 ], [ 103.852811, 26.524956 ], [ 103.850743, 26.525531 ], [ 103.848984, 26.526528 ], [ 103.847195, 26.527794 ], [ 103.84689, 26.528516 ], [ 103.845612, 26.530235 ], [ 103.84417, 26.531814 ], [ 103.844120430000032, 26.533598601000051 ], [ 103.841800456000044, 26.534550385000045 ], [ 103.838052805000075, 26.53550216900004 ], [ 103.833531829000037, 26.536037548000024 ], [ 103.827999582000075, 26.53324168100005 ], [ 103.821396578000076, 26.533063222000067 ], [ 103.81806533200006, 26.535383196000055 ], [ 103.814258195000036, 26.53710830600005 ], [ 103.812318, 26.540782 ], [ 103.811055, 26.54279 ], [ 103.810239, 26.544342 ], [ 103.809747, 26.545194 ], [ 103.809922, 26.546064 ], [ 103.809739, 26.547631 ], [ 103.809906, 26.548643 ], [ 103.811055, 26.550677 ], [ 103.811207, 26.552826 ], [ 103.811826, 26.554113 ], [ 103.812608, 26.555545 ], [ 103.811192, 26.557269 ], [ 103.809403, 26.557382 ], [ 103.808457, 26.557664 ], [ 103.807347, 26.558811 ], [ 103.803818, 26.563409 ], [ 103.800012, 26.566553 ], [ 103.799516, 26.567697 ], [ 103.7981, 26.569419 ], [ 103.796494, 26.570837 ], [ 103.793789, 26.571127 ], [ 103.79282, 26.571262 ], [ 103.791394, 26.571551 ], [ 103.790123, 26.572129 ], [ 103.789475, 26.572981 ], [ 103.788365, 26.574128 ], [ 103.787091, 26.574695 ], [ 103.785508, 26.575127 ], [ 103.782792, 26.576124 ], [ 103.779767, 26.577695 ], [ 103.776093, 26.579409 ], [ 103.775147, 26.579979 ], [ 103.774819, 26.580409 ], [ 103.773228, 26.581121 ], [ 103.768704, 26.583348 ], [ 103.763139936000073, 26.585146649000023 ], [ 103.760189405000062, 26.588049591000072 ], [ 103.763714, 26.590124 ], [ 103.76371729300007, 26.59013400200007 ], [ 103.765228, 26.594722 ], [ 103.766022, 26.596154 ], [ 103.767281, 26.598591 ], [ 103.767761, 26.600028 ], [ 103.767914, 26.600885 ], [ 103.767914, 26.603034 ], [ 103.767746, 26.603903 ], [ 103.767746037000052, 26.603907638000067 ], [ 103.767754, 26.604905 ], [ 103.766159, 26.607768 ], [ 103.765503, 26.608478 ], [ 103.764717, 26.60877 ], [ 103.764069, 26.609485 ], [ 103.763115, 26.61077 ], [ 103.761993, 26.613773 ], [ 103.760708, 26.616063 ], [ 103.759762, 26.617498 ], [ 103.757046, 26.619787 ], [ 103.755612, 26.620641 ], [ 103.750027, 26.624075 ], [ 103.748898, 26.624772 ], [ 103.74791, 26.625754 ], [ 103.747292, 26.626359 ], [ 103.746819, 26.629219 ], [ 103.746964, 26.63208 ], [ 103.747117, 26.632947 ], [ 103.74791, 26.634768 ], [ 103.748563, 26.636239 ], [ 103.749188, 26.637533 ], [ 103.750035, 26.63956 ], [ 103.75092, 26.641692 ], [ 103.752202, 26.643996 ], [ 103.753468, 26.645567 ], [ 103.754582, 26.646867 ], [ 103.756009, 26.648456 ], [ 103.758381, 26.65204 ], [ 103.758877, 26.652902 ], [ 103.759343, 26.654051 ], [ 103.759503, 26.656055 ], [ 103.759175, 26.658352 ], [ 103.758695, 26.660782 ], [ 103.758695, 26.662641 ], [ 103.758519, 26.664508 ], [ 103.757599, 26.666685 ], [ 103.757069, 26.667947 ], [ 103.756749, 26.669524 ], [ 103.75681, 26.670208 ], [ 103.756909, 26.671393 ], [ 103.757222, 26.674249 ], [ 103.757695, 26.67669 ], [ 103.75832, 26.678409 ], [ 103.758313, 26.683004 ], [ 103.757664, 26.68715 ], [ 103.757489, 26.688017 ], [ 103.757168, 26.690013 ], [ 103.757321, 26.693317 ], [ 103.757649, 26.694464 ], [ 103.758283, 26.695611 ], [ 103.759236, 26.696618 ], [ 103.761441, 26.698495 ], [ 103.764615, 26.700504 ], [ 103.765729, 26.701371 ], [ 103.766225, 26.702523 ], [ 103.766522, 26.704806 ], [ 103.766361, 26.706673 ], [ 103.766209, 26.707962 ], [ 103.765705, 26.711553 ], [ 103.766033, 26.713125 ], [ 103.76714, 26.714704 ], [ 103.769208, 26.718001 ], [ 103.770146, 26.7203 ], [ 103.770631, 26.721729 ], [ 103.770776, 26.723315 ], [ 103.770783, 26.724607 ], [ 103.770615, 26.725462 ], [ 103.770138, 26.727036 ], [ 103.768201, 26.731188 ], [ 103.767567, 26.733907 ], [ 103.7674, 26.734772 ], [ 103.766613, 26.737494 ], [ 103.766285, 26.738359 ], [ 103.765324, 26.73964 ], [ 103.763893, 26.740502 ], [ 103.762764, 26.740782 ], [ 103.760536, 26.74078 ], [ 103.758957, 26.740631 ], [ 103.757668, 26.740339 ], [ 103.755768, 26.739474 ], [ 103.755749211000079, 26.739459574000023 ], [ 103.753701, 26.737887 ], [ 103.752106, 26.73631 ], [ 103.751481, 26.735016 ], [ 103.750992, 26.733717 ], [ 103.750031, 26.731973 ], [ 103.748459, 26.729984 ], [ 103.747902, 26.729696 ], [ 103.746052, 26.728699 ], [ 103.744778, 26.728829 ], [ 103.743816, 26.728829 ], [ 103.740131, 26.731107 ], [ 103.738068, 26.732104 ], [ 103.735504, 26.733246 ], [ 103.734902, 26.733709 ], [ 103.732807, 26.73669 ], [ 103.729927, 26.739119 ], [ 103.727059, 26.741113 ], [ 103.724637, 26.743397 ], [ 103.724003, 26.744536 ], [ 103.723519, 26.745965 ], [ 103.723031, 26.747974 ], [ 103.722725, 26.7497 ], [ 103.722748, 26.750034 ], [ 103.722885, 26.751994 ], [ 103.723015, 26.753279 ], [ 103.722996, 26.753559 ], [ 103.722856, 26.755584 ], [ 103.722543, 26.756583 ], [ 103.721887, 26.757872 ], [ 103.720601, 26.759162 ], [ 103.720397796000043, 26.759437915000035 ], [ 103.719975, 26.760012 ], [ 103.718853, 26.761299 ], [ 103.716935, 26.763297 ], [ 103.717385, 26.768027 ], [ 103.717858, 26.770603 ], [ 103.718182, 26.772899 ], [ 103.718159, 26.776627 ], [ 103.717195, 26.778918 ], [ 103.715585, 26.781057 ], [ 103.713971, 26.782776 ], [ 103.713506, 26.783059 ], [ 103.713017, 26.783773 ], [ 103.709996, 26.786783 ], [ 103.709035, 26.788069 ], [ 103.70807, 26.789496 ], [ 103.707413, 26.790791 ], [ 103.705494, 26.795228 ], [ 103.704044, 26.797362 ], [ 103.702118, 26.799928 ], [ 103.701954, 26.801649 ], [ 103.701778, 26.802794 ], [ 103.701618, 26.804655 ], [ 103.701466, 26.805662 ], [ 103.701283, 26.807376 ], [ 103.70113, 26.808531 ], [ 103.700481, 26.812679 ], [ 103.700306, 26.813969 ], [ 103.700146, 26.815546 ], [ 103.700298, 26.81956 ], [ 103.700939, 26.820424 ], [ 103.703171, 26.822298 ], [ 103.70364, 26.823734 ], [ 103.703945, 26.826745 ], [ 103.704098, 26.828896 ], [ 103.704083, 26.829906 ], [ 103.704404, 26.830333 ], [ 103.705365, 26.832492 ], [ 103.706441, 26.833369 ], [ 103.707123, 26.833926 ], [ 103.708386, 26.834366 ], [ 103.710633, 26.834934 ], [ 103.712063, 26.835229 ], [ 103.713185, 26.835518 ], [ 103.71415, 26.836098 ], [ 103.715111, 26.836531 ], [ 103.715454, 26.836894 ], [ 103.716065, 26.837543 ], [ 103.716862, 26.838542 ], [ 103.718441, 26.840709 ], [ 103.719544, 26.842428 ], [ 103.720513, 26.844287 ], [ 103.720826, 26.845291 ], [ 103.72099, 26.846873 ], [ 103.720826, 26.847871 ], [ 103.720505, 26.849168 ], [ 103.720009, 26.85031 ], [ 103.7192, 26.852456 ], [ 103.719193, 26.85446 ], [ 103.719506, 26.854763 ], [ 103.72046, 26.856189 ], [ 103.723179, 26.857338 ], [ 103.724465, 26.857775 ], [ 103.728764, 26.85908 ], [ 103.731339, 26.85952 ], [ 103.733563, 26.859817 ], [ 103.737347, 26.86025 ], [ 103.738801, 26.860542 ], [ 103.740868, 26.860832 ], [ 103.741677, 26.86083 ], [ 103.742631, 26.86141 ], [ 103.743916, 26.861847 ], [ 103.744702, 26.862279 ], [ 103.747895, 26.86307 ], [ 103.748219, 26.863143 ], [ 103.750027, 26.863799 ], [ 103.750622, 26.864013 ], [ 103.752209, 26.86445 ], [ 103.754925, 26.866457 ], [ 103.75668, 26.867612 ], [ 103.760029, 26.869056 ], [ 103.761143, 26.869348 ], [ 103.76257, 26.869493 ], [ 103.765126, 26.869353 ], [ 103.769288, 26.869369 ], [ 103.771668, 26.870518 ], [ 103.773423, 26.872252 ], [ 103.774373, 26.873532 ], [ 103.775975, 26.875826 ], [ 103.77628, 26.875973 ], [ 103.776921, 26.87798 ], [ 103.776913, 26.87913 ], [ 103.77644, 26.880559 ], [ 103.775478, 26.881998 ], [ 103.774193, 26.883568 ], [ 103.772439, 26.885432 ], [ 103.770829, 26.887008 ], [ 103.76859, 26.889437 ], [ 103.7673, 26.891289 ], [ 103.766651, 26.893013 ], [ 103.765698, 26.895731 ], [ 103.765851, 26.897313 ], [ 103.765698, 26.898313 ], [ 103.76553, 26.900891 ], [ 103.765187, 26.902471 ], [ 103.765186090000043, 26.902474310000059 ], [ 103.764874, 26.903609 ], [ 103.764401, 26.904328 ], [ 103.763592, 26.90533 ], [ 103.762791, 26.90676 ], [ 103.761994, 26.907909 ], [ 103.761521, 26.909051 ], [ 103.76117, 26.910624 ], [ 103.76133, 26.913063 ], [ 103.76165, 26.914924 ], [ 103.761964, 26.916214 ], [ 103.762055, 26.916679 ], [ 103.762307, 26.917933 ], [ 103.763383, 26.920174 ], [ 103.763551, 26.920517 ], [ 103.764668, 26.922534 ], [ 103.766728, 26.92598 ], [ 103.767186, 26.92657 ], [ 103.772133, 26.933444 ], [ 103.775162, 26.938469 ], [ 103.775635, 26.941771 ], [ 103.77562, 26.944775 ], [ 103.77546, 26.946357 ], [ 103.775315, 26.947211 ], [ 103.775139, 26.94907 ], [ 103.774033, 26.950929 ], [ 103.771756, 26.953363 ], [ 103.770314, 26.954655 ], [ 103.770312700000034, 26.954655848000073 ], [ 103.768566, 26.955796 ], [ 103.768246, 26.956084 ], [ 103.767758, 26.956369 ], [ 103.765206, 26.958225 ], [ 103.759598, 26.961651 ], [ 103.756401, 26.963365 ], [ 103.754173, 26.964646 ], [ 103.752731, 26.965788 ], [ 103.751915, 26.966931 ], [ 103.751595, 26.967074 ], [ 103.751592487000039, 26.967084969000041 ], [ 103.750939, 26.969937 ], [ 103.750771, 26.973959 ], [ 103.750595, 26.975104 ], [ 103.750283, 26.976391 ], [ 103.750016, 26.977278 ], [ 103.749649, 26.978529 ], [ 103.7482, 26.982255 ], [ 103.747902, 26.982983 ], [ 103.747551, 26.983833 ], [ 103.747223, 26.984407 ], [ 103.74691, 26.985404 ], [ 103.744171, 26.991125 ], [ 103.743218, 26.993706 ], [ 103.742401, 26.996137 ], [ 103.741928, 26.997285 ], [ 103.741215, 27.000019 ], [ 103.739376, 27.001621 ], [ 103.737141, 27.003335 ], [ 103.737015, 27.00349 ], [ 103.735222, 27.005773 ], [ 103.733765, 27.008072 ], [ 103.732819, 27.009937 ], [ 103.730721, 27.013663 ], [ 103.730076, 27.015237 ], [ 103.729778, 27.016232 ], [ 103.729756, 27.019536 ], [ 103.729908, 27.020395 ], [ 103.730076, 27.021687 ], [ 103.730068, 27.022259 ], [ 103.730066612000087, 27.022263434000024 ], [ 103.729756, 27.023256 ], [ 103.728138, 27.025697 ], [ 103.727017, 27.026974 ], [ 103.726059, 27.027551 ], [ 103.723961, 27.029688 ], [ 103.721737, 27.032425 ], [ 103.719651, 27.034712 ], [ 103.71547, 27.037994 ], [ 103.713048, 27.039703 ], [ 103.710808, 27.041835 ], [ 103.71019, 27.043297 ], [ 103.709862, 27.045016 ], [ 103.709382, 27.04659 ], [ 103.708409, 27.047729 ], [ 103.708081, 27.048583 ], [ 103.703739, 27.053448 ], [ 103.700527, 27.053851 ], [ 103.697518, 27.054144 ], [ 103.695107, 27.054427 ], [ 103.691407, 27.054981 ], [ 103.68932, 27.055258 ], [ 103.687561, 27.05539 ], [ 103.682622, 27.055523 ], [ 103.678452, 27.05579 ], [ 103.676213, 27.05564 ], [ 103.673634, 27.05533 ], [ 103.672082, 27.054781 ], [ 103.67112, 27.054201 ], [ 103.670476, 27.053916 ], [ 103.667748, 27.050022 ], [ 103.665532, 27.047005 ], [ 103.664574, 27.045563 ], [ 103.662972, 27.043697 ], [ 103.660107, 27.041255 ], [ 103.657078, 27.039376 ], [ 103.654675, 27.037356 ], [ 103.654042, 27.036492 ], [ 103.653553, 27.035627 ], [ 103.653233, 27.034627 ], [ 103.653085, 27.033188 ], [ 103.652917, 27.032183 ], [ 103.653401, 27.030609 ], [ 103.653417, 27.029172 ], [ 103.652931, 27.028312 ], [ 103.652428, 27.027495 ], [ 103.6521, 27.027376 ], [ 103.650711, 27.02687 ], [ 103.648926, 27.026715 ], [ 103.648011, 27.026437 ], [ 103.646413, 27.025143 ], [ 103.64544, 27.023983 ], [ 103.644009, 27.023553 ], [ 103.642548, 27.022737 ], [ 103.640549, 27.02152 ], [ 103.638886, 27.020503 ], [ 103.637369124000088, 27.018837323000071 ], [ 103.637204, 27.018656 ], [ 103.636483, 27.017781 ], [ 103.635548, 27.017504 ], [ 103.634057, 27.017389 ], [ 103.633469, 27.017344 ], [ 103.63202, 27.018005 ], [ 103.631303, 27.018033 ], [ 103.630177, 27.017695 ], [ 103.629002, 27.017283 ], [ 103.628453, 27.016751 ], [ 103.627899, 27.016005 ], [ 103.627697, 27.015843 ], [ 103.626854, 27.015484 ], [ 103.626381, 27.01538 ], [ 103.626003, 27.01525 ], [ 103.625851, 27.015024 ], [ 103.625347, 27.014179 ], [ 103.62442, 27.013424 ], [ 103.623539, 27.012707 ], [ 103.623131, 27.012554 ], [ 103.622112, 27.012149 ], [ 103.620842, 27.011857 ], [ 103.6194, 27.011704 ], [ 103.618431, 27.011559 ], [ 103.615872, 27.011396 ], [ 103.614762, 27.011107 ], [ 103.6138, 27.010669 ], [ 103.612366, 27.009668 ], [ 103.611725, 27.009383 ], [ 103.611027, 27.010173 ], [ 103.611424, 27.010972 ], [ 103.612084, 27.011997 ], [ 103.61274, 27.01279 ], [ 103.613457, 27.013467 ], [ 103.614235, 27.014024 ], [ 103.614754, 27.014481 ], [ 103.615353, 27.015336 ], [ 103.6162, 27.016122 ], [ 103.617298, 27.01685 ], [ 103.618271, 27.017585 ], [ 103.619751, 27.018022 ], [ 103.621372, 27.018681 ], [ 103.622593, 27.019299 ], [ 103.623131, 27.019531 ], [ 103.624009, 27.019894 ], [ 103.624658, 27.020055 ], [ 103.625031, 27.020225 ], [ 103.626138, 27.020731 ], [ 103.626981, 27.021235 ], [ 103.627248, 27.02169 ], [ 103.627236, 27.021837 ], [ 103.627225, 27.021977 ], [ 103.627194, 27.022374 ], [ 103.626614, 27.022898 ], [ 103.625549, 27.024577 ], [ 103.625374, 27.025495 ], [ 103.625015, 27.026006 ], [ 103.624565, 27.026652 ], [ 103.624252, 27.027227 ], [ 103.624008, 27.027863 ], [ 103.623464, 27.028965 ], [ 103.623131, 27.030184 ], [ 103.623051, 27.030466 ], [ 103.622746, 27.031275 ], [ 103.622761, 27.032132 ], [ 103.62283, 27.032475 ], [ 103.623131, 27.03319 ], [ 103.623158, 27.033268 ], [ 103.623307, 27.034242 ], [ 103.623375, 27.035383 ], [ 103.623196, 27.036301 ], [ 103.623131, 27.036637 ], [ 103.622982, 27.037173 ], [ 103.622296, 27.038503 ], [ 103.621861, 27.038966 ], [ 103.621159, 27.039149 ], [ 103.619934, 27.038875 ], [ 103.618775, 27.038547 ], [ 103.617501, 27.038793 ], [ 103.616406, 27.038638 ], [ 103.615711, 27.039165 ], [ 103.614636, 27.039867 ], [ 103.614071, 27.04051 ], [ 103.613373, 27.041211 ], [ 103.612557, 27.041958 ], [ 103.611801, 27.042772 ], [ 103.610916, 27.04336 ], [ 103.610161, 27.044281 ], [ 103.609791, 27.045206 ], [ 103.608784, 27.046305 ], [ 103.608357, 27.047114 ], [ 103.607418, 27.048675 ], [ 103.606793, 27.049542 ], [ 103.606228, 27.050178 ], [ 103.605664, 27.050877 ], [ 103.605168, 27.051684 ], [ 103.60474, 27.052673 ], [ 103.604492, 27.053535 ], [ 103.603905, 27.056344 ], [ 103.603661, 27.057035 ], [ 103.603615, 27.058009 ], [ 103.603249, 27.058991 ], [ 103.602769, 27.059912 ], [ 103.602464, 27.061064 ], [ 103.601968, 27.061934 ], [ 103.601472, 27.062689 ], [ 103.600839, 27.063213 ], [ 103.600465, 27.063841 ], [ 103.600221, 27.06448 ], [ 103.600236, 27.065283 ], [ 103.600312, 27.066023 ], [ 103.600563, 27.066647 ], [ 103.601143, 27.06699 ], [ 103.601982, 27.06726 ], [ 103.603211, 27.068048 ], [ 103.604183, 27.068491 ], [ 103.605999, 27.069556 ], [ 103.606907, 27.07034 ], [ 103.607495, 27.071026 ], [ 103.607899, 27.072166 ], [ 103.608242, 27.073545 ], [ 103.608593, 27.075201 ], [ 103.60907, 27.076684 ], [ 103.609673, 27.077937 ], [ 103.610291, 27.079705 ], [ 103.610947, 27.081245 ], [ 103.611862, 27.082377 ], [ 103.612782, 27.083288 ], [ 103.612904, 27.083356 ], [ 103.61388, 27.083895 ], [ 103.615162, 27.084109 ], [ 103.616486, 27.084142 ], [ 103.618244, 27.083885 ], [ 103.618706, 27.083361 ], [ 103.620312, 27.081401 ], [ 103.621876, 27.07972 ], [ 103.622635, 27.078624 ], [ 103.623131, 27.078235 ], [ 103.62381, 27.07767 ], [ 103.625019, 27.076907 ], [ 103.627426, 27.075388 ], [ 103.628258, 27.075147 ], [ 103.631775, 27.07447 ], [ 103.632927, 27.074458 ], [ 103.634403, 27.074493 ], [ 103.635555, 27.074422 ], [ 103.636151, 27.074278 ], [ 103.636299, 27.074247 ], [ 103.636437, 27.074219 ], [ 103.63707, 27.073927 ], [ 103.637635, 27.073517 ], [ 103.638142, 27.072884 ], [ 103.638714, 27.072528 ], [ 103.639798, 27.072226 ], [ 103.640625, 27.071822 ], [ 103.642224, 27.071453 ], [ 103.64304, 27.071033 ], [ 103.645512, 27.069769 ], [ 103.647168, 27.069637 ], [ 103.64866, 27.069839 ], [ 103.650716, 27.070971 ], [ 103.651559, 27.071424 ], [ 103.653752, 27.07179 ], [ 103.654458, 27.071782 ], [ 103.65516, 27.071599 ], [ 103.655862, 27.071482 ], [ 103.65656, 27.071182 ], [ 103.65688, 27.071124 ], [ 103.657262, 27.071119 ], [ 103.657853, 27.071342 ], [ 103.658372, 27.071737 ], [ 103.658753, 27.071958 ], [ 103.659089, 27.072696 ], [ 103.659238, 27.073612 ], [ 103.659131, 27.074586 ], [ 103.6592, 27.078312 ], [ 103.659154, 27.079407 ], [ 103.658738, 27.081477 ], [ 103.658433, 27.082278 ], [ 103.657781, 27.083364 ], [ 103.657746, 27.083436 ], [ 103.65738, 27.084305 ], [ 103.656255, 27.085983 ], [ 103.655682, 27.086444 ], [ 103.655187, 27.086934 ], [ 103.654862, 27.087257 ], [ 103.654168, 27.087781 ], [ 103.653218, 27.088603 ], [ 103.652409, 27.089704 ], [ 103.651788, 27.090914 ], [ 103.650933, 27.093325 ], [ 103.650498, 27.094134 ], [ 103.647843, 27.09617 ], [ 103.645329, 27.094962 ], [ 103.6452, 27.094899 ], [ 103.644315, 27.094474 ], [ 103.644089, 27.094431 ], [ 103.63931, 27.093566 ], [ 103.630734, 27.095308 ], [ 103.625012, 27.098099 ], [ 103.624165, 27.098506 ], [ 103.623131, 27.099022 ], [ 103.618805, 27.101082 ], [ 103.61892, 27.101544 ], [ 103.618679, 27.101603 ], [ 103.617851, 27.102071 ], [ 103.617737, 27.102585 ], [ 103.617874, 27.103327 ], [ 103.618088, 27.104013 ], [ 103.618687, 27.104865 ], [ 103.619145, 27.105313 ], [ 103.61961, 27.106572 ], [ 103.620198, 27.107248 ], [ 103.62074, 27.10856 ], [ 103.621014, 27.1097 ], [ 103.620892, 27.110518 ], [ 103.621506, 27.112629 ], [ 103.621781, 27.11331 ], [ 103.622116, 27.114396 ], [ 103.622193, 27.114529 ], [ 103.622513, 27.115078 ], [ 103.622719, 27.11582 ], [ 103.623131, 27.116373 ], [ 103.623283, 27.116607 ], [ 103.624607, 27.118705 ], [ 103.625019, 27.119165 ], [ 103.625065, 27.119216 ], [ 103.625652, 27.11978 ], [ 103.625965, 27.120533 ], [ 103.626442, 27.120693 ], [ 103.62748, 27.121416 ], [ 103.628449, 27.121924 ], [ 103.630077, 27.123322 ], [ 103.63131, 27.123884 ], [ 103.635246, 27.125265 ], [ 103.636719, 27.125746 ], [ 103.637753, 27.125965 ], [ 103.639801, 27.125708 ], [ 103.641026, 27.125858 ], [ 103.642628, 27.126128 ], [ 103.643792, 27.126225 ], [ 103.644879, 27.126207 ], [ 103.648335, 27.127066 ], [ 103.649739, 27.127045 ], [ 103.650357, 27.127157 ], [ 103.650975, 27.127246 ], [ 103.651147, 27.127223 ], [ 103.653787, 27.126872 ], [ 103.655263, 27.126857 ], [ 103.656739, 27.126664 ], [ 103.658082, 27.126534 ], [ 103.659558, 27.126572 ], [ 103.66082, 27.127048 ], [ 103.661347, 27.12773 ], [ 103.662129, 27.128409 ], [ 103.662846, 27.128973 ], [ 103.663758, 27.129535 ], [ 103.665379, 27.130428 ], [ 103.666291, 27.131163 ], [ 103.667328, 27.131725 ], [ 103.669072, 27.132384 ], [ 103.669983, 27.132892 ], [ 103.670502, 27.133348 ], [ 103.671803, 27.134184 ], [ 103.672776, 27.134637 ], [ 103.674176, 27.134939 ], [ 103.675526, 27.135153 ], [ 103.676743, 27.135132 ], [ 103.677639, 27.134835 ], [ 103.678842, 27.13424 ], [ 103.679543, 27.13383 ], [ 103.680238, 27.133596 ], [ 103.681081, 27.133578 ], [ 103.681912, 27.133688 ], [ 103.682885, 27.13396 ], [ 103.684041, 27.134115 ], [ 103.686066, 27.134303 ], [ 103.687863, 27.133934 ], [ 103.688557, 27.133527 ], [ 103.689324, 27.133283 ], [ 103.689957, 27.132993 ], [ 103.691113, 27.132571 ], [ 103.692063, 27.131933 ], [ 103.692757, 27.131172 ], [ 103.693444, 27.130539 ], [ 103.69421, 27.130178 ], [ 103.694737, 27.130636 ], [ 103.695126, 27.131091 ], [ 103.695271, 27.131887 ], [ 103.69561, 27.132683 ], [ 103.696473, 27.134453 ], [ 103.697422, 27.136269 ], [ 103.701346845000046, 27.137845631000062 ], [ 103.70408322600008, 27.138262036000071 ], [ 103.705391929000086, 27.138737928000069 ], [ 103.706044, 27.1394 ], [ 103.707077, 27.139619 ], [ 103.707665, 27.140123 ], [ 103.70839, 27.141027 ], [ 103.708806, 27.142339 ], [ 103.708951, 27.143371 ], [ 103.708897, 27.144005 ], [ 103.708913, 27.144862 ], [ 103.708737, 27.1455 ], [ 103.708382, 27.147397 ], [ 103.708276, 27.148488 ], [ 103.70797, 27.14935 ], [ 103.707795, 27.150388 ], [ 103.707123, 27.152059 ], [ 103.706628, 27.153152 ], [ 103.706253, 27.154071 ], [ 103.70583, 27.15534 ], [ 103.705334, 27.156266 ], [ 103.705036, 27.157644 ], [ 103.704609, 27.15874 ], [ 103.704502, 27.160001 ], [ 103.704716, 27.161141 ], [ 103.704861, 27.162117 ], [ 103.705067, 27.162743 ], [ 103.705334, 27.163369 ], [ 103.705731, 27.163994 ], [ 103.706253, 27.164335 ], [ 103.707733, 27.164541 ], [ 103.708561, 27.16436 ], [ 103.709133, 27.163951 ], [ 103.709965, 27.163768 ], [ 103.711098, 27.163214 ], [ 103.712182, 27.162856 ], [ 103.713399, 27.162787 ], [ 103.71449, 27.162889 ], [ 103.715661, 27.163441 ], [ 103.71637, 27.164064 ], [ 103.71748, 27.164679 ], [ 103.718327, 27.165582 ], [ 103.718327489000046, 27.165582664000056 ], [ 103.718914, 27.166378 ], [ 103.719124, 27.166703 ], [ 103.719574, 27.167403 ], [ 103.720116, 27.16872 ], [ 103.720459, 27.170086 ], [ 103.72049, 27.170147 ], [ 103.721802, 27.172754 ], [ 103.722531, 27.174061 ], [ 103.723378, 27.175821 ], [ 103.724232, 27.177235 ], [ 103.72477, 27.178209 ], [ 103.725441, 27.179917 ], [ 103.725594, 27.181226 ], [ 103.726136, 27.182597 ], [ 103.72712, 27.183841 ], [ 103.730358, 27.185925 ], [ 103.73106, 27.185854 ], [ 103.732033, 27.186134 ], [ 103.732552, 27.186579 ], [ 103.733658, 27.187311 ], [ 103.734306, 27.187642 ], [ 103.734696, 27.187982 ], [ 103.735153, 27.188491 ], [ 103.735363, 27.189063 ], [ 103.735623, 27.190072 ], [ 103.735661, 27.191782 ], [ 103.735944, 27.193095 ], [ 103.736089, 27.194191 ], [ 103.736302, 27.195157 ], [ 103.736706, 27.196243 ], [ 103.737164, 27.19727 ], [ 103.737759, 27.198231 ], [ 103.741914543000064, 27.199605664000046 ], [ 103.74562650200005, 27.202689446000079 ], [ 103.745226752000065, 27.209999150000044 ], [ 103.745616565000034, 27.213130461000048 ], [ 103.745617, 27.213131 ], [ 103.747242, 27.214598 ], [ 103.747887, 27.215066 ], [ 103.749257, 27.216059 ], [ 103.75002, 27.216275 ], [ 103.750608, 27.21644 ], [ 103.75279, 27.216631 ], [ 103.75414, 27.216788 ], [ 103.755033, 27.216598 ], [ 103.756124, 27.21658 ], [ 103.757535, 27.216504 ], [ 103.758756, 27.216542 ], [ 103.760106, 27.216865 ], [ 103.761144, 27.217365 ], [ 103.762303, 27.217637 ], [ 103.763463, 27.218133 ], [ 103.764241, 27.218746 ], [ 103.765027, 27.219484 ], [ 103.765622, 27.220219 ], [ 103.766286, 27.221696 ], [ 103.766816, 27.222719 ], [ 103.767533, 27.223337 ], [ 103.76806, 27.223848 ], [ 103.769738, 27.224563 ], [ 103.770326, 27.224893 ], [ 103.771539, 27.224932 ], [ 103.772565, 27.224802 ], [ 103.77335, 27.224967 ], [ 103.774373, 27.224949 ], [ 103.775414, 27.225389 ], [ 103.776059, 27.22601 ], [ 103.776265, 27.226407 ], [ 103.776288, 27.227897 ], [ 103.776425, 27.228693 ], [ 103.776707, 27.229912 ], [ 103.776917, 27.230809 ], [ 103.777119, 27.231552 ], [ 103.777386, 27.232114 ], [ 103.778042, 27.232849 ], [ 103.779881, 27.234773 ], [ 103.780663, 27.235851 ], [ 103.781391, 27.237041 ], [ 103.782002, 27.238463 ], [ 103.782524, 27.239432 ], [ 103.78273, 27.239948 ], [ 103.783905, 27.241172 ], [ 103.786046, 27.242813 ], [ 103.787602, 27.243817 ], [ 103.788259, 27.244662 ], [ 103.78872, 27.245404 ], [ 103.788995, 27.246424 ], [ 103.789208, 27.247457 ], [ 103.788964, 27.248204 ], [ 103.788732, 27.249122 ], [ 103.788587, 27.250002 ], [ 103.788503, 27.250511 ], [ 103.788198, 27.251482 ], [ 103.788091, 27.25235 ], [ 103.787786, 27.253433 ], [ 103.787686, 27.254256 ], [ 103.78777, 27.255222 ], [ 103.787907, 27.2558 ], [ 103.789954130000069, 27.254926308000051 ], [ 103.791895770000053, 27.253327310000032 ], [ 103.795664836000071, 27.250072208000063 ], [ 103.798463082000069, 27.250300636000077 ], [ 103.798748618000047, 27.254412345000048 ], [ 103.798748618000047, 27.260637015000043 ], [ 103.797892012000034, 27.267261434000034 ], [ 103.799947866000082, 27.270402323000042 ], [ 103.804459324000049, 27.270973393000077 ], [ 103.809219, 27.270917 ], [ 103.810051, 27.270848 ], [ 103.811993, 27.270818 ], [ 103.813843, 27.270445 ], [ 103.814415, 27.27003 ], [ 103.816113, 27.26869 ], [ 103.816807, 27.268097 ], [ 103.817955, 27.267683 ], [ 103.8191, 27.267375 ], [ 103.820507, 27.267294 ], [ 103.821533, 27.267444 ], [ 103.822884, 27.267589 ], [ 103.824246, 27.268105 ], [ 103.825207, 27.268372 ], [ 103.825225687000056, 27.268381500000032 ], [ 103.825982, 27.268766 ], [ 103.827977, 27.2693 ], [ 103.828686, 27.26929 ], [ 103.833222, 27.269717 ], [ 103.835774, 27.270591 ], [ 103.837361, 27.271898 ], [ 103.839116, 27.274559 ], [ 103.839574, 27.275683 ], [ 103.839932, 27.276723 ], [ 103.840199, 27.277466 ], [ 103.840153, 27.278213 ], [ 103.84023, 27.279077 ], [ 103.840192, 27.280051 ], [ 103.839589, 27.282071 ], [ 103.839219, 27.282879 ], [ 103.83886, 27.284204 ], [ 103.838746, 27.284837 ], [ 103.838891, 27.285695 ], [ 103.839165, 27.286437 ], [ 103.840672, 27.288243 ], [ 103.843484, 27.291 ], [ 103.844449, 27.291557 ], [ 103.845608, 27.291933 ], [ 103.846772, 27.292258 ], [ 103.847665, 27.292246 ], [ 103.848461, 27.291965 ], [ 103.848873, 27.291929 ], [ 103.851811, 27.290789 ], [ 103.856281, 27.290135 ], [ 103.859478, 27.289586 ], [ 103.862199, 27.286767 ], [ 103.863744, 27.285409 ], [ 103.864118, 27.286553 ], [ 103.864213, 27.289748 ], [ 103.86416, 27.294772 ], [ 103.864213, 27.301497 ], [ 103.864568, 27.305036 ], [ 103.866319, 27.308357 ], [ 103.869245, 27.309174 ], [ 103.871274, 27.310786 ], [ 103.871273486000064, 27.310790328000053 ], [ 103.870854, 27.314319 ], [ 103.872994, 27.316039 ], [ 103.874535, 27.318019 ], [ 103.874509, 27.32087 ], [ 103.873624, 27.323088 ], [ 103.872994, 27.324618 ], [ 103.87291, 27.324829 ], [ 103.872113, 27.328811 ], [ 103.872964, 27.332806 ], [ 103.873002, 27.332941 ], [ 103.87312, 27.333331 ], [ 103.873608, 27.335097 ], [ 103.874997, 27.33614 ], [ 103.875989, 27.336882 ], [ 103.876523, 27.337284 ], [ 103.877339, 27.337605 ], [ 103.878628, 27.337958 ], [ 103.879735, 27.338568 ], [ 103.881287, 27.339349 ], [ 103.882332, 27.340077 ], [ 103.883431, 27.340455 ], [ 103.884667, 27.341239 ], [ 103.885796, 27.342044 ], [ 103.887814, 27.343672 ], [ 103.888593, 27.344175 ], [ 103.889569, 27.344905 ], [ 103.890538, 27.345111 ], [ 103.891324, 27.345849 ], [ 103.892354, 27.346116 ], [ 103.89333, 27.346609 ], [ 103.894101, 27.346716 ], [ 103.89494, 27.346993 ], [ 103.895772, 27.346973 ], [ 103.89668, 27.347079 ], [ 103.897839, 27.347343 ], [ 103.898755, 27.347631 ], [ 103.899663, 27.348017 ], [ 103.90025, 27.348401 ], [ 103.900586, 27.349144 ], [ 103.900723, 27.349658 ], [ 103.900494, 27.350865 ], [ 103.900319, 27.35201 ], [ 103.900349, 27.353274 ], [ 103.900166, 27.353968 ], [ 103.900319, 27.355115 ], [ 103.900532, 27.356252 ], [ 103.900555, 27.357228 ], [ 103.900921, 27.359395 ], [ 103.900936, 27.360545 ], [ 103.900898, 27.361692 ], [ 103.901051, 27.362839 ], [ 103.901257, 27.363813 ], [ 103.902439, 27.368268 ], [ 103.90266, 27.369468 ], [ 103.902805, 27.370554 ], [ 103.903149, 27.371467 ], [ 103.903187, 27.373581 ], [ 103.90334, 27.374611 ], [ 103.903233, 27.375522 ], [ 103.902874, 27.376966 ], [ 103.902508, 27.377892 ], [ 103.902272, 27.378699 ], [ 103.901982, 27.380024 ], [ 103.901806, 27.381059 ], [ 103.90157, 27.381924 ], [ 103.901593, 27.383017 ], [ 103.901425, 27.384332 ], [ 103.901631, 27.38536 ], [ 103.901722, 27.38656 ], [ 103.901745, 27.387878 ], [ 103.901829, 27.388854 ], [ 103.902172, 27.389877 ], [ 103.90295, 27.39038 ], [ 103.903278, 27.390779 ], [ 103.904255, 27.391352 ], [ 103.905293, 27.391833 ], [ 103.906201, 27.391993 ], [ 103.906906, 27.391927 ], [ 103.907807, 27.392194 ], [ 103.909035, 27.392349 ], [ 103.909805, 27.392392 ], [ 103.911095, 27.392775 ], [ 103.911423, 27.393174 ], [ 103.912048, 27.395166 ], [ 103.912254, 27.396142 ], [ 103.912338, 27.396938 ], [ 103.913022, 27.398994 ], [ 103.91409, 27.401158 ], [ 103.914624, 27.40201 ], [ 103.915219, 27.403142 ], [ 103.91602, 27.403935 ], [ 103.916676, 27.404953 ], [ 103.917748, 27.406891 ], [ 103.918419, 27.408317 ], [ 103.918762, 27.409284 ], [ 103.918846, 27.410077 ], [ 103.918953, 27.412251 ], [ 103.919289, 27.413167 ], [ 103.919953, 27.413902 ], [ 103.920605, 27.414522 ], [ 103.921383, 27.414909 ], [ 103.922108, 27.415527 ], [ 103.922764, 27.416208 ], [ 103.923386, 27.416691 ], [ 103.923474, 27.41676 ], [ 103.924004, 27.417441 ], [ 103.92434, 27.418064 ], [ 103.924813, 27.419323 ], [ 103.924958, 27.419946 ], [ 103.924962, 27.420239 ], [ 103.924966, 27.420523 ], [ 103.924859, 27.421327 ], [ 103.924676, 27.421902 ], [ 103.924446, 27.422989 ], [ 103.924469, 27.424026 ], [ 103.924675, 27.424878 ], [ 103.924698, 27.426089 ], [ 103.92479, 27.427226 ], [ 103.925003, 27.428256 ], [ 103.925149, 27.429288 ], [ 103.925233, 27.430552 ], [ 103.925385, 27.431638 ], [ 103.925668, 27.432667 ], [ 103.92635, 27.434778 ], [ 103.927304, 27.437115 ], [ 103.928059, 27.439452 ], [ 103.928265, 27.440309 ], [ 103.928857, 27.443792 ], [ 103.929269, 27.445041 ], [ 103.929879, 27.446526 ], [ 103.930535, 27.447488 ], [ 103.931126, 27.447653 ], [ 103.931767, 27.447696 ], [ 103.932149, 27.447638 ], [ 103.93279, 27.447399 ], [ 103.93348, 27.446587 ], [ 103.934296, 27.445483 ], [ 103.935113, 27.444553 ], [ 103.935734, 27.444132 ], [ 103.93655, 27.443145 ], [ 103.937054, 27.442683 ], [ 103.937492, 27.441927 ], [ 103.938377, 27.441393 ], [ 103.940281, 27.439665 ], [ 103.941544, 27.438322 ], [ 103.942048, 27.437859 ], [ 103.94262, 27.437564 ], [ 103.943386, 27.43704 ], [ 103.944081, 27.436684 ], [ 103.945488, 27.436201 ], [ 103.946713, 27.436186 ], [ 103.94801, 27.43645 ], [ 103.948494, 27.436767 ], [ 103.949795, 27.437258 ], [ 103.950573, 27.437591 ], [ 103.951539, 27.43781 ], [ 103.952569, 27.437856 ], [ 103.952954, 27.437731 ], [ 103.954091, 27.436452 ], [ 103.954461, 27.435707 ], [ 103.954514, 27.435076 ], [ 103.954933, 27.432948 ], [ 103.955094, 27.431336 ], [ 103.955399, 27.430588 ], [ 103.955967, 27.430006 ], [ 103.956661, 27.429418 ], [ 103.957428, 27.428894 ], [ 103.958108, 27.428368 ], [ 103.958813, 27.428132 ], [ 103.9599, 27.42789 ], [ 103.960839, 27.427725 ], [ 103.962899, 27.427356 ], [ 103.963993, 27.427341 ], [ 103.965153, 27.427153 ], [ 103.96624, 27.427138 ], [ 103.96753, 27.426942 ], [ 103.968552, 27.426698 ], [ 103.969513, 27.426339 ], [ 103.970475, 27.425925 ], [ 103.971623, 27.425393 ], [ 103.972638, 27.424467 ], [ 103.973599, 27.423215 ], [ 103.97466, 27.421762 ], [ 103.975804, 27.420887 ], [ 103.976517, 27.420142 ], [ 103.976693, 27.419959 ], [ 103.97791, 27.419653 ], [ 103.979394, 27.419742 ], [ 103.980363, 27.420121 ], [ 103.981591, 27.420114 ], [ 103.982106, 27.419877 ], [ 103.984097, 27.419618 ], [ 103.985497, 27.419983 ], [ 103.986115, 27.420123 ], [ 103.986462, 27.420202 ], [ 103.988014, 27.420235 ], [ 103.989369, 27.420619 ], [ 103.99041, 27.42083 ], [ 103.99231, 27.422119 ], [ 103.993168, 27.423083 ], [ 103.993958, 27.424047 ], [ 103.994946, 27.425006 ], [ 103.995808, 27.426023 ], [ 103.996529, 27.42671 ], [ 103.997067, 27.427501 ], [ 103.997902, 27.428218 ], [ 103.997876, 27.428181 ], [ 103.998909, 27.429151 ], [ 103.999577, 27.429881 ], [ 104.000046, 27.430191 ], [ 104.000428, 27.430448 ], [ 104.001996, 27.431684 ], [ 104.003895, 27.432803 ], [ 104.005528, 27.433874 ], [ 104.006238, 27.434036 ], [ 104.007012, 27.434026 ], [ 104.007523, 27.433841 ], [ 104.008412131000057, 27.433598149000034 ], [ 104.00842, 27.433596 ], [ 104.009125, 27.433243 ], [ 104.00956, 27.432724 ], [ 104.009945, 27.432493 ], [ 104.009999, 27.432032 ], [ 104.009961, 27.430255 ], [ 104.010022, 27.429914 ], [ 104.010006, 27.42939 ], [ 104.01006, 27.428759 ], [ 104.010037, 27.427609 ], [ 104.009953, 27.426868 ], [ 104.009682, 27.426296 ], [ 104.009545, 27.425607 ], [ 104.009469, 27.42504 ], [ 104.009446, 27.424127 ], [ 104.009369, 27.423496 ], [ 104.009354, 27.42281 ], [ 104.009453, 27.421546 ], [ 104.009438, 27.420681 ], [ 104.009583, 27.420071 ], [ 104.009789, 27.419186 ], [ 104.010228, 27.418324 ], [ 104.010533, 27.41736 ], [ 104.010911, 27.416694 ], [ 104.011094, 27.416383 ], [ 104.011788, 27.415742 ], [ 104.013169, 27.414112 ], [ 104.013741, 27.413595 ], [ 104.014317, 27.413359 ], [ 104.015011, 27.412939 ], [ 104.015465, 27.41271 ], [ 104.016335, 27.412827 ], [ 104.016644, 27.41226 ], [ 104.01682, 27.411251 ], [ 104.016987, 27.406234 ], [ 104.016827, 27.402932 ], [ 104.016682, 27.401215 ], [ 104.016342, 27.398052 ], [ 104.016648, 27.395622 ], [ 104.01682, 27.39476 ], [ 104.01698, 27.393038 ], [ 104.016827, 27.392176 ], [ 104.016167, 27.390599 ], [ 104.015847, 27.39002 ], [ 104.01537, 27.388878 ], [ 104.015202, 27.387721 ], [ 104.015355, 27.386141 ], [ 104.015694, 27.384857 ], [ 104.015839, 27.383992 ], [ 104.016486222000083, 27.381559683000035 ], [ 104.016488, 27.381553 ], [ 104.0168, 27.380556 ], [ 104.020214, 27.377416 ], [ 104.021817, 27.3757 ], [ 104.022782, 27.374265 ], [ 104.025971, 27.371226 ], [ 104.026928, 27.370657 ], [ 104.027581, 27.370375 ], [ 104.029347, 27.36995 ], [ 104.030304, 27.369807 ], [ 104.032395, 27.36924 ], [ 104.033528, 27.367671 ], [ 104.035408, 27.365777 ], [ 104.038624, 27.364353 ], [ 104.04023, 27.363926 ], [ 104.043602, 27.362792 ], [ 104.044583, 27.362359 ], [ 104.052094, 27.35833 ], [ 104.05338, 27.357765 ], [ 104.054986, 27.356471 ], [ 104.057713, 27.352327 ], [ 104.059655, 27.350323 ], [ 104.060925, 27.349588 ], [ 104.061551, 27.349296 ], [ 104.063809, 27.348728 ], [ 104.064786, 27.348159 ], [ 104.066705, 27.346293 ], [ 104.067681, 27.345724 ], [ 104.068959, 27.345291 ], [ 104.070397, 27.345014 ], [ 104.072956, 27.343422 ], [ 104.074231, 27.342992 ], [ 104.075184, 27.342565 ], [ 104.077446, 27.340851 ], [ 104.078408, 27.339561 ], [ 104.078919, 27.338646 ], [ 104.079846, 27.336982 ], [ 104.080059, 27.336565 ], [ 104.080647, 27.335408 ], [ 104.08128, 27.334549 ], [ 104.082726, 27.333397 ], [ 104.084832, 27.333397 ], [ 104.087544, 27.333829 ], [ 104.089139, 27.334264 ], [ 104.091878, 27.335256 ], [ 104.094235, 27.33655 ], [ 104.094758, 27.336838 ], [ 104.097977, 27.338275 ], [ 104.099892, 27.338992 ], [ 104.10167, 27.339561 ], [ 104.102799, 27.339849 ], [ 104.103745, 27.339999 ], [ 104.107926, 27.340576 ], [ 104.10936, 27.340708 ], [ 104.110818, 27.340423 ], [ 104.112565, 27.339126 ], [ 104.114022, 27.336544 ], [ 104.114491, 27.335113 ], [ 104.115849, 27.333341 ], [ 104.115926, 27.333245 ], [ 104.116231, 27.332678 ], [ 104.117688, 27.33239 ], [ 104.12259, 27.331058 ], [ 104.124585, 27.330535 ], [ 104.125012, 27.330408 ], [ 104.127484, 27.329668 ], [ 104.128106, 27.329383 ], [ 104.129548, 27.328379 ], [ 104.130204, 27.327659 ], [ 104.131627, 27.32551 ], [ 104.132268, 27.323926 ], [ 104.131955, 27.322209 ], [ 104.130665, 27.319487 ], [ 104.129532, 27.317188 ], [ 104.129059, 27.315894 ], [ 104.128907, 27.31504 ], [ 104.128899, 27.312891 ], [ 104.129204, 27.310592 ], [ 104.12954, 27.3093 ], [ 104.130498, 27.307573 ], [ 104.136418, 27.302711 ], [ 104.137539, 27.301561 ], [ 104.138661, 27.299977 ], [ 104.140747, 27.296243 ], [ 104.142186, 27.292794 ], [ 104.142659, 27.29194 ], [ 104.145066, 27.288918 ], [ 104.148743, 27.284913 ], [ 104.150975, 27.283334 ], [ 104.15339, 27.2819 ], [ 104.161084, 27.275291 ], [ 104.163945, 27.271274 ], [ 104.166184, 27.268975 ], [ 104.166184076000036, 27.268974901000036 ], [ 104.166512, 27.26855 ], [ 104.166977, 27.268542 ], [ 104.167626, 27.268255 ], [ 104.169869, 27.267103 ], [ 104.17022, 27.266866 ], [ 104.172879, 27.268266 ], [ 104.173337, 27.268658 ], [ 104.173802, 27.269273 ], [ 104.174844, 27.270171 ], [ 104.176206, 27.271061 ], [ 104.176793, 27.271283 ], [ 104.177434, 27.271328 ], [ 104.178277, 27.271766 ], [ 104.178849, 27.271758 ], [ 104.179246, 27.272094 ], [ 104.180738, 27.27304 ], [ 104.181256, 27.273429 ], [ 104.181783, 27.273935 ], [ 104.183694, 27.276127 ], [ 104.184213, 27.276582 ], [ 104.184674, 27.277144 ], [ 104.185475, 27.277966 ], [ 104.185818, 27.27847 ], [ 104.186352, 27.279609 ], [ 104.186627, 27.280339 ], [ 104.186665, 27.282013 ], [ 104.186497, 27.28287 ], [ 104.186833, 27.286709 ], [ 104.187363, 27.287673 ], [ 104.187508, 27.288352 ], [ 104.187707, 27.288812 ], [ 104.188294, 27.28914 ], [ 104.18945, 27.289344 ], [ 104.19061, 27.289385 ], [ 104.192017, 27.28958 ], [ 104.19291, 27.289341 ], [ 104.19399, 27.288911 ], [ 104.195195, 27.288311 ], [ 104.196397, 27.287602 ], [ 104.197533, 27.287004 ], [ 104.198319, 27.286494 ], [ 104.200269, 27.285022 ], [ 104.20147, 27.284584 ], [ 104.202424, 27.284111 ], [ 104.203637, 27.283798 ], [ 104.205548, 27.283183 ], [ 104.206693, 27.282875 ], [ 104.207902, 27.282679 ], [ 104.209184, 27.282712 ], [ 104.212597, 27.282607 ], [ 104.213826, 27.282874 ], [ 104.214982, 27.283078 ], [ 104.21576, 27.28347 ], [ 104.216347, 27.284141 ], [ 104.217294, 27.285734 ], [ 104.217446, 27.286697 ], [ 104.217267, 27.287618 ], [ 104.216783, 27.28849 ], [ 104.216348, 27.289185 ], [ 104.215974, 27.289886 ], [ 104.215676, 27.290807 ], [ 104.215172, 27.291439 ], [ 104.21436, 27.292373 ], [ 104.214451, 27.293403 ], [ 104.213948, 27.294044 ], [ 104.213322, 27.294634 ], [ 104.212895, 27.295671 ], [ 104.21246, 27.296312 ], [ 104.211777, 27.296838 ], [ 104.210175, 27.297771 ], [ 104.209481, 27.298353 ], [ 104.209115, 27.299057 ], [ 104.20881, 27.299752 ], [ 104.208505, 27.300273 ], [ 104.20839, 27.301021 ], [ 104.208535, 27.301761 ], [ 104.20881, 27.302386 ], [ 104.209077, 27.303126 ], [ 104.209794, 27.303625 ], [ 104.210713, 27.304025 ], [ 104.211682, 27.304292 ], [ 104.211684132000073, 27.30429158000004 ], [ 104.214238, 27.303788 ], [ 104.215638, 27.303417 ], [ 104.218392, 27.3029 ], [ 104.219655, 27.302483 ], [ 104.220681, 27.302053 ], [ 104.221505, 27.301527 ], [ 104.222317, 27.300934 ], [ 104.223213, 27.300242 ], [ 104.223912, 27.299886 ], [ 104.224675, 27.29935 ], [ 104.225239, 27.299052 ], [ 104.226521, 27.298915 ], [ 104.227669, 27.298831 ], [ 104.229348, 27.29909 ], [ 104.230698, 27.299406 ], [ 104.231667, 27.299444 ], [ 104.232376, 27.299772 ], [ 104.232964, 27.30011 ], [ 104.23375, 27.300718 ], [ 104.234658, 27.301166 ], [ 104.236241, 27.302242 ], [ 104.237149, 27.302687 ], [ 104.238247, 27.302891 ], [ 104.240368, 27.303084 ], [ 104.241841, 27.302829 ], [ 104.243046, 27.302402 ], [ 104.24374, 27.30198 ], [ 104.244992, 27.300586 ], [ 104.245305, 27.300002 ], [ 104.245839, 27.298165 ], [ 104.246083, 27.297697 ], [ 104.246197, 27.297072 ], [ 104.246121, 27.296439 ], [ 104.246228, 27.295808 ], [ 104.24667, 27.295286 ], [ 104.247235, 27.294874 ], [ 104.247765, 27.29476 ], [ 104.248116, 27.294681 ], [ 104.249085, 27.294722 ], [ 104.249795, 27.294997 ], [ 104.250004, 27.295149 ], [ 104.251168, 27.295996 ], [ 104.251694, 27.296739 ], [ 104.252243, 27.297756 ], [ 104.252319, 27.298443 ], [ 104.252274, 27.299076 ], [ 104.25209, 27.299707 ], [ 104.251595, 27.300406 ], [ 104.251099, 27.300927 ], [ 104.250534, 27.301456 ], [ 104.250011, 27.301817 ], [ 104.249771, 27.301985 ], [ 104.249207, 27.302514 ], [ 104.24897, 27.303208 ], [ 104.248849, 27.30378 ], [ 104.248856, 27.30424 ], [ 104.249329, 27.305209 ], [ 104.250004, 27.305336 ], [ 104.25042, 27.305412 ], [ 104.251191, 27.305463 ], [ 104.2519, 27.305557 ], [ 104.252618, 27.306005 ], [ 104.253075, 27.306457 ], [ 104.253686, 27.307653 ], [ 104.254281, 27.308558 ], [ 104.254876, 27.309229 ], [ 104.255467, 27.309621 ], [ 104.255925, 27.309834 ], [ 104.256581, 27.31063 ], [ 104.256978, 27.311192 ], [ 104.257115, 27.311474 ], [ 104.257519, 27.312097 ], [ 104.257466, 27.312847 ], [ 104.257168, 27.313885 ], [ 104.256673, 27.314467 ], [ 104.255032, 27.315586 ], [ 104.254334, 27.316117 ], [ 104.253838, 27.316926 ], [ 104.253541, 27.317908 ], [ 104.252419, 27.319367 ], [ 104.252038, 27.319662 ], [ 104.251282, 27.320074 ], [ 104.250004, 27.320698 ], [ 104.249695, 27.32085 ], [ 104.248767155000053, 27.321931771000038 ], [ 104.248475671000051, 27.322360074000073 ], [ 104.248178238000037, 27.322925196000028 ], [ 104.248029522000081, 27.323876981000069 ], [ 104.248267468000051, 27.325066711000034 ], [ 104.248802847000036, 27.326851307000027 ], [ 104.24775, 27.327917 ], [ 104.246533138000075, 27.328427403000035 ], [ 104.246233326000038, 27.32915551800005 ], [ 104.246247603000086, 27.330683132000047 ], [ 104.246879350000086, 27.331996594000032 ], [ 104.24707565500006, 27.332553388000065 ], [ 104.24733, 27.333338 ], [ 104.246819, 27.334677 ], [ 104.245051924000052, 27.336850695000066 ], [ 104.245109031000084, 27.339648941000064 ], [ 104.246422493000068, 27.341247939000027 ], [ 104.249620489000051, 27.342504294000037 ], [ 104.250591309000072, 27.343303793000075 ], [ 104.251790557000049, 27.344388827000046 ], [ 104.252018986000053, 27.34730128700005 ], [ 104.253735, 27.348144 ], [ 104.254647, 27.348617 ], [ 104.255543, 27.34908 ], [ 104.255788, 27.351163 ], [ 104.257592, 27.353256 ], [ 104.25967, 27.354192 ], [ 104.261998, 27.354205 ], [ 104.264317, 27.356763 ], [ 104.265858, 27.360474 ], [ 104.269593685000075, 27.363468297000054 ], [ 104.271812, 27.363286 ], [ 104.274659, 27.363769 ], [ 104.27776, 27.366103 ], [ 104.277731441000071, 27.368036862000054 ], [ 104.277945593000084, 27.369393155000068 ], [ 104.276874835000058, 27.373390650000033 ], [ 104.276018229000044, 27.374675559000025 ], [ 104.27723175400007, 27.376460154000029 ], [ 104.278659431000051, 27.376388770000062 ], [ 104.279373269000075, 27.374889710000048 ], [ 104.279373269000075, 27.371106367000039 ], [ 104.28165755200007, 27.369821458000047 ], [ 104.283870451000041, 27.371820205000063 ], [ 104.285369511000056, 27.372962347000055 ], [ 104.28653, 27.374943 ], [ 104.290417, 27.377051 ], [ 104.292985, 27.381002 ], [ 104.295281, 27.389116 ], [ 104.298344, 27.393748 ], [ 104.300641, 27.400016 ], [ 104.302502, 27.406439 ], [ 104.306386, 27.410167 ], [ 104.313637, 27.410895 ], [ 104.318059, 27.411386 ], [ 104.320904, 27.413952 ], [ 104.323998, 27.414637 ], [ 104.326337, 27.415581 ], [ 104.326119, 27.416704 ], [ 104.325784, 27.418588 ], [ 104.32549, 27.419985 ], [ 104.325246, 27.421129 ], [ 104.32705, 27.424377 ], [ 104.329118, 27.426704 ], [ 104.330918, 27.428806 ], [ 104.330906, 27.430424 ], [ 104.330117, 27.432273 ], [ 104.32985, 27.434578 ], [ 104.330888, 27.434817 ], [ 104.332711, 27.434142 ], [ 104.33376, 27.432298 ], [ 104.3353, 27.43066 ], [ 104.337379, 27.430904 ], [ 104.338142, 27.433918 ], [ 104.33839, 27.435767 ], [ 104.339417, 27.438552 ], [ 104.338104, 27.43993 ], [ 104.336281, 27.440615 ], [ 104.333966, 27.442004 ], [ 104.331349, 27.445226 ], [ 104.330937, 27.445857 ], [ 104.330457, 27.447304 ], [ 104.330458038000074, 27.447313148000035 ], [ 104.330541, 27.448044 ], [ 104.330815, 27.448787 ], [ 104.331345, 27.449402 ], [ 104.333691, 27.450575 ], [ 104.334603, 27.450778 ], [ 104.335728, 27.451313 ], [ 104.336507, 27.451642 ], [ 104.337693, 27.452534 ], [ 104.339542, 27.454104 ], [ 104.340462, 27.454778 ], [ 104.341187, 27.455569 ], [ 104.341915, 27.456185 ], [ 104.342449, 27.457039 ], [ 104.343323, 27.458626 ], [ 104.344002, 27.459996 ], [ 104.344402, 27.460619 ], [ 104.344997, 27.4613 ], [ 104.345142, 27.46187 ], [ 104.345478, 27.462496 ], [ 104.345894, 27.463574 ], [ 104.345779, 27.464205 ], [ 104.345272, 27.464614 ], [ 104.344448, 27.46498 ], [ 104.343171, 27.465792 ], [ 104.342988, 27.466079 ], [ 104.343575, 27.466761 ], [ 104.344372, 27.467488 ], [ 104.345612, 27.468101 ], [ 104.346978, 27.468704 ], [ 104.347996, 27.469071 ], [ 104.349228, 27.469448 ], [ 104.355187, 27.468835 ], [ 104.358731, 27.470081 ], [ 104.360806, 27.470926 ], [ 104.361764, 27.470509 ], [ 104.363606, 27.469219 ], [ 104.364545, 27.468169 ], [ 104.365239, 27.467866 ], [ 104.365945, 27.467391 ], [ 104.36797, 27.465404 ], [ 104.368542, 27.465162 ], [ 104.369122, 27.465266 ], [ 104.369973, 27.465594 ], [ 104.370805, 27.466104 ], [ 104.371655, 27.466775 ], [ 104.372373, 27.46705 ], [ 104.372529, 27.467073 ], [ 104.373074, 27.467142 ], [ 104.373597, 27.467414 ], [ 104.374756, 27.467394 ], [ 104.375027, 27.467404 ], [ 104.375851, 27.467427 ], [ 104.377194, 27.467119 ], [ 104.379944, 27.46627 ], [ 104.380772, 27.465848 ], [ 104.382038, 27.465299 ], [ 104.385391, 27.464126 ], [ 104.38686, 27.463358 ], [ 104.388516, 27.462976 ], [ 104.389725, 27.462386 ], [ 104.392029, 27.461768 ], [ 104.393765, 27.461794 ], [ 104.395611, 27.460835 ], [ 104.397392, 27.46023 ], [ 104.398835, 27.459441 ], [ 104.399903, 27.458388 ], [ 104.400636, 27.457 ], [ 104.40323651600005, 27.455769262000047 ], [ 104.406151355000077, 27.45672104700003 ], [ 104.409125682000081, 27.459873833000074 ], [ 104.410910277000085, 27.458565129000078 ], [ 104.411207710000042, 27.455650289000062 ], [ 104.40978003400005, 27.452675963000047 ], [ 104.408768763000069, 27.450950854000041 ], [ 104.40817389700004, 27.448630879000063 ], [ 104.408352357000069, 27.447024743000043 ], [ 104.409436, 27.446095 ], [ 104.410184, 27.445682 ], [ 104.410817, 27.44516 ], [ 104.411568, 27.444171 ], [ 104.411801, 27.443306 ], [ 104.41177, 27.442213 ], [ 104.412144, 27.441575 ], [ 104.412182, 27.440549 ], [ 104.412671, 27.439674 ], [ 104.413045, 27.439153 ], [ 104.41425, 27.438606 ], [ 104.415471, 27.438413 ], [ 104.416695, 27.43839 ], [ 104.417836, 27.438131 ], [ 104.41866, 27.437655 ], [ 104.419217, 27.436729 ], [ 104.419827, 27.435341 ], [ 104.420575, 27.434401 ], [ 104.421464, 27.433925 ], [ 104.422345, 27.433396 ], [ 104.423569, 27.43286 ], [ 104.425038, 27.432542 ], [ 104.425995, 27.432407 ], [ 104.42741, 27.432153 ], [ 104.429505, 27.431365 ], [ 104.430016, 27.431121 ], [ 104.43071, 27.430709 ], [ 104.432045, 27.430159 ], [ 104.433068, 27.429913 ], [ 104.433773, 27.429897 ], [ 104.437413, 27.431261 ], [ 104.438691, 27.431294 ], [ 104.44119, 27.430945 ], [ 104.442403, 27.430696 ], [ 104.443795, 27.430149 ], [ 104.444939, 27.42943 ], [ 104.445756, 27.428781 ], [ 104.4465, 27.427795 ], [ 104.447567, 27.426697 ], [ 104.44838, 27.425987 ], [ 104.449265, 27.425455 ], [ 104.450096, 27.425033 ], [ 104.450985, 27.424728 ], [ 104.452068, 27.424588 ], [ 104.452908, 27.424624 ], [ 104.454186, 27.424545 ], [ 104.45554, 27.424855 ], [ 104.456493, 27.42455 ], [ 104.457253, 27.424072 ], [ 104.457863, 27.422961 ], [ 104.458801, 27.421749 ], [ 104.459484, 27.42093 ], [ 104.460446, 27.420069 ], [ 104.460629, 27.419922 ], [ 104.461327, 27.419357 ], [ 104.462341, 27.418935 ], [ 104.463223, 27.418513 ], [ 104.464447, 27.418658 ], [ 104.465416, 27.418866 ], [ 104.466381, 27.419131 ], [ 104.467091, 27.419166 ], [ 104.46798, 27.418978 ], [ 104.46875, 27.418729 ], [ 104.469509, 27.418538 ], [ 104.47015, 27.418467 ], [ 104.471817, 27.418431 ], [ 104.473003, 27.418379 ], [ 104.47398, 27.418761 ], [ 104.474876, 27.418743 ], [ 104.475578, 27.418672 ], [ 104.476788, 27.41824 ], [ 104.477737, 27.417988 ], [ 104.478882, 27.417449 ], [ 104.479832, 27.41708 ], [ 104.480591, 27.416828 ], [ 104.481293, 27.416645 ], [ 104.481804, 27.41651 ], [ 104.48225, 27.416566 ], [ 104.482506, 27.41664 ], [ 104.482967, 27.416775 ], [ 104.483933, 27.417154 ], [ 104.484978, 27.417644 ], [ 104.486111, 27.418349 ], [ 104.487206, 27.418494 ], [ 104.488171, 27.418812 ], [ 104.48901, 27.41902 ], [ 104.490105, 27.419165 ], [ 104.491131, 27.419203 ], [ 104.492161, 27.41929 ], [ 104.493249, 27.419264 ], [ 104.494252, 27.418328 ], [ 104.494809, 27.417571 ], [ 104.495230367000033, 27.416815927000073 ], [ 104.495232, 27.416813 ], [ 104.495297, 27.416642 ], [ 104.495537, 27.415999 ], [ 104.495522, 27.415535 ], [ 104.494938, 27.415265 ], [ 104.493825, 27.414433 ], [ 104.491482, 27.412997 ], [ 104.490502, 27.412157 ], [ 104.489464, 27.411552 ], [ 104.489117, 27.410586 ], [ 104.488713, 27.409853 ], [ 104.488797, 27.408136 ], [ 104.488789, 27.407619 ], [ 104.488895160000084, 27.406986009000036 ], [ 104.488896, 27.406981 ], [ 104.489327, 27.406284 ], [ 104.489892, 27.40587 ], [ 104.490788, 27.405905 ], [ 104.491688, 27.40577 ], [ 104.493588, 27.405043 ], [ 104.494786, 27.404204 ], [ 104.495484, 27.403906 ], [ 104.496048, 27.403545 ], [ 104.49667, 27.402668 ], [ 104.496892, 27.401341 ], [ 104.497189, 27.400476 ], [ 104.497044, 27.399906 ], [ 104.497477325000034, 27.399268464000045 ], [ 104.497479, 27.399266 ], [ 104.497582, 27.399166 ], [ 104.497941, 27.398891 ], [ 104.498711, 27.399046 ], [ 104.499997, 27.399412 ], [ 104.50084, 27.399687 ], [ 104.502133, 27.400175 ], [ 104.504067, 27.400643 ], [ 104.505238, 27.401134 ], [ 104.506463, 27.401559 ], [ 104.508671, 27.402986 ], [ 104.510506, 27.403825 ], [ 104.514096, 27.404794 ], [ 104.515748, 27.404641 ], [ 104.515908, 27.403614 ], [ 104.515831, 27.402983 ], [ 104.515618, 27.402126 ], [ 104.515343, 27.401556 ], [ 104.513775, 27.400455 ], [ 104.513253, 27.399949 ], [ 104.511693, 27.399008 ], [ 104.510777, 27.398339 ], [ 104.509637, 27.397698 ], [ 104.508862, 27.397436 ], [ 104.507883268000057, 27.397202871000047 ], [ 104.506883894000055, 27.396631801000069 ], [ 104.506122466000079, 27.395204124000031 ], [ 104.505575190000059, 27.393205377000072 ], [ 104.506503180000038, 27.391492165000045 ], [ 104.507217018000063, 27.389778953000075 ], [ 104.508716079000067, 27.387494670000024 ], [ 104.509236586000043, 27.385445360000062 ], [ 104.508998640000073, 27.38324435800007 ], [ 104.510069397000052, 27.381757195000034 ], [ 104.511616047000075, 27.380864897000038 ], [ 104.51281, 27.380124 ], [ 104.513356, 27.37902 ], [ 104.513905, 27.378035 ], [ 104.514885, 27.376407 ], [ 104.515931, 27.374487 ], [ 104.516301, 27.374019 ], [ 104.51698, 27.372972 ], [ 104.517483, 27.372501 ], [ 104.518174, 27.371968 ], [ 104.51867, 27.371436 ], [ 104.51978, 27.369748 ], [ 104.51994, 27.368603 ], [ 104.52028025900006, 27.361953536000044 ], [ 104.52028025900006, 27.357099435000066 ], [ 104.524568, 27.352991 ], [ 104.528962, 27.345762 ], [ 104.535427, 27.343588 ], [ 104.536602, 27.341721 ], [ 104.536972, 27.340875 ], [ 104.537048, 27.340699 ], [ 104.537659, 27.337978 ], [ 104.537895, 27.337218 ], [ 104.53785, 27.336813 ], [ 104.537811, 27.336478 ], [ 104.53785, 27.335621 ], [ 104.53711, 27.333331 ], [ 104.537095, 27.333287 ], [ 104.537178, 27.331566 ], [ 104.537473255000066, 27.330875420000041 ], [ 104.537476, 27.330869 ], [ 104.538224, 27.329704 ], [ 104.53872, 27.329236 ], [ 104.539219, 27.328941 ], [ 104.539738, 27.328931 ], [ 104.540249, 27.328796 ], [ 104.540585, 27.32931 ], [ 104.541352, 27.329574 ], [ 104.541748, 27.329852 ], [ 104.542077, 27.330251 ], [ 104.542428, 27.331271 ], [ 104.542565, 27.331497 ], [ 104.54274554400007, 27.33169218300003 ], [ 104.542824, 27.331777 ], [ 104.542931, 27.331983 ], [ 104.543026, 27.332174 ], [ 104.543423, 27.332743 ], [ 104.544003, 27.332842 ], [ 104.544522, 27.332998 ], [ 104.544972, 27.333051 ], [ 104.54567, 27.332972 ], [ 104.546311, 27.332672 ], [ 104.547142, 27.332766 ], [ 104.548047, 27.332773 ], [ 104.550423, 27.332829 ], [ 104.551724, 27.333323 ], [ 104.552426, 27.33359 ], [ 104.553326, 27.333681 ], [ 104.554425, 27.333946 ], [ 104.555451, 27.334091 ], [ 104.557137, 27.334681 ], [ 104.557908, 27.334554 ], [ 104.559697, 27.33451 ], [ 104.560948, 27.334903 ], [ 104.562371, 27.335277 ], [ 104.563592, 27.335358 ], [ 104.564874, 27.335333 ], [ 104.566411, 27.335119 ], [ 104.568013, 27.335203 ], [ 104.569294, 27.334718 ], [ 104.570439, 27.334403 ], [ 104.572918, 27.333334 ], [ 104.573036, 27.33328 ], [ 104.574242, 27.332505 ], [ 104.575188, 27.331859 ], [ 104.57631, 27.33074 ], [ 104.577683, 27.329219 ], [ 104.578377, 27.328401 ], [ 104.579316, 27.327582 ], [ 104.580071, 27.327051 ], [ 104.580964, 27.326682 ], [ 104.581856, 27.32655 ], [ 104.582696, 27.326758 ], [ 104.583855, 27.326909 ], [ 104.585458, 27.326708 ], [ 104.586159, 27.326519 ], [ 104.586602, 27.326105 ], [ 104.587159, 27.325467 ], [ 104.587586, 27.324592 ], [ 104.587762, 27.323844 ], [ 104.587601, 27.322878 ], [ 104.58764, 27.321905 ], [ 104.587937, 27.320804 ], [ 104.588486, 27.319876 ], [ 104.58986, 27.318238 ], [ 104.590806, 27.317709 ], [ 104.591622, 27.316943 ], [ 104.592496, 27.316061 ], [ 104.592931, 27.315484 ], [ 104.593487, 27.314665 ], [ 104.59393, 27.314314 ], [ 104.594243, 27.314133 ], [ 104.594693, 27.314179 ], [ 104.595021, 27.314288 ], [ 104.595547, 27.31485 ], [ 104.596394, 27.315349 ], [ 104.596989, 27.315794 ], [ 104.597893, 27.316354 ], [ 104.598664, 27.316285 ], [ 104.599496, 27.315974 ], [ 104.601857, 27.315295 ], [ 104.60236, 27.314934 ], [ 104.603387, 27.311106 ], [ 104.604592, 27.310321 ], [ 104.606175, 27.310089 ], [ 104.607685, 27.309795 ], [ 104.60936, 27.310061 ], [ 104.611611, 27.311036 ], [ 104.612679, 27.311745 ], [ 104.613728, 27.312236 ], [ 104.614369, 27.312401 ], [ 104.615025, 27.312783 ], [ 104.615555, 27.313238 ], [ 104.615952, 27.313797 ], [ 104.616547, 27.314303 ], [ 104.617523, 27.314794 ], [ 104.618557, 27.315061 ], [ 104.619736, 27.315723 ], [ 104.620461, 27.31617 ], [ 104.621369, 27.3165 ], [ 104.62275, 27.317352 ], [ 104.622776, 27.317382 ], [ 104.623497, 27.317766 ], [ 104.625015, 27.318882 ], [ 104.626049, 27.319264 ], [ 104.627426, 27.320444 ], [ 104.628281, 27.320996 ], [ 104.634809666000081, 27.322276024000075 ], [ 104.644684429000051, 27.32373939200005 ], [ 104.652964954000083, 27.323834571000077 ], [ 104.656165329000032, 27.321978591000061 ], [ 104.656462761000057, 27.320193995000068 ], [ 104.657628697000064, 27.318790113000034 ], [ 104.660198515000047, 27.319361184000059 ], [ 104.665052616000082, 27.321169574000066 ], [ 104.671905463000087, 27.323644214000069 ], [ 104.675617423000062, 27.326975459000039 ], [ 104.68075705800004, 27.329830812000068 ], [ 104.679805274000046, 27.332210273000044 ], [ 104.680661880000059, 27.333828307000033 ], [ 104.682946162000064, 27.336683660000062 ], [ 104.688085798000088, 27.336588482000025 ], [ 104.687990620000051, 27.334018664000041 ], [ 104.68960865300005, 27.333733128000063 ], [ 104.692857, 27.336806 ], [ 104.693307, 27.338055 ], [ 104.693642, 27.338731 ], [ 104.694112, 27.33924 ], [ 104.694699, 27.339683 ], [ 104.69555, 27.34013 ], [ 104.696267, 27.340575 ], [ 104.697171, 27.340616 ], [ 104.697731, 27.340813 ], [ 104.698433, 27.340737 ], [ 104.699337, 27.340775 ], [ 104.700436, 27.34099 ], [ 104.702954, 27.34128 ], [ 104.704056, 27.341427 ], [ 104.705609, 27.341687 ], [ 104.706581, 27.341954 ], [ 104.70879, 27.342826 ], [ 104.709641, 27.34321 ], [ 104.711231, 27.34418 ], [ 104.712082, 27.344625 ], [ 104.713242, 27.344882 ], [ 104.715843, 27.345576 ], [ 104.717068, 27.345831 ], [ 104.718044, 27.346161 ], [ 104.718819, 27.346253 ], [ 104.718821365000053, 27.346252804000073 ], [ 104.71965, 27.346184 ], [ 104.72086, 27.345464 ], [ 104.721993, 27.344531 ], [ 104.724102, 27.343247 ], [ 104.724613, 27.343067 ], [ 104.725498, 27.34253 ], [ 104.726517, 27.342108 ], [ 104.727272, 27.341523 ], [ 104.728291, 27.340875 ], [ 104.729107, 27.34028 ], [ 104.729867, 27.339525 ], [ 104.730561, 27.339103 ], [ 104.731515, 27.338798 ], [ 104.732342, 27.338375 ], [ 104.733166, 27.338017 ], [ 104.734711, 27.337984 ], [ 104.735527, 27.338344 ], [ 104.736561, 27.338665 ], [ 104.737164, 27.339397 ], [ 104.737751, 27.339786 ], [ 104.738285, 27.340516 ], [ 104.738953, 27.341251 ], [ 104.739685, 27.342326 ], [ 104.740227, 27.343232 ], [ 104.741093, 27.344137 ], [ 104.742275, 27.345195 ], [ 104.74358, 27.345973 ], [ 104.744629, 27.346517 ], [ 104.745346, 27.34696 ], [ 104.746247, 27.347399 ], [ 104.747422, 27.347717 ], [ 104.748761, 27.348075 ], [ 104.749738, 27.348627 ], [ 104.750016, 27.348657 ], [ 104.750649, 27.348726 ], [ 104.751802, 27.348757 ], [ 104.752374, 27.348568 ], [ 104.75319, 27.347691 ], [ 104.754106, 27.346005 ], [ 104.755055, 27.345466 ], [ 104.757581, 27.341679 ], [ 104.758084, 27.341158 ], [ 104.758679, 27.340058 ], [ 104.75948, 27.339005 ], [ 104.760091, 27.337957 ], [ 104.760896, 27.336716 ], [ 104.760957, 27.336625 ], [ 104.761903, 27.33603 ], [ 104.763596, 27.334723 ], [ 104.76429, 27.333905 ], [ 104.764195, 27.333335 ], [ 104.764138, 27.332995 ], [ 104.763596, 27.332209 ], [ 104.762802, 27.331186 ], [ 104.763064720000045, 27.329538759000059 ], [ 104.763350255000034, 27.328111082000078 ], [ 104.765634538000086, 27.321924483000032 ], [ 104.768109177000042, 27.319830558000035 ], [ 104.772011493000036, 27.32078234200003 ], [ 104.776675237000063, 27.32049680700004 ], [ 104.784099155000035, 27.322685911000065 ], [ 104.787003, 27.324608 ], [ 104.787423, 27.327983 ], [ 104.787568, 27.328779 ], [ 104.787835, 27.329293 ], [ 104.788361, 27.329799 ], [ 104.789284, 27.330521 ], [ 104.791031, 27.330936 ], [ 104.79155, 27.331098 ], [ 104.792008, 27.331658 ], [ 104.792058, 27.333318 ], [ 104.792069, 27.333718 ], [ 104.792096, 27.334079 ], [ 104.792184, 27.335097 ], [ 104.79242, 27.336638 ], [ 104.792443, 27.336729 ], [ 104.792703, 27.337721 ], [ 104.79326, 27.339023 ], [ 104.794766, 27.340422 ], [ 104.795689, 27.341431 ], [ 104.796681, 27.342379 ], [ 104.797558, 27.343415 ], [ 104.797962, 27.344153 ], [ 104.798695, 27.344992 ], [ 104.799626, 27.346231 ], [ 104.800167, 27.347077 ], [ 104.800888, 27.347982 ], [ 104.801224, 27.348318 ], [ 104.802155, 27.349445 ], [ 104.803536, 27.3505 ], [ 104.804123, 27.351059 ], [ 104.804459, 27.351512 ], [ 104.804505, 27.352936 ], [ 104.805406, 27.35572 ], [ 104.805558, 27.356353 ], [ 104.805642, 27.357146 ], [ 104.805978, 27.357769 ], [ 104.80631, 27.358286 ], [ 104.806836, 27.358555 ], [ 104.807286, 27.358598 ], [ 104.807729, 27.358474 ], [ 104.808293, 27.358006 ], [ 104.809056, 27.357815 ], [ 104.809621, 27.357167 ], [ 104.810334, 27.356824 ], [ 104.811288, 27.356343 ], [ 104.812242, 27.356094 ], [ 104.8136, 27.356463 ], [ 104.815084, 27.356821 ], [ 104.816556, 27.356615 ], [ 104.818288, 27.356684 ], [ 104.819367, 27.356379 ], [ 104.820504, 27.355718 ], [ 104.821454488000086, 27.355347369000071 ], [ 104.821458, 27.355346 ], [ 104.82227, 27.354525 ], [ 104.822758, 27.353953 ], [ 104.823201, 27.35309 ], [ 104.823689, 27.352332 ], [ 104.825116, 27.350573 ], [ 104.82631, 27.349858 ], [ 104.827523, 27.349423 ], [ 104.828659, 27.348935 ], [ 104.82967, 27.348457 ], [ 104.830883, 27.348075 ], [ 104.833337, 27.346932 ], [ 104.834954, 27.346518 ], [ 104.835786, 27.346436 ], [ 104.836686, 27.346533 ], [ 104.837643, 27.346561 ], [ 104.839124, 27.346533 ], [ 104.840535, 27.346665 ], [ 104.841561, 27.346523 ], [ 104.842377, 27.346106 ], [ 104.843194, 27.345455 ], [ 104.844697, 27.343921 ], [ 104.846051, 27.342169 ], [ 104.846799, 27.341345 ], [ 104.847829, 27.340539 ], [ 104.848767, 27.339662 ], [ 104.849648, 27.339173 ], [ 104.851159, 27.338108 ], [ 104.851586, 27.337413 ], [ 104.851899, 27.336846 ], [ 104.851933, 27.336785 ], [ 104.852136, 27.336422 ], [ 104.852174, 27.335443 ], [ 104.852273, 27.334409 ], [ 104.851884, 27.333331 ], [ 104.851434, 27.332085 ], [ 104.85064, 27.33136 ], [ 104.849961, 27.330172 ], [ 104.848969, 27.328934 ], [ 104.848088, 27.327247 ], [ 104.847539, 27.325991 ], [ 104.846821, 27.324546 ], [ 104.846356, 27.323816 ], [ 104.84631, 27.322379 ], [ 104.846185, 27.320485 ], [ 104.847462, 27.319109 ], [ 104.847836, 27.318699 ], [ 104.84832, 27.318051 ], [ 104.848565, 27.31742 ], [ 104.84887, 27.316894 ], [ 104.849366, 27.316362 ], [ 104.849679, 27.316075 ], [ 104.849801, 27.315551 ], [ 104.849381, 27.314358 ], [ 104.848588, 27.311335 ], [ 104.848382, 27.310711 ], [ 104.848412, 27.309684 ], [ 104.848199, 27.309051 ], [ 104.848039, 27.307797 ], [ 104.848374, 27.306126 ], [ 104.848847, 27.304682 ], [ 104.849213, 27.303977 ], [ 104.849724, 27.303344 ], [ 104.850548, 27.30298 ], [ 104.851365, 27.302553 ], [ 104.852315, 27.302194 ], [ 104.853345, 27.302103 ], [ 104.856106, 27.30238 ], [ 104.857136, 27.302245 ], [ 104.858147, 27.302047 ], [ 104.859231, 27.301732 ], [ 104.860436, 27.301316 ], [ 104.862282, 27.300817 ], [ 104.8629, 27.300166 ], [ 104.863388, 27.299121 ], [ 104.864006, 27.298244 ], [ 104.864121, 27.297783 ], [ 104.864804, 27.296859 ], [ 104.865239, 27.296389 ], [ 104.866055, 27.295847 ], [ 104.867833, 27.295114 ], [ 104.869511, 27.295537 ], [ 104.870671, 27.295511 ], [ 104.871518, 27.295997 ], [ 104.872105, 27.29645 ], [ 104.87246, 27.296689 ], [ 104.873089, 27.297125 ], [ 104.873669, 27.297571 ], [ 104.874394, 27.298064 ], [ 104.875008, 27.29882 ], [ 104.875126, 27.298967 ], [ 104.875859, 27.300033 ], [ 104.876461, 27.300829 ], [ 104.877049, 27.301096 ], [ 104.878796, 27.301513 ], [ 104.880268, 27.301475 ], [ 104.88226, 27.301487 ], [ 104.883618, 27.301793 ], [ 104.88477, 27.301767 ], [ 104.886014, 27.301983 ], [ 104.886983, 27.302252 ], [ 104.887895, 27.302567 ], [ 104.888803, 27.302949 ], [ 104.889459, 27.303335 ], [ 104.889863, 27.304076 ], [ 104.890286, 27.305322 ], [ 104.890508, 27.306352 ], [ 104.890855, 27.307262 ], [ 104.891278, 27.308429 ], [ 104.8914, 27.308773 ], [ 104.891618, 27.309078 ], [ 104.891881, 27.309304 ], [ 104.892274, 27.309574 ], [ 104.893426, 27.309548 ], [ 104.894258, 27.309187 ], [ 104.895711, 27.308465 ], [ 104.896997, 27.30832 ], [ 104.898141, 27.308361 ], [ 104.899106, 27.308165 ], [ 104.900593, 27.30876 ], [ 104.901585, 27.309602 ], [ 104.902519, 27.311006 ], [ 104.903214, 27.312822 ], [ 104.903572, 27.314023 ], [ 104.904415, 27.316415 ], [ 104.905094, 27.317651 ], [ 104.905644, 27.318961 ], [ 104.906124, 27.319981 ], [ 104.907086, 27.322191 ], [ 104.907379, 27.323332 ], [ 104.907685, 27.324812 ], [ 104.908035, 27.325951 ], [ 104.908455, 27.32709 ], [ 104.908997, 27.328164 ], [ 104.909604, 27.329185 ], [ 104.910664, 27.33037 ], [ 104.911061, 27.330642 ], [ 104.912164, 27.331023 ], [ 104.912949, 27.331402 ], [ 104.915364, 27.332669 ], [ 104.916734, 27.333149 ], [ 104.917176, 27.333353 ], [ 104.917703, 27.333592 ], [ 104.920846, 27.335349 ], [ 104.921819, 27.335547 ], [ 104.923207, 27.335682 ], [ 104.92463, 27.335936 ], [ 104.928063, 27.336719 ], [ 104.928467, 27.336892 ], [ 104.930352, 27.337699 ], [ 104.931462, 27.338306 ], [ 104.932385, 27.339082 ], [ 104.934552, 27.340585 ], [ 104.935071, 27.34193 ], [ 104.935547, 27.342779 ], [ 104.936028, 27.343802 ], [ 104.936841, 27.345157 ], [ 104.937504, 27.34578 ], [ 104.938302, 27.346676 ], [ 104.939171, 27.347746 ], [ 104.939847, 27.348765 ], [ 104.941239, 27.350167 ], [ 104.942418, 27.350721 ], [ 104.944054, 27.351601 ], [ 104.944836, 27.35198 ], [ 104.945946, 27.352471 ], [ 104.947323, 27.353135 ], [ 104.948334, 27.353439 ], [ 104.950165, 27.354198 ], [ 104.95187, 27.355251 ], [ 104.952401, 27.355647 ], [ 104.953068, 27.356265 ], [ 104.953854, 27.356873 ], [ 104.953856648000055, 27.35687460500003 ], [ 104.954316, 27.357153 ], [ 104.955311, 27.358102 ], [ 104.956772, 27.359676 ], [ 104.956781006000085, 27.359683707000045 ], [ 104.957493, 27.360293 ], [ 104.958748, 27.361244 ], [ 104.960145, 27.361939 ], [ 104.961583, 27.36259 ], [ 104.962815, 27.363028 ], [ 104.964692, 27.36333 ], [ 104.966386, 27.36375 ], [ 104.968846, 27.363928 ], [ 104.970071, 27.364131 ], [ 104.971486, 27.364045 ], [ 104.974621, 27.36463 ], [ 104.975464, 27.364676 ], [ 104.976376, 27.365057 ], [ 104.978169, 27.366902 ], [ 104.978897, 27.367688 ], [ 104.979893, 27.368586 ], [ 104.980873, 27.368914 ], [ 104.983219, 27.369776 ], [ 104.984715, 27.370206 ], [ 104.985589, 27.370673 ], [ 104.98676, 27.37094 ], [ 104.989888, 27.372014 ], [ 104.991658, 27.372773 ], [ 104.992394, 27.373066 ], [ 104.99514, 27.373257 ], [ 104.996464, 27.374368 ], [ 104.997208, 27.374999 ], [ 104.997174, 27.37499 ], [ 105.000042, 27.379372 ], [ 105.000386, 27.37969 ], [ 105.000832, 27.379662 ], [ 105.001858, 27.379852 ], [ 105.002945, 27.380209 ], [ 105.004357, 27.380745 ], [ 105.006741, 27.381918 ], [ 105.007828, 27.382561 ], [ 105.009301, 27.383611 ], [ 105.011845, 27.386869 ], [ 105.013363, 27.389183 ], [ 105.016106, 27.392601 ], [ 105.01725, 27.39388 ], [ 105.018521, 27.394981 ], [ 105.019417, 27.395851 ], [ 105.020375, 27.396495 ], [ 105.021519, 27.397371 ], [ 105.022641, 27.398388 ], [ 105.023606, 27.399201 ], [ 105.025887, 27.401411 ], [ 105.026791, 27.401938 ], [ 105.027752, 27.402869 ], [ 105.02858, 27.403557 ], [ 105.029404, 27.403847 ], [ 105.030518, 27.403977 ], [ 105.033604, 27.404073 ], [ 105.034646, 27.404052 ], [ 105.035481, 27.403892 ], [ 105.036454, 27.403615 ], [ 105.037297, 27.403231 ], [ 105.037945, 27.402671 ], [ 105.038346, 27.40187 ], [ 105.038613, 27.401237 ], [ 105.039067, 27.400616 ], [ 105.039593, 27.400049 ], [ 105.039994, 27.399706 ], [ 105.040444, 27.399375 ], [ 105.041028, 27.399149 ], [ 105.041531, 27.399215 ], [ 105.042435, 27.399449 ], [ 105.042878, 27.399803 ], [ 105.044099, 27.401077 ], [ 105.044472, 27.401763 ], [ 105.044655, 27.402516 ], [ 105.043805, 27.404101 ], [ 105.043408, 27.404731 ], [ 105.041707, 27.406433 ], [ 105.041707, 27.406829 ], [ 105.042077, 27.408386 ], [ 105.04258, 27.409187 ], [ 105.043225, 27.410059 ], [ 105.043664, 27.410527 ], [ 105.043984, 27.4107 ], [ 105.045212, 27.410656 ], [ 105.046307, 27.410784 ], [ 105.048451, 27.41112 ], [ 105.049729, 27.411366 ], [ 105.050633, 27.411666 ], [ 105.051796, 27.411903 ], [ 105.052823, 27.412267 ], [ 105.053589, 27.412445 ], [ 105.054619, 27.412628 ], [ 105.055584, 27.413154 ], [ 105.05724, 27.414428 ], [ 105.058335, 27.415135 ], [ 105.05922, 27.415774 ], [ 105.060166, 27.416686 ], [ 105.060208, 27.416729 ], [ 105.061925, 27.418756 ], [ 105.062439, 27.419387 ], [ 105.062794, 27.419901 ], [ 105.062882, 27.420028 ], [ 105.06345, 27.420661 ], [ 105.064091, 27.421129 ], [ 105.065117, 27.421485 ], [ 105.065953, 27.421889 ], [ 105.06728, 27.422255 ], [ 105.070633, 27.422863 ], [ 105.072782, 27.423024 ], [ 105.074517, 27.423275 ], [ 105.076192, 27.423232 ], [ 105.077989, 27.423252 ], [ 105.079343, 27.423207 ], [ 105.080689, 27.423217 ], [ 105.082939673000055, 27.422952509000027 ], [ 105.082944, 27.422952 ], [ 105.083924, 27.422736 ], [ 105.084992, 27.422336 ], [ 105.086026, 27.421712 ], [ 105.086873, 27.421036 ], [ 105.087712, 27.420466 ], [ 105.088078, 27.419869 ], [ 105.088231, 27.419617 ], [ 105.088944, 27.41876 ], [ 105.09084, 27.417287 ], [ 105.091679, 27.416784 ], [ 105.09179, 27.416687 ], [ 105.092328, 27.416217 ], [ 105.093446, 27.415423 ], [ 105.094087, 27.415079 ], [ 105.094666, 27.414917 ], [ 105.0953, 27.41469 ], [ 105.09530043400008, 27.414689947000056 ], [ 105.0962, 27.414581 ], [ 105.097081, 27.41481 ], [ 105.09792, 27.414988 ], [ 105.0985, 27.415225 ], [ 105.099072, 27.415222 ], [ 105.099652, 27.415637 ], [ 105.101315, 27.41628 ], [ 105.102158, 27.416677 ], [ 105.104065, 27.41757 ], [ 105.104828, 27.418091 ], [ 105.10669, 27.419017 ], [ 105.107514, 27.419314 ], [ 105.10854, 27.419782 ], [ 105.108998, 27.419859 ], [ 105.109608, 27.419952 ], [ 105.11047, 27.419848 ], [ 105.110897, 27.419797 ], [ 105.111729, 27.419797 ], [ 105.112698, 27.419693 ], [ 105.114491, 27.419817 ], [ 105.114559, 27.419848 ], [ 105.115261, 27.420168 ], [ 105.116295, 27.420461 ], [ 105.117371, 27.421048 ], [ 105.118263, 27.421686 ], [ 105.118973, 27.421577 ], [ 105.119873, 27.421521 ], [ 105.121353, 27.421302 ], [ 105.121773, 27.421127 ], [ 105.121872, 27.421092 ], [ 105.122139, 27.420403 ], [ 105.122269, 27.419889 ], [ 105.122311, 27.419854 ], [ 105.122658, 27.419546 ], [ 105.123558, 27.41949 ], [ 105.124329, 27.419668 ], [ 105.125008, 27.419721 ], [ 105.125099, 27.419729 ], [ 105.125767, 27.419854 ], [ 105.126122, 27.41992 ], [ 105.127342, 27.419925 ], [ 105.127846, 27.419854 ], [ 105.128502, 27.419762 ], [ 105.129532, 27.419714 ], [ 105.130562, 27.419315 ], [ 105.131722, 27.41933 ], [ 105.132748, 27.418994 ], [ 105.133587, 27.418595 ], [ 105.133976, 27.418251 ], [ 105.134365, 27.417748 ], [ 105.134831, 27.417349 ], [ 105.135655, 27.41696 ], [ 105.136074, 27.416657 ], [ 105.136364, 27.416446 ], [ 105.137463, 27.415364 ], [ 105.138234, 27.414792 ], [ 105.138821, 27.414286 ], [ 105.13979, 27.41394 ], [ 105.140687, 27.413894 ], [ 105.141457, 27.413729 ], [ 105.142373, 27.41322 ], [ 105.143586, 27.412711 ], [ 105.144486, 27.412549 ], [ 105.145142, 27.412147 ], [ 105.145463, 27.411463 ], [ 105.145985, 27.410486 ], [ 105.14711, 27.409266 ], [ 105.147423, 27.408516 ], [ 105.147743, 27.408181 ], [ 105.148644, 27.407954 ], [ 105.150585, 27.407621 ], [ 105.151539, 27.407802 ], [ 105.152439, 27.407751 ], [ 105.153286, 27.407865 ], [ 105.153919, 27.408048 ], [ 105.154621, 27.408453 ], [ 105.155815, 27.409716 ], [ 105.15646, 27.410575 ], [ 105.156964, 27.411336 ], [ 105.157536, 27.411913 ], [ 105.158306, 27.412541 ], [ 105.159016, 27.412892 ], [ 105.160035, 27.41315 ], [ 105.161828869000033, 27.413164949000077 ], [ 105.161835, 27.413165 ], [ 105.162606, 27.41299 ], [ 105.16409, 27.412029 ], [ 105.164551, 27.410879 ], [ 105.16475, 27.410192 ], [ 105.165276, 27.409166 ], [ 105.165536, 27.408256 ], [ 105.165932, 27.407684 ], [ 105.166268, 27.406311 ], [ 105.166916, 27.405054 ], [ 105.167187, 27.403907 ], [ 105.167706, 27.403102 ], [ 105.167905, 27.402418 ], [ 105.168439, 27.401675 ], [ 105.169144, 27.400536 ], [ 105.169793, 27.400136 ], [ 105.17075, 27.399849 ], [ 105.171994, 27.399839 ], [ 105.172772, 27.399498 ], [ 105.173482, 27.399043 ], [ 105.174001, 27.398649 ], [ 105.174706, 27.398247 ], [ 105.175538, 27.398315 ], [ 105.177537, 27.398041 ], [ 105.178365, 27.398046 ], [ 105.179204, 27.397817 ], [ 105.180173, 27.397189 ], [ 105.181263, 27.396231 ], [ 105.181538, 27.395712 ], [ 105.181408, 27.394911 ], [ 105.181416, 27.39428 ], [ 105.18129, 27.393293 ], [ 105.181038, 27.392385 ], [ 105.180863, 27.391574 ], [ 105.180428, 27.388874 ], [ 105.180321, 27.387501 ], [ 105.180031, 27.384632 ], [ 105.180062, 27.382738 ], [ 105.180264, 27.381242 ], [ 105.180218, 27.380271 ], [ 105.180272, 27.379584 ], [ 105.180165, 27.378547 ], [ 105.179974, 27.378157 ], [ 105.178822, 27.376707 ], [ 105.178258, 27.376074 ], [ 105.177815, 27.375382 ], [ 105.177449, 27.374467 ], [ 105.177449, 27.373778 ], [ 105.177518, 27.373147 ], [ 105.177655, 27.372407 ], [ 105.178234, 27.3716 ], [ 105.178944, 27.37104 ], [ 105.179524, 27.370865 ], [ 105.180241, 27.370753 ], [ 105.18087, 27.370761 ], [ 105.181511, 27.371048 ], [ 105.182732, 27.371343 ], [ 105.183686, 27.371755 ], [ 105.18435, 27.372477 ], [ 105.186192, 27.37369 ], [ 105.187916, 27.37502 ], [ 105.18842, 27.375834 ], [ 105.188862, 27.376291 ], [ 105.18961, 27.377718 ], [ 105.189854, 27.378808 ], [ 105.189777, 27.379953 ], [ 105.189892, 27.381107 ], [ 105.190258, 27.383343 ], [ 105.191258, 27.386112 ], [ 105.191578, 27.386629 ], [ 105.192028, 27.387201 ], [ 105.192593, 27.388015 ], [ 105.193096, 27.388536 ], [ 105.193356, 27.38876 ], [ 105.194443, 27.388831 ], [ 105.194954, 27.38923 ], [ 105.196228, 27.389991 ], [ 105.197716, 27.391002 ], [ 105.197717485000055, 27.391003512000054 ], [ 105.198281, 27.391577 ], [ 105.199047, 27.392035 ], [ 105.199951, 27.392729 ], [ 105.200516, 27.393368 ], [ 105.201348, 27.394115 ], [ 105.201981, 27.394754 ], [ 105.203064, 27.396142 ], [ 105.203507, 27.396541 ], [ 105.203751, 27.397058 ], [ 105.204522, 27.398381 ], [ 105.205094, 27.398904 ], [ 105.205411, 27.399647 ], [ 105.205716, 27.400677 ], [ 105.206357, 27.401148 ], [ 105.206997, 27.401722 ], [ 105.207959, 27.402188 ], [ 105.208783, 27.402829 ], [ 105.209683, 27.403753 ], [ 105.210195, 27.404447 ], [ 105.210057, 27.405302 ], [ 105.210492, 27.406919 ], [ 105.210736, 27.407667 ], [ 105.211247, 27.408705 ], [ 105.211942, 27.409162 ], [ 105.212636, 27.40998 ], [ 105.214303, 27.41131 ], [ 105.214989, 27.412571 ], [ 105.215432, 27.413835 ], [ 105.215737, 27.414936 ], [ 105.216179, 27.416025 ], [ 105.216477, 27.416661 ], [ 105.216553, 27.416824 ], [ 105.217312, 27.417752 ], [ 105.218209, 27.418383 ], [ 105.218785, 27.418563 ], [ 105.219357, 27.419082 ], [ 105.220234, 27.420008 ], [ 105.220509, 27.4203 ], [ 105.221013, 27.420758 ], [ 105.221837, 27.421795 ], [ 105.222462, 27.422335 ], [ 105.222729, 27.422742 ], [ 105.223904, 27.42705 ], [ 105.224412, 27.427856 ], [ 105.224793, 27.428598 ], [ 105.225297, 27.429292 ], [ 105.225613, 27.429869 ], [ 105.22606, 27.430497 ], [ 105.226693, 27.431019 ], [ 105.227273, 27.432059 ], [ 105.227578, 27.432753 ], [ 105.227959, 27.433498 ], [ 105.228707, 27.435455 ], [ 105.228898, 27.436088 ], [ 105.229272, 27.437016 ], [ 105.229836, 27.438674 ], [ 105.229699, 27.439651 ], [ 105.227799, 27.441296 ], [ 105.226582, 27.442084 ], [ 105.225674, 27.44288 ], [ 105.224835, 27.443506 ], [ 105.223927, 27.443956 ], [ 105.223027, 27.444465 ], [ 105.222752, 27.445098 ], [ 105.222622, 27.445785 ], [ 105.224770575000036, 27.449822892000043 ], [ 105.226769322000052, 27.452821013000062 ], [ 105.228910837000058, 27.454334350000067 ], [ 105.231337887000052, 27.456176053000036 ], [ 105.232384, 27.46002 ], [ 105.231842, 27.462484 ], [ 105.232529, 27.46397 ], [ 105.233807, 27.466104 ], [ 105.2347, 27.467793 ], [ 105.235463, 27.468831 ], [ 105.235974, 27.469985 ], [ 105.236211, 27.471303 ], [ 105.23608, 27.472272 ], [ 105.235886, 27.473195 ], [ 105.23536, 27.473938 ], [ 105.234841, 27.474795 ], [ 105.234307, 27.47553 ], [ 105.232949, 27.476199 ], [ 105.2319, 27.476941 ], [ 105.230733, 27.478707 ], [ 105.230534, 27.479221 ], [ 105.231022, 27.482552 ], [ 105.231083, 27.483236 ], [ 105.231068, 27.483867 ], [ 105.230797, 27.485643 ], [ 105.230603, 27.486556 ], [ 105.230588, 27.487703 ], [ 105.230507, 27.489363 ], [ 105.230633, 27.490228 ], [ 105.231381, 27.492356 ], [ 105.232144, 27.493224 ], [ 105.232785, 27.493852 ], [ 105.234899, 27.49486 ], [ 105.23573, 27.495554 ], [ 105.236691, 27.495958 ], [ 105.237386, 27.496134 ], [ 105.238286, 27.496195 ], [ 105.239526, 27.49621 ], [ 105.2408, 27.496164 ], [ 105.241776, 27.496225 ], [ 105.24286, 27.496467 ], [ 105.243943, 27.497103 ], [ 105.244908, 27.497976 ], [ 105.245343, 27.498838 ], [ 105.245278, 27.500011 ], [ 105.245275, 27.500094 ], [ 105.245717, 27.501023 ], [ 105.245954, 27.50188 ], [ 105.246144, 27.503027 ], [ 105.246156, 27.50337 ], [ 105.246198, 27.504401 ], [ 105.246114, 27.505604 ], [ 105.245984, 27.506642 ], [ 105.246099, 27.507384 ], [ 105.246358, 27.507961 ], [ 105.246663, 27.508368 ], [ 105.24685, 27.508437 ], [ 105.2491, 27.509307 ], [ 105.249809, 27.509488 ], [ 105.249810291000074, 27.509488436000026 ], [ 105.250019, 27.509559 ], [ 105.251667, 27.510126 ], [ 105.252049, 27.510362 ], [ 105.252629, 27.511046 ], [ 105.253193, 27.511855 ], [ 105.254025, 27.512783 ], [ 105.254399, 27.51376 ], [ 105.255226, 27.514912 ], [ 105.255914, 27.516176 ], [ 105.256616, 27.517221 ], [ 105.256806, 27.518078 ], [ 105.257497, 27.51952 ], [ 105.25768, 27.520667 ], [ 105.257733, 27.521298 ], [ 105.257665, 27.522101 ], [ 105.257398, 27.52331 ], [ 105.25673, 27.524619 ], [ 105.256474, 27.525764 ], [ 105.255803, 27.527824 ], [ 105.255208, 27.529997 ], [ 105.254559, 27.53154 ], [ 105.253835, 27.53285 ], [ 105.253365, 27.533944 ], [ 105.253113, 27.535029 ], [ 105.252587, 27.535825 ], [ 105.25174, 27.536911 ], [ 105.251026, 27.537768 ], [ 105.250443, 27.538338 ], [ 105.250187, 27.538961 ], [ 105.250084, 27.539535 ], [ 105.250424, 27.540171 ], [ 105.250935, 27.540748 ], [ 105.25163, 27.541093 ], [ 105.25208, 27.541383 ], [ 105.252713, 27.542021 ], [ 105.253419, 27.542942 ], [ 105.253861, 27.543689 ], [ 105.253861, 27.544213 ], [ 105.253472, 27.544546 ], [ 105.25295, 27.545063 ], [ 105.252293, 27.545289 ], [ 105.25179, 27.545164 ], [ 105.25108, 27.545047 ], [ 105.250363, 27.544986 ], [ 105.250012, 27.544981 ], [ 105.249726, 27.544979 ], [ 105.249215, 27.544808 ], [ 105.248696, 27.544745 ], [ 105.248505, 27.545314 ], [ 105.247979, 27.546001 ], [ 105.247331, 27.546627 ], [ 105.24685, 27.547168 ], [ 105.246247, 27.547819 ], [ 105.245015, 27.548562 ], [ 105.244435, 27.548671 ], [ 105.243665, 27.548547 ], [ 105.242963, 27.548142 ], [ 105.242192, 27.547448 ], [ 105.239255, 27.545533 ], [ 105.236699, 27.544076 ], [ 105.235478, 27.543608 ], [ 105.234395, 27.543491 ], [ 105.233719, 27.543469 ], [ 105.23301, 27.543515 ], [ 105.231606, 27.54351 ], [ 105.231604128000072, 27.543511229000046 ], [ 105.230835, 27.544016 ], [ 105.23037, 27.544588 ], [ 105.229981, 27.545104 ], [ 105.229515, 27.546078 ], [ 105.230607, 27.548529 ], [ 105.23325, 27.550807 ], [ 105.235105, 27.552433 ], [ 105.235829, 27.553137 ], [ 105.236745, 27.553315 ], [ 105.237569, 27.553545 ], [ 105.238149, 27.553779 ], [ 105.238851, 27.554016 ], [ 105.239621, 27.554585 ], [ 105.240048, 27.555966 ], [ 105.23985, 27.557177 ], [ 105.239583, 27.558034 ], [ 105.238805, 27.558766 ], [ 105.238034, 27.559221 ], [ 105.237325, 27.559448 ], [ 105.236745, 27.559794 ], [ 105.236485, 27.560361 ], [ 105.236852, 27.561228 ], [ 105.237363, 27.562085 ], [ 105.238759, 27.562904 ], [ 105.239736, 27.563252 ], [ 105.241906, 27.564582 ], [ 105.243058, 27.565455 ], [ 105.243744, 27.565926 ], [ 105.245282, 27.567422 ], [ 105.245602, 27.567485 ], [ 105.246121, 27.567666 ], [ 105.246842, 27.568205 ], [ 105.248190420000071, 27.568584170000065 ], [ 105.248606825000081, 27.569595441000047 ], [ 105.246643770000048, 27.569892874000061 ], [ 105.244204822000086, 27.570428253000046 ], [ 105.242598686000065, 27.572272335000036 ], [ 105.242364, 27.574795 ], [ 105.24164690200007, 27.577269203000071 ], [ 105.242420227000082, 27.579708150000044 ], [ 105.244969, 27.581263 ], [ 105.246258, 27.579554 ], [ 105.246842, 27.579353 ], [ 105.247673, 27.579067 ], [ 105.250023, 27.579172 ], [ 105.252007, 27.579932 ], [ 105.254173, 27.581951 ], [ 105.252739, 27.583342 ], [ 105.252209, 27.583706 ], [ 105.252766, 27.584688 ], [ 105.253911, 27.586242 ], [ 105.254414, 27.586699 ], [ 105.254742, 27.586999 ], [ 105.256437159000086, 27.587795418000042 ], [ 105.25673, 27.587933 ], [ 105.257821, 27.588337 ], [ 105.259338, 27.588745 ], [ 105.261013, 27.589048 ], [ 105.262493, 27.589228 ], [ 105.264748, 27.589765 ], [ 105.266422, 27.590294 ], [ 105.267838, 27.590877 ], [ 105.270222, 27.592153 ], [ 105.270855, 27.59268 ], [ 105.271813, 27.593145 ], [ 105.273126, 27.594179 ], [ 105.27422, 27.59493 ], [ 105.275434, 27.595858 ], [ 105.27646, 27.59656 ], [ 105.277806, 27.597434 ], [ 105.278558, 27.598191 ], [ 105.281579, 27.600401 ], [ 105.282544, 27.601266 ], [ 105.28463, 27.603906 ], [ 105.285317, 27.605058 ], [ 105.286724, 27.606962 ], [ 105.28743, 27.607654 ], [ 105.290703, 27.609404 ], [ 105.292492, 27.610229 ], [ 105.294156, 27.610824 ], [ 105.29707, 27.612023 ], [ 105.297845, 27.612717 ], [ 105.298615, 27.613185 ], [ 105.29897, 27.613363 ], [ 105.299191, 27.613475 ], [ 105.300408, 27.614573 ], [ 105.301041, 27.615214 ], [ 105.301556, 27.616085 ], [ 105.301877, 27.616942 ], [ 105.30193, 27.617809 ], [ 105.301861, 27.618836 ], [ 105.301846, 27.619813 ], [ 105.301778, 27.62067 ], [ 105.301572, 27.621934 ], [ 105.301579, 27.622787 ], [ 105.300758, 27.625821 ], [ 105.300499, 27.626965 ], [ 105.300011, 27.62966 ], [ 105.299168, 27.630743 ], [ 105.297791, 27.632625 ], [ 105.297021, 27.633192 ], [ 105.296208, 27.633718 ], [ 105.295105, 27.634222 ], [ 105.294137, 27.634731 ], [ 105.293164, 27.635067 ], [ 105.292321, 27.63541 ], [ 105.292126, 27.635924 ], [ 105.291787, 27.63655 ], [ 105.293877, 27.637658 ], [ 105.296815, 27.640754 ], [ 105.296815244000072, 27.640754185000048 ], [ 105.297585, 27.641337 ], [ 105.298871, 27.642201 ], [ 105.299576, 27.642499 ], [ 105.300667, 27.643084 ], [ 105.301633, 27.644691 ], [ 105.301869, 27.645782 ], [ 105.302186, 27.64682 ], [ 105.302383, 27.647857 ], [ 105.3023, 27.648834 ], [ 105.301968, 27.649744 ], [ 105.301823, 27.650545 ], [ 105.301899, 27.651288 ], [ 105.302536, 27.651982 ], [ 105.30349, 27.652857 ], [ 105.304451, 27.65344 ], [ 105.305202, 27.654252 ], [ 105.305843, 27.655406 ], [ 105.306656, 27.658277 ], [ 105.306778, 27.659429 ], [ 105.306702, 27.660749 ], [ 105.306183, 27.662465 ], [ 105.30603, 27.663722 ], [ 105.306023, 27.664642 ], [ 105.306168, 27.665919 ], [ 105.30616, 27.66669 ], [ 105.306149, 27.66756 ], [ 105.306141, 27.668824 ], [ 105.305992, 27.669907 ], [ 105.306004, 27.669999 ], [ 105.306118, 27.670945 ], [ 105.30611, 27.672087 ], [ 105.305683, 27.674269 ], [ 105.305485, 27.675009 ], [ 105.305225, 27.676156 ], [ 105.304821, 27.677186 ], [ 105.304359, 27.678269 ], [ 105.303834, 27.678952 ], [ 105.302994, 27.679865 ], [ 105.302197, 27.681055 ], [ 105.301087, 27.682431 ], [ 105.300362, 27.683855 ], [ 105.299184, 27.685863 ], [ 105.298653, 27.686656 ], [ 105.298455, 27.68792 ], [ 105.29831, 27.689184 ], [ 105.297856, 27.690664 ], [ 105.297311, 27.691862 ], [ 105.296921, 27.693065 ], [ 105.296753, 27.694284 ], [ 105.296547, 27.695319 ], [ 105.296479, 27.696293 ], [ 105.296098, 27.697211 ], [ 105.295892, 27.697897 ], [ 105.296014, 27.698701 ], [ 105.296067, 27.699332 ], [ 105.296311, 27.700306 ], [ 105.296632, 27.70083 ], [ 105.297104, 27.701266 ], [ 105.297676, 27.702248 ], [ 105.298508, 27.702995 ], [ 105.299405, 27.703639 ], [ 105.300049, 27.70404 ], [ 105.300294, 27.704447 ], [ 105.300355, 27.705648 ], [ 105.300538, 27.706688 ], [ 105.30079, 27.707835 ], [ 105.301034, 27.708583 ], [ 105.301419, 27.709333 ], [ 105.302636, 27.710151 ], [ 105.302888, 27.710245 ], [ 105.303605, 27.71051 ], [ 105.304379, 27.710744 ], [ 105.304814, 27.711545 ], [ 105.304815355000073, 27.711546832000067 ], [ 105.305329, 27.712241 ], [ 105.306252, 27.713167 ], [ 105.307728, 27.713447 ], [ 105.308053, 27.713635 ], [ 105.308358, 27.713724 ], [ 105.308572, 27.714009 ], [ 105.310455, 27.715398 ], [ 105.31337, 27.717707 ], [ 105.31593, 27.720151 ], [ 105.317376, 27.722594 ], [ 105.318993, 27.725476 ], [ 105.320607, 27.727777 ], [ 105.32124, 27.72863 ], [ 105.322488, 27.7302 ], [ 105.323132, 27.730488 ], [ 105.324121, 27.730633 ], [ 105.325082, 27.730783 ], [ 105.327657, 27.730648 ], [ 105.332192, 27.731528 ], [ 105.33413, 27.732255 ], [ 105.335393, 27.732953 ], [ 105.336831, 27.733818 ], [ 105.338441, 27.735413 ], [ 105.339429, 27.736844 ], [ 105.340218, 27.738426 ], [ 105.341359, 27.74058 ], [ 105.341672, 27.741582 ], [ 105.341992, 27.742737 ], [ 105.342652, 27.743739 ], [ 105.343446, 27.745318 ], [ 105.34377, 27.745458 ], [ 105.344426, 27.74676 ], [ 105.344555, 27.747613 ], [ 105.344555, 27.748045 ], [ 105.345207, 27.748902 ], [ 105.346161, 27.750029 ], [ 105.34663, 27.750606 ], [ 105.348721, 27.752193 ], [ 105.349194, 27.752623 ], [ 105.350167, 27.75277 ], [ 105.352101, 27.752208 ], [ 105.354046, 27.751494 ], [ 105.355168, 27.751644 ], [ 105.356461, 27.752221 ], [ 105.357235, 27.753246 ], [ 105.357441, 27.753523 ], [ 105.358414, 27.75395 ], [ 105.359181, 27.754232 ], [ 105.360481, 27.754237 ], [ 105.361954, 27.753232 ], [ 105.363213, 27.752375 ], [ 105.364521, 27.752952 ], [ 105.364567, 27.753232 ], [ 105.364666, 27.753815 ], [ 105.365322, 27.755827 ], [ 105.365967, 27.757114 ], [ 105.367581, 27.758268 ], [ 105.370487, 27.759568 ], [ 105.371544, 27.75993 ], [ 105.371731, 27.759986 ], [ 105.374806, 27.760853 ], [ 105.375024, 27.760909 ], [ 105.375947, 27.761151 ], [ 105.378667, 27.761588 ], [ 105.379002, 27.761731 ], [ 105.379487, 27.761441 ], [ 105.380784, 27.760589 ], [ 105.381599, 27.75944 ], [ 105.382404, 27.757436 ], [ 105.382725, 27.755864 ], [ 105.383373, 27.755007 ], [ 105.384316, 27.754431 ], [ 105.385285, 27.754283 ], [ 105.387539, 27.754291 ], [ 105.389649, 27.754723 ], [ 105.391247, 27.75602 ], [ 105.391087, 27.757315 ], [ 105.391247, 27.759316 ], [ 105.391087, 27.761183 ], [ 105.39029, 27.763042 ], [ 105.39013, 27.763902 ], [ 105.390591, 27.764909 ], [ 105.390759, 27.765623 ], [ 105.391406662000065, 27.765909408000027 ], [ 105.391408, 27.76591 ], [ 105.394307, 27.766355 ], [ 105.395268, 27.76664 ], [ 105.395917, 27.76693 ], [ 105.396851, 27.767491 ], [ 105.398644, 27.768211 ], [ 105.399758, 27.768501 ], [ 105.401532, 27.768796 ], [ 105.402981, 27.768933 ], [ 105.406533, 27.769083 ], [ 105.40783, 27.769231 ], [ 105.410561, 27.769086 ], [ 105.411541, 27.769236 ], [ 105.412174, 27.769521 ], [ 105.414753, 27.770813 ], [ 105.416683, 27.77196 ], [ 105.418125, 27.772252 ], [ 105.41991, 27.771675 ], [ 105.421375, 27.770823 ], [ 105.422634, 27.768958 ], [ 105.423143566000078, 27.767812224000068 ], [ 105.423145, 27.767809 ], [ 105.424099, 27.765947 ], [ 105.424728, 27.765667 ], [ 105.425865, 27.765947 ], [ 105.426201, 27.766092 ], [ 105.426823, 27.767389 ], [ 105.428112, 27.769675 ], [ 105.428761, 27.770537 ], [ 105.430691, 27.771684 ], [ 105.432461, 27.772693 ], [ 105.433262, 27.774133 ], [ 105.43454, 27.776708 ], [ 105.435517, 27.778442 ], [ 105.43599, 27.779006 ], [ 105.437775, 27.779296 ], [ 105.440663, 27.779446 ], [ 105.442925, 27.779009 ], [ 105.444512, 27.778294 ], [ 105.446789, 27.776577 ], [ 105.447754, 27.775438 ], [ 105.448402, 27.774576 ], [ 105.45129, 27.772712 ], [ 105.452435, 27.772425 ], [ 105.455948, 27.772277 ], [ 105.457729, 27.772419 ], [ 105.459191, 27.772577 ], [ 105.460145, 27.772872 ], [ 105.461438, 27.773439 ], [ 105.462544, 27.774726 ], [ 105.464963, 27.776728 ], [ 105.465939, 27.777157 ], [ 105.470113, 27.777872 ], [ 105.471055, 27.778009 ], [ 105.474953, 27.778893 ], [ 105.476063, 27.778751 ], [ 105.477356, 27.778318 ], [ 105.478665, 27.778031 ], [ 105.479443, 27.777311 ], [ 105.480905, 27.777156 ], [ 105.482037, 27.777014 ], [ 105.483151, 27.776871 ], [ 105.486393, 27.776472 ], [ 105.487679, 27.776037 ], [ 105.490578, 27.774168 ], [ 105.492024, 27.773313 ], [ 105.493294, 27.772878 ], [ 105.494271, 27.772583 ], [ 105.496193, 27.772156 ], [ 105.496529, 27.772128 ], [ 105.497998, 27.772037 ], [ 105.49862, 27.772183 ], [ 105.4996, 27.772328 ], [ 105.499600372000089, 27.77232801100007 ], [ 105.499974, 27.772339 ], [ 105.50393, 27.772461 ], [ 105.505383, 27.772171 ], [ 105.50747, 27.77145 ], [ 105.508923, 27.77087 ], [ 105.512822, 27.769177 ], [ 105.514565, 27.76803 ], [ 105.516182, 27.76573 ], [ 105.517151, 27.764721 ], [ 105.517628, 27.764146 ], [ 105.521485, 27.76199 ], [ 105.522977, 27.761454 ], [ 105.525868, 27.760874 ], [ 105.52794, 27.760447 ], [ 105.529897, 27.760152 ], [ 105.531327, 27.759862 ], [ 105.53328, 27.758422 ], [ 105.533272, 27.75771 ], [ 105.533421, 27.755419 ], [ 105.533726, 27.753834 ], [ 105.533913, 27.753425 ], [ 105.534283, 27.752727 ], [ 105.535824127000069, 27.749291345000074 ], [ 105.538822248000088, 27.746293224000055 ], [ 105.54074961200007, 27.743937558000027 ], [ 105.539821622000034, 27.741010821000032 ], [ 105.541106531000082, 27.739012073000026 ], [ 105.541641910000067, 27.736251899000024 ], [ 105.542248672000085, 27.734729044000062 ], [ 105.543747733000032, 27.734015205000048 ], [ 105.545092128000078, 27.732087842000055 ], [ 105.546400832000074, 27.729351462000068 ], [ 105.551159754000082, 27.727566866000075 ], [ 105.55389613400007, 27.726317649000066 ], [ 105.55431253900008, 27.724414080000031 ], [ 105.556097135000073, 27.723402809000049 ], [ 105.560737084000039, 27.723283836000064 ], [ 105.567934954000066, 27.723759728000061 ], [ 105.575608715000044, 27.724949459000072 ], [ 105.578880474000073, 27.72459254000006 ], [ 105.58120044900005, 27.723819215000049 ], [ 105.583706, 27.724275 ], [ 105.585323, 27.724724 ], [ 105.586445, 27.724858 ], [ 105.588055, 27.724141 ], [ 105.589031, 27.723566 ], [ 105.590958, 27.722699 ], [ 105.593033, 27.722276 ], [ 105.596428, 27.721701 ], [ 105.59771, 27.721276 ], [ 105.599175, 27.720172 ], [ 105.599824, 27.719043 ], [ 105.600144, 27.718046 ], [ 105.600297, 27.71648 ], [ 105.599644, 27.713285 ], [ 105.59916, 27.711546 ], [ 105.598992, 27.710679 ], [ 105.598832, 27.709824 ], [ 105.598672, 27.707946 ], [ 105.598992, 27.706665 ], [ 105.599465, 27.70552 ], [ 105.60077, 27.703822 ], [ 105.602555, 27.701441 ], [ 105.604489, 27.698432 ], [ 105.605283, 27.696858 ], [ 105.607697, 27.695561 ], [ 105.609158, 27.694986 ], [ 105.612194, 27.693114 ], [ 105.615086, 27.690245 ], [ 105.616696, 27.687801 ], [ 105.617669, 27.685659 ], [ 105.618302, 27.683656 ], [ 105.618462, 27.682789 ], [ 105.618615, 27.680928 ], [ 105.618462, 27.679496 ], [ 105.618298, 27.678639 ], [ 105.61829, 27.677055 ], [ 105.619244, 27.674898 ], [ 105.619885, 27.673616 ], [ 105.620877, 27.671324 ], [ 105.621094, 27.670228 ], [ 105.621189, 27.669742 ], [ 105.621735, 27.668687 ], [ 105.622136, 27.667868 ], [ 105.623173, 27.666683 ], [ 105.623265, 27.666579 ], [ 105.624535, 27.665587 ], [ 105.625024, 27.66537 ], [ 105.626473, 27.664735 ], [ 105.62761, 27.66446 ], [ 105.628098, 27.664338 ], [ 105.629222240000047, 27.664048453000078 ], [ 105.629224, 27.664048 ], [ 105.630177, 27.663633 ], [ 105.631463, 27.663506 ], [ 105.632451, 27.663359 ], [ 105.634999, 27.663049 ], [ 105.636464, 27.663194 ], [ 105.637417, 27.663329 ], [ 105.638875, 27.663909 ], [ 105.640328, 27.664769 ], [ 105.641949, 27.666622 ], [ 105.641998, 27.666688 ], [ 105.642574, 27.667484 ], [ 105.643871, 27.669203 ], [ 105.64457, 27.670195 ], [ 105.647568, 27.67448 ], [ 105.649823, 27.677575 ], [ 105.65273, 27.681332 ], [ 105.656781, 27.685781 ], [ 105.658882, 27.687355 ], [ 105.659825, 27.687923 ], [ 105.661461, 27.688501 ], [ 105.663067, 27.688928 ], [ 105.663556, 27.689218 ], [ 105.664841, 27.689365 ], [ 105.665162, 27.689363 ], [ 105.666756, 27.689218 ], [ 105.668553, 27.688933 ], [ 105.669812, 27.688501 ], [ 105.674138, 27.686766 ], [ 105.6777, 27.684491 ], [ 105.678978, 27.683782 ], [ 105.681255, 27.68308 ], [ 105.682213, 27.682937 ], [ 105.684117, 27.682496 ], [ 105.686082, 27.682349 ], [ 105.687207, 27.682624 ], [ 105.690152, 27.683758 ], [ 105.69114, 27.683758 ], [ 105.694547, 27.681174 ], [ 105.69568, 27.680889 ], [ 105.69793, 27.6813 ], [ 105.701299, 27.68216 ], [ 105.702698, 27.682452 ], [ 105.704922, 27.682992 ], [ 105.708535, 27.68438 ], [ 105.708947, 27.684538 ], [ 105.710202, 27.684947 ], [ 105.71117, 27.685234 ], [ 105.712624, 27.685957 ], [ 105.71439, 27.686674 ], [ 105.716, 27.687391 ], [ 105.71666, 27.688256 ], [ 105.716507, 27.689405 ], [ 105.715542, 27.691986 ], [ 105.715046, 27.693855 ], [ 105.715222, 27.695574 ], [ 105.71539, 27.696584 ], [ 105.715702, 27.697732 ], [ 105.716835, 27.700314 ], [ 105.717171, 27.701893 ], [ 105.717171820000033, 27.701897063000047 ], [ 105.717346, 27.70276 ], [ 105.717507, 27.706486 ], [ 105.717831, 27.707491 ], [ 105.7188, 27.70893 ], [ 105.720574, 27.71022 ], [ 105.722962, 27.711633 ], [ 105.723122, 27.711923 ], [ 105.724259, 27.712205 ], [ 105.725705, 27.71278 ], [ 105.728944, 27.713642 ], [ 105.730386, 27.713935 ], [ 105.734429, 27.714788 ], [ 105.735382, 27.714938 ], [ 105.737305, 27.71537 ], [ 105.738453, 27.715655 ], [ 105.742966, 27.716948 ], [ 105.746331, 27.717525 ], [ 105.746468, 27.717546 ], [ 105.747292, 27.717659 ], [ 105.749379, 27.718237 ], [ 105.750008, 27.718417 ], [ 105.750363, 27.718521 ], [ 105.75504, 27.720238 ], [ 105.758244, 27.721533 ], [ 105.759708, 27.721824 ], [ 105.76083, 27.721816 ], [ 105.762295, 27.721531 ], [ 105.763889, 27.721386 ], [ 105.764683, 27.721122 ], [ 105.765224, 27.720883 ], [ 105.765842, 27.72058 ], [ 105.766426, 27.720501 ], [ 105.767353, 27.720621 ], [ 105.769035, 27.721091 ], [ 105.7705, 27.721381 ], [ 105.775002, 27.722523 ], [ 105.77631, 27.722709 ], [ 105.776989, 27.72276 ], [ 105.777493, 27.722752 ], [ 105.779778, 27.722663 ], [ 105.782556447000047, 27.721927411000024 ], [ 105.782558, 27.721927 ], [ 105.783855, 27.721495 ], [ 105.788342, 27.720346 ], [ 105.790279, 27.719471 ], [ 105.7906, 27.718901 ], [ 105.791863, 27.718179 ], [ 105.793327, 27.718031 ], [ 105.797837, 27.718199 ], [ 105.801541, 27.717619 ], [ 105.805241, 27.71676 ], [ 105.806195, 27.71661 ], [ 105.807969, 27.716185 ], [ 105.808915, 27.716035 ], [ 105.81231, 27.715471 ], [ 105.813287, 27.715321 ], [ 105.818257, 27.715166 ], [ 105.820023, 27.715303 ], [ 105.822926, 27.715449 ], [ 105.8247, 27.715164 ], [ 105.825814, 27.714866 ], [ 105.827267, 27.713862 ], [ 105.828705, 27.712277 ], [ 105.830158, 27.71113 ], [ 105.831425, 27.710551 ], [ 105.832558, 27.710261 ], [ 105.835476, 27.709698 ], [ 105.836441, 27.709556 ], [ 105.839177, 27.709829 ], [ 105.840935, 27.709969 ], [ 105.844319, 27.71182 ], [ 105.849335, 27.715711 ], [ 105.852227, 27.717425 ], [ 105.855298, 27.719711 ], [ 105.856755, 27.721135 ], [ 105.856927, 27.722429 ], [ 105.856786, 27.723443 ], [ 105.856942, 27.724588 ], [ 105.857415, 27.725727 ], [ 105.859528, 27.727178 ], [ 105.863716, 27.729892 ], [ 105.864365, 27.730754 ], [ 105.864861, 27.732186 ], [ 105.864708, 27.734337 ], [ 105.864861, 27.73591 ], [ 105.865841, 27.73706 ], [ 105.867924, 27.738631 ], [ 105.869377, 27.739491 ], [ 105.871483, 27.74077 ], [ 105.871567, 27.740823 ], [ 105.873112, 27.741797 ], [ 105.874993, 27.74286 ], [ 105.875378, 27.743079 ], [ 105.876171, 27.743361 ], [ 105.876976, 27.743511 ], [ 105.876976638000087, 27.743510537000077 ], [ 105.877785, 27.742924 ], [ 105.881642, 27.741632 ], [ 105.883892, 27.741482 ], [ 105.885342, 27.741636 ], [ 105.887273, 27.742201 ], [ 105.888573, 27.742636 ], [ 105.891465, 27.743912 ], [ 105.894059, 27.745344 ], [ 105.895829, 27.746496 ], [ 105.897946, 27.747938 ], [ 105.899258, 27.748793 ], [ 105.90083, 27.749998 ], [ 105.901494, 27.750504 ], [ 105.902798, 27.750504 ], [ 105.906182, 27.750064 ], [ 105.906781, 27.749998 ], [ 105.908745, 27.749782 ], [ 105.910507, 27.749918 ], [ 105.911148, 27.749995 ], [ 105.911652, 27.750056 ], [ 105.915196, 27.7512 ], [ 105.915844, 27.751203 ], [ 105.917275, 27.750478 ], [ 105.918251, 27.75 ], [ 105.918739, 27.749758 ], [ 105.919708, 27.749184 ], [ 105.920502, 27.747174 ], [ 105.921131, 27.744308 ], [ 105.921284, 27.743449 ], [ 105.92178, 27.742301 ], [ 105.923688, 27.738 ], [ 105.924966, 27.735266 ], [ 105.926087, 27.733401 ], [ 105.92754, 27.731959 ], [ 105.929142, 27.732104 ], [ 105.930595, 27.732394 ], [ 105.933178, 27.733391 ], [ 105.935097, 27.733961 ], [ 105.937847, 27.734818 ], [ 105.93882, 27.735103 ], [ 105.945458, 27.737834 ], [ 105.947217, 27.73839 ], [ 105.951096, 27.739822 ], [ 105.95303, 27.740544 ], [ 105.954339, 27.740972 ], [ 105.955777, 27.74155 ], [ 105.958546, 27.742842 ], [ 105.960777, 27.743819 ], [ 105.963349, 27.745118 ], [ 105.969029, 27.747706 ], [ 105.973721, 27.750036 ], [ 105.976757, 27.751549 ], [ 105.978367, 27.752408 ], [ 105.979035, 27.752696 ], [ 105.980816, 27.753479 ], [ 105.981297, 27.753691 ], [ 105.982743, 27.754128 ], [ 105.983724, 27.754268 ], [ 105.984665, 27.754093 ], [ 105.986271, 27.753953 ], [ 105.98742, 27.753811 ], [ 105.988861, 27.753671 ], [ 105.990467, 27.753526 ], [ 105.991013, 27.75344 ], [ 105.99144, 27.753374 ], [ 105.993531, 27.752949 ], [ 105.994831, 27.752522 ], [ 105.995804, 27.752092 ], [ 105.996468, 27.751784 ], [ 105.99918, 27.750465 ], [ 106.000042, 27.750393 ], [ 106.000752, 27.750332 ], [ 106.002907, 27.750063 ], [ 106.003048, 27.750045 ], [ 106.003983, 27.749905 ], [ 106.007328, 27.750022 ], [ 106.007458, 27.750058 ], [ 106.008667, 27.75019 ], [ 106.011563, 27.750023 ], [ 106.012177, 27.750001 ], [ 106.014771, 27.749861 ], [ 106.016152, 27.750036 ], [ 106.017029, 27.750148 ], [ 106.018323, 27.750285 ], [ 106.019303, 27.750435 ], [ 106.021088, 27.75115 ], [ 106.022328, 27.751683 ], [ 106.025579, 27.753318 ], [ 106.027181, 27.754115 ], [ 106.029614, 27.755269 ], [ 106.032186, 27.756269 ], [ 106.037182, 27.758242 ], [ 106.040894, 27.759529 ], [ 106.042042, 27.759821 ], [ 106.044304, 27.760531 ], [ 106.048139, 27.761924 ], [ 106.049584, 27.762504 ], [ 106.052018, 27.763645 ], [ 106.05737, 27.766371 ], [ 106.058331, 27.766943 ], [ 106.058801, 27.767772 ], [ 106.058816, 27.768927 ], [ 106.058366, 27.769814 ], [ 106.055806, 27.772829 ], [ 106.055165, 27.774691 ], [ 106.055325, 27.775983 ], [ 106.055829, 27.777127 ], [ 106.058408, 27.779271 ], [ 106.060630667000055, 27.780381833000035 ], [ 106.060631, 27.780382 ], [ 106.062267, 27.780959 ], [ 106.064362, 27.781389 ], [ 106.067738, 27.781518 ], [ 106.06871, 27.781376 ], [ 106.069527, 27.781661 ], [ 106.069847, 27.781521 ], [ 106.071133, 27.781366 ], [ 106.071438, 27.781206 ], [ 106.07322, 27.780626 ], [ 106.074494, 27.780191 ], [ 106.07547, 27.779909 ], [ 106.078366, 27.781615 ], [ 106.078367652000054, 27.781615162000037 ], [ 106.079842, 27.78176 ], [ 106.084645, 27.781874 ], [ 106.086415, 27.782011 ], [ 106.086417897000047, 27.782011366000063 ], [ 106.087563, 27.782156 ], [ 106.089173, 27.782289 ], [ 106.093056, 27.782566 ], [ 106.094502, 27.782706 ], [ 106.095311, 27.782843 ], [ 106.096272, 27.782692 ], [ 106.100132, 27.783257 ], [ 106.101742, 27.783384 ], [ 106.103192, 27.783381 ], [ 106.104153, 27.783239 ], [ 106.105618, 27.782946 ], [ 106.107105, 27.7826 ], [ 106.107533, 27.782501 ], [ 106.109311, 27.782647 ], [ 106.109627, 27.782502 ], [ 106.110734, 27.782357 ], [ 106.111718, 27.782502 ], [ 106.113976, 27.782914 ], [ 106.11493, 27.783059 ], [ 106.119446, 27.783178 ], [ 106.12114, 27.782901 ], [ 106.122197, 27.782742 ], [ 106.123311, 27.782455 ], [ 106.124768, 27.782015 ], [ 106.125001, 27.781918 ], [ 106.127167, 27.781 ], [ 106.128785, 27.780558 ], [ 106.129269, 27.779983 ], [ 106.133286, 27.778391 ], [ 106.135044, 27.777972 ], [ 106.136029, 27.777822 ], [ 106.136975, 27.77767 ], [ 106.139084, 27.77738 ], [ 106.141003, 27.777082 ], [ 106.142617, 27.77664 ], [ 106.143883, 27.7762 ], [ 106.145825, 27.775333 ], [ 106.14856, 27.773912 ], [ 106.15144, 27.77203 ], [ 106.152725, 27.771011 ], [ 106.153046, 27.771006 ], [ 106.161103, 27.768275 ], [ 106.162213, 27.76813 ], [ 106.163166195000088, 27.767413605000058 ], [ 106.163167, 27.767413 ], [ 106.165093, 27.766825 ], [ 106.166226, 27.766683 ], [ 106.170224, 27.766528 ], [ 106.172348, 27.766689 ], [ 106.173443, 27.766547 ], [ 106.174908, 27.766254 ], [ 106.177296, 27.765247 ], [ 106.177948, 27.764962 ], [ 106.179554, 27.763662 ], [ 106.181778, 27.76207 ], [ 106.184513, 27.760502 ], [ 106.186295, 27.759635 ], [ 106.187584, 27.759198 ], [ 106.189022, 27.758905 ], [ 106.189988, 27.758755 ], [ 106.192067, 27.758895 ], [ 106.193211, 27.759185 ], [ 106.194489, 27.759757 ], [ 106.197407, 27.761494 ], [ 106.202603, 27.765497 ], [ 106.204697, 27.766634 ], [ 106.205987, 27.767051 ], [ 106.20712, 27.767339 ], [ 106.209229, 27.767202 ], [ 106.2118, 27.766617 ], [ 106.214045915000042, 27.766032283000072 ], [ 106.214047, 27.766032 ], [ 106.217919, 27.765437 ], [ 106.220822, 27.765427 ], [ 106.221177, 27.765786 ], [ 106.222966, 27.76758 ], [ 106.223619, 27.768439 ], [ 106.226415, 27.770723 ], [ 106.228196, 27.77143 ], [ 106.230134, 27.771707 ], [ 106.231912, 27.771555 ], [ 106.236905, 27.771534 ], [ 106.238858, 27.772238 ], [ 106.240308, 27.772802 ], [ 106.240956, 27.77295 ], [ 106.241917, 27.773519 ], [ 106.24532, 27.775213 ], [ 106.246331, 27.775773 ], [ 106.247884, 27.776641 ], [ 106.249986, 27.777892 ], [ 106.2529, 27.77963 ], [ 106.25451, 27.780479 ], [ 106.257882, 27.782049 ], [ 106.259537, 27.783041 ], [ 106.261319, 27.78418 ], [ 106.268105, 27.788316 ], [ 106.268765, 27.78903 ], [ 106.272309, 27.791588 ], [ 106.276517, 27.794727 ], [ 106.278767, 27.796301 ], [ 106.281876, 27.798725 ], [ 106.285427, 27.801577 ], [ 106.286064, 27.802581 ], [ 106.286713, 27.802864 ], [ 106.289795, 27.805431 ], [ 106.291905, 27.807148 ], [ 106.292881, 27.80743 ], [ 106.297078, 27.80912 ], [ 106.299664, 27.810268 ], [ 106.300618, 27.810983 ], [ 106.302575, 27.812267 ], [ 106.305176, 27.813547 ], [ 106.307278, 27.814406 ], [ 106.308709, 27.814116 ], [ 106.309818, 27.813944 ], [ 106.311256, 27.813799 ], [ 106.312241, 27.813654 ], [ 106.313541, 27.813509 ], [ 106.314659, 27.813357 ], [ 106.316753, 27.813491 ], [ 106.318054, 27.813636 ], [ 106.319176, 27.813779 ], [ 106.320965, 27.814198 ], [ 106.323712, 27.815321 ], [ 106.325169, 27.815892 ], [ 106.327435, 27.817027 ], [ 106.332943, 27.820022 ], [ 106.336316, 27.822281 ], [ 106.33631902500008, 27.822284049000075 ], [ 106.337308, 27.823281 ], [ 106.338128, 27.82471 ], [ 106.338624, 27.825852 ], [ 106.338523400000042, 27.827439983000033 ], [ 106.337869049000062, 27.828213308000045 ], [ 106.33590599300004, 27.829403038000066 ], [ 106.333407559000079, 27.830295336000063 ], [ 106.330937, 27.829998 ], [ 106.328351205000047, 27.827737415000058 ], [ 106.325674311000057, 27.826547685000037 ], [ 106.323116390000052, 27.828391767000028 ], [ 106.320320524000067, 27.830473796000035 ], [ 106.316096980000054, 27.832377364000024 ], [ 106.313301114000069, 27.834340420000046 ], [ 106.311813951000033, 27.836184502000037 ], [ 106.312111383000058, 27.839039855000067 ], [ 106.31337, 27.842087 ], [ 106.314404, 27.84313 ], [ 106.315506, 27.84416 ], [ 106.316147, 27.845139 ], [ 106.316597, 27.846108 ], [ 106.31789, 27.847201 ], [ 106.319374, 27.848233 ], [ 106.320538, 27.849497 ], [ 106.321892, 27.850636 ], [ 106.322983, 27.851663 ], [ 106.323895, 27.852467 ], [ 106.32499, 27.853563 ], [ 106.325898, 27.854367 ], [ 106.326802, 27.85546 ], [ 106.328163, 27.856488 ], [ 106.329323, 27.857408 ], [ 106.330555, 27.858446 ], [ 106.33107, 27.859476 ], [ 106.33178, 27.86017 ], [ 106.33289, 27.861604 ], [ 106.333729, 27.862514 ], [ 106.334527, 27.863749 ], [ 106.33569, 27.866274 ], [ 106.336217, 27.868629 ], [ 106.336087, 27.870117 ], [ 106.33582, 27.871732 ], [ 106.335362, 27.872532 ], [ 106.334778, 27.874135 ], [ 106.334069, 27.875459 ], [ 106.333196, 27.87773 ], [ 106.332279, 27.878634 ], [ 106.330349, 27.878866 ], [ 106.328728, 27.878807 ], [ 106.326916, 27.878858 ], [ 106.325302, 27.878973 ], [ 106.324272, 27.879601 ], [ 106.323429, 27.880521 ], [ 106.322457, 27.881546 ], [ 106.322197, 27.882747 ], [ 106.322197, 27.883787 ], [ 106.322457, 27.884359 ], [ 106.32317, 27.884773 ], [ 106.32415, 27.885063 ], [ 106.326542, 27.88593 ], [ 106.327446, 27.88649 ], [ 106.328163, 27.88711 ], [ 106.328884, 27.888036 ], [ 106.327093808000086, 27.889996756000073 ], [ 106.325071266000066, 27.891364946000067 ], [ 106.323643590000074, 27.89314954200006 ], [ 106.323465130000045, 27.895231570000078 ], [ 106.323673, 27.896463 ], [ 106.323422, 27.897615 ], [ 106.323101, 27.898645 ], [ 106.322529, 27.900074 ], [ 106.318587235000052, 27.899455114000034 ], [ 106.315493936000053, 27.900049979000073 ], [ 106.312162690000036, 27.901834575000066 ], [ 106.307879661000072, 27.901120736000053 ], [ 106.30365611700006, 27.902667386000076 ], [ 106.299194628000066, 27.902072521000036 ], [ 106.297529005000058, 27.903083792000075 ], [ 106.297410032000073, 27.907009902000027 ], [ 106.297172086000046, 27.909151417000032 ], [ 106.296936, 27.910744 ], [ 106.296616, 27.912064 ], [ 106.296617291000075, 27.91206851100003 ], [ 106.297173, 27.91401 ], [ 106.297669, 27.914409 ], [ 106.298557, 27.914752 ], [ 106.29932, 27.914991 ], [ 106.300804, 27.915335 ], [ 106.30241, 27.915775 ], [ 106.303379, 27.916164 ], [ 106.304543, 27.916281 ], [ 106.305111, 27.916688 ], [ 106.305515, 27.916975 ], [ 106.305843, 27.917893 ], [ 106.306225, 27.918689 ], [ 106.306225, 27.918694 ], [ 106.306225, 27.919317 ], [ 106.306034, 27.919943 ], [ 106.305985, 27.920027 ], [ 106.305843, 27.920281 ], [ 106.305264, 27.921308 ], [ 106.305184, 27.922222 ], [ 106.305256, 27.923191 ], [ 106.305576, 27.924272 ], [ 106.305966, 27.925183 ], [ 106.306156, 27.926154 ], [ 106.305889, 27.92724 ], [ 106.305889, 27.928943 ], [ 106.30563, 27.930202 ], [ 106.305241, 27.933559 ], [ 106.30505, 27.935721 ], [ 106.304779, 27.937893 ], [ 106.304329, 27.940113 ], [ 106.306806920000042, 27.939926176000029 ], [ 106.309126895000077, 27.940104636000058 ], [ 106.310249, 27.941874 ], [ 106.311218, 27.942622 ], [ 106.311863, 27.943412 ], [ 106.312374, 27.944221 ], [ 106.312893, 27.944905 ], [ 106.313217188000067, 27.945588342000065 ], [ 106.313392888000067, 27.946240314000079 ], [ 106.313928266000062, 27.947073125000031 ], [ 106.31476107800006, 27.948381829000027 ], [ 106.316855003000057, 27.949238435000041 ], [ 106.319157, 27.94965 ], [ 106.320267, 27.950627 ], [ 106.321224, 27.951667 ], [ 106.321972, 27.952951 ], [ 106.322945, 27.954162 ], [ 106.323525, 27.95508 ], [ 106.324307, 27.956232 ], [ 106.324688, 27.957957 ], [ 106.324811, 27.959683 ], [ 106.324559, 27.961293 ], [ 106.323647, 27.963009 ], [ 106.322779861000072, 27.963515201000064 ], [ 106.319853124000076, 27.963943504000042 ], [ 106.315498711000032, 27.964514574000077 ], [ 106.313714115000039, 27.966941625000061 ], [ 106.313607, 27.971007 ], [ 106.31357134700005, 27.973651705000066 ], [ 106.312184, 27.974161 ], [ 106.30978800400004, 27.973508937000076 ], [ 106.309359701000062, 27.974508311000079 ], [ 106.309930772000087, 27.976578442000061 ], [ 106.310359075000065, 27.980219017000024 ], [ 106.309716620000074, 27.982931603000054 ], [ 106.306861267000045, 27.984787582000024 ], [ 106.304648368000073, 27.987428784000031 ], [ 106.303421, 27.98908 ], [ 106.301418, 27.990511 ], [ 106.299737, 27.991995 ], [ 106.298119, 27.993309 ], [ 106.296506, 27.994975 ], [ 106.29496, 27.996653 ], [ 106.293946, 27.997912 ], [ 106.293179, 27.999 ], [ 106.292661, 27.999692 ], [ 106.292622, 28.000015 ], [ 106.292615, 28.000073 ], [ 106.293054, 28.000501 ], [ 106.293229, 28.001202 ], [ 106.292931, 28.002639 ], [ 106.292603, 28.003387 ], [ 106.292179, 28.004311 ], [ 106.291359, 28.005699 ], [ 106.290608, 28.007024 ], [ 106.288689, 28.008199 ], [ 106.287476, 28.00885 ], [ 106.286251, 28.009211 ], [ 106.284516, 28.009693 ], [ 106.282421, 28.010422 ], [ 106.280873, 28.010501 ], [ 106.279324, 28.010585 ], [ 106.277432, 28.010097 ], [ 106.275997, 28.009603 ], [ 106.27417, 28.008771 ], [ 106.272209, 28.007655 ], [ 106.270917, 28.006819 ], [ 106.269231, 28.006499 ], [ 106.267289, 28.006585 ], [ 106.265229, 28.00673 ], [ 106.263745, 28.00704 ], [ 106.261884, 28.007757 ], [ 106.261883687000079, 28.007757186000049 ], [ 106.259908, 28.008932 ], [ 106.25837, 28.009518 ], [ 106.256653, 28.009821 ], [ 106.25483, 28.011019 ], [ 106.252701, 28.011108 ], [ 106.251099, 28.011533 ], [ 106.249993, 28.011922 ], [ 106.249558, 28.012075 ], [ 106.247765, 28.012848 ], [ 106.246308, 28.013502 ], [ 106.24603, 28.013624 ], [ 106.244176, 28.0144 ], [ 106.242585, 28.015399 ], [ 106.241761, 28.016325 ], [ 106.240822, 28.017945 ], [ 106.239968, 28.020598 ], [ 106.239419, 28.021923 ], [ 106.238732, 28.023367 ], [ 106.238106, 28.024526 ], [ 106.237816, 28.025844 ], [ 106.237969, 28.027331 ], [ 106.238465, 28.029386 ], [ 106.238946, 28.030924 ], [ 106.239495, 28.032466 ], [ 106.240426, 28.033935 ], [ 106.242013, 28.035984 ], [ 106.244012, 28.038759 ], [ 106.245263, 28.04 ], [ 106.246308, 28.040897 ], [ 106.246567, 28.041124 ], [ 106.24762, 28.042253 ], [ 106.248413, 28.043156 ], [ 106.249748, 28.045196 ], [ 106.249985, 28.045633 ], [ 106.250893, 28.047303 ], [ 106.251572, 28.0489 ], [ 106.251992, 28.050383 ], [ 106.252396, 28.051176 ], [ 106.253052, 28.051914 ], [ 106.253701, 28.052018 ], [ 106.254285, 28.051893 ], [ 106.255307, 28.051359 ], [ 106.256909, 28.050589 ], [ 106.25768, 28.050233 ], [ 106.258458, 28.050395 ], [ 106.259762, 28.051062 ], [ 106.260949, 28.052191 ], [ 106.261811, 28.053264 ], [ 106.261811756000043, 28.053268904000049 ], [ 106.26204, 28.05475 ], [ 106.262071, 28.056067 ], [ 106.262033, 28.057674 ], [ 106.26188, 28.059567 ], [ 106.26191, 28.061225 ], [ 106.26201, 28.062941 ], [ 106.262048, 28.064948 ], [ 106.262406, 28.066672 ], [ 106.262757, 28.068157 ], [ 106.263753, 28.068956 ], [ 106.26352, 28.069696 ], [ 106.263234, 28.070426 ], [ 106.262673, 28.071539 ], [ 106.26217, 28.072643 ], [ 106.26085, 28.074217 ], [ 106.259721, 28.075463 ], [ 106.255532, 28.078751 ], [ 106.25222, 28.081635 ], [ 106.251198, 28.084033 ], [ 106.250958, 28.086137 ], [ 106.250737, 28.086747 ], [ 106.249375, 28.08896 ], [ 106.2463, 28.09277 ], [ 106.241757, 28.095842 ], [ 106.238862, 28.097352 ], [ 106.238039170000036, 28.097628844000042 ], [ 106.237046, 28.097963 ], [ 106.230493, 28.0994 ], [ 106.226918, 28.101371 ], [ 106.223863, 28.105483 ], [ 106.223679, 28.108382 ], [ 106.222497, 28.111816 ], [ 106.222119, 28.116131 ], [ 106.22197, 28.117467 ], [ 106.220685, 28.118965 ], [ 106.219979, 28.119189 ], [ 106.21779, 28.119962 ], [ 106.214589, 28.120097 ], [ 106.211522, 28.119937 ], [ 106.210748, 28.120028 ], [ 106.210362, 28.120262 ], [ 106.20968, 28.120585 ], [ 106.208703, 28.121643 ], [ 106.20765, 28.122779 ], [ 106.206319, 28.125261 ], [ 106.206242, 28.126331 ], [ 106.206197, 28.127135 ], [ 106.205979, 28.127634 ], [ 106.205865, 28.13066 ], [ 106.204743, 28.132702 ], [ 106.203656, 28.136643 ], [ 106.200833, 28.137609 ], [ 106.198037, 28.137708 ], [ 106.191125, 28.13918 ], [ 106.188225, 28.140243 ], [ 106.186864, 28.140703 ], [ 106.185547, 28.141613 ], [ 106.184246, 28.143007 ], [ 106.182843, 28.144522 ], [ 106.181618, 28.14557 ], [ 106.180302, 28.146343 ], [ 106.179066, 28.147045 ], [ 106.174351, 28.152624 ], [ 106.17352334800006, 28.152492709000057 ], [ 106.172763, 28.15277 ], [ 106.171609814000078, 28.152726494000035 ], [ 106.170722, 28.152693 ], [ 106.169927181000048, 28.152907251000045 ], [ 106.168856, 28.153195999000047 ], [ 106.168313182000077, 28.153454863000036 ], [ 106.167082, 28.154042 ], [ 106.166533066000056, 28.154427030000079 ], [ 106.165757099000075, 28.154971303000025 ], [ 106.164745743000083, 28.155783697000061 ], [ 106.163671, 28.156711 ], [ 106.163217795000037, 28.156919388000063 ], [ 106.161668, 28.157632 ], [ 106.160598546000074, 28.157530913000073 ], [ 106.159277, 28.157405999000048 ], [ 106.157831, 28.158124999000052 ], [ 106.156969661000062, 28.15879540800006 ], [ 106.155828, 28.159684 ], [ 106.154743504000066, 28.160437400000035 ], [ 106.154092, 28.16089 ], [ 106.15314386600005, 28.161334538000062 ], [ 106.152128885000081, 28.161810419000062 ], [ 106.14997063800007, 28.162793070000077 ], [ 106.148595713000077, 28.163310555000066 ], [ 106.146982323000088, 28.163937859000043 ], [ 106.145682315000045, 28.164493581000045 ], [ 106.144769, 28.164884 ], [ 106.143253132000041, 28.165666096000052 ], [ 106.142385, 28.166114 ], [ 106.141539999000088, 28.166228189000037 ], [ 106.140355357000033, 28.166296776000024 ], [ 106.139251538000053, 28.166229624000039 ], [ 106.1385, 28.166097 ], [ 106.136954, 28.16561499900007 ], [ 106.135841880000044, 28.165493618000028 ], [ 106.134058, 28.165426 ], [ 106.132313, 28.165972 ], [ 106.130912205000072, 28.166484030000049 ], [ 106.130165, 28.166758 ], [ 106.129352829000084, 28.167192425000053 ], [ 106.128061503000083, 28.167883146000065 ], [ 106.127158630000054, 28.168389665000063 ], [ 106.126236964000043, 28.168918088000055 ], [ 106.125447, 28.169371 ], [ 106.124236566000036, 28.169990298000073 ], [ 106.123488, 28.170373999000049 ], [ 106.122543360000066, 28.170557431000077 ], [ 106.121503243000063, 28.170678638000027 ], [ 106.120515999000077, 28.170713 ], [ 106.119525, 28.170284 ], [ 106.11847124500008, 28.169922985000028 ], [ 106.117349593000085, 28.169518237000034 ], [ 106.115997509000067, 28.169046520000052 ], [ 106.114884432000053, 28.168700286000046 ], [ 106.113903306000054, 28.168367980000028 ], [ 106.112621541000067, 28.167896665000058 ], [ 106.112550258000056, 28.167904457000077 ], [ 106.108019, 28.166615 ], [ 106.105975, 28.16625 ], [ 106.104007, 28.166317999000057 ], [ 106.103642499000046, 28.166349883000066 ], [ 106.101995212000077, 28.166493977000073 ], [ 106.099668999000073, 28.166663 ], [ 106.09731550500004, 28.16680264300004 ], [ 106.095758, 28.166884999000047 ], [ 106.093904, 28.166736 ], [ 106.092354, 28.166417999000032 ], [ 106.090934, 28.166212 ], [ 106.089628, 28.165457999000068 ], [ 106.08823840000008, 28.165027943000041 ], [ 106.087308, 28.164739999000062 ], [ 106.085971827000037, 28.164575745000036 ], [ 106.085437, 28.16451 ], [ 106.083948, 28.163819999000054 ], [ 106.082351975000051, 28.162469825000073 ], [ 106.081314087000067, 28.161662439000054 ], [ 106.080205999000043, 28.161134 ], [ 106.078395, 28.160613 ], [ 106.077308968000068, 28.159931253000025 ], [ 106.076196369000058, 28.159088263000058 ], [ 106.075225, 28.158261999000047 ], [ 106.073865, 28.157516 ], [ 106.072185, 28.156769 ], [ 106.070600915000057, 28.156148543000029 ], [ 106.069409374000088, 28.155545078000046 ], [ 106.068264595000073, 28.154761888000053 ], [ 106.066913579000072, 28.153764981000052 ], [ 106.065864, 28.152936999000076 ], [ 106.064827310000055, 28.151863308000031 ], [ 106.062991886000077, 28.150098527000068 ], [ 106.061251493000043, 28.148694558000045 ], [ 106.059745315000043, 28.147545692000051 ], [ 106.057753826000067, 28.146118740000077 ], [ 106.05588, 28.144949 ], [ 106.055010999000046, 28.144713 ], [ 106.053808523000043, 28.144695127000034 ], [ 106.052487892000045, 28.144720806000066 ], [ 106.05097, 28.144815 ], [ 106.049014408000062, 28.144903548000059 ], [ 106.048894, 28.144909 ], [ 106.046666305000088, 28.144669211000064 ], [ 106.045505, 28.144362 ], [ 106.044129020000071, 28.143745942000066 ], [ 106.043185224000069, 28.143121474000054 ], [ 106.04233, 28.142347999000037 ], [ 106.041325088000065, 28.141899469000066 ], [ 106.040746, 28.141641 ], [ 106.039382569000054, 28.14150821000004 ], [ 106.03813929100005, 28.141433040000038 ], [ 106.036150999000085, 28.141583 ], [ 106.034708999000088, 28.141791 ], [ 106.034218, 28.141831 ], [ 106.033888999000055, 28.141601 ], [ 106.033377, 28.141062999000042 ], [ 106.032803, 28.139909999000054 ], [ 106.032289999000056, 28.138588999000035 ], [ 106.031586, 28.137209 ], [ 106.030881, 28.135826 ], [ 106.030177, 28.134904 ], [ 106.029266999000072, 28.134439 ], [ 106.028607582000063, 28.134510004000049 ], [ 106.027802772000086, 28.134596663000025 ], [ 106.027260999000077, 28.134655 ], [ 106.02664631500005, 28.134544858000027 ], [ 106.02557, 28.134351999000046 ], [ 106.024858, 28.134348 ], [ 106.024147, 28.134112 ], [ 106.023763, 28.133307 ], [ 106.023540106000041, 28.13202435900007 ], [ 106.023389, 28.131069 ], [ 106.023718, 28.129809999000031 ], [ 106.024314999000069, 28.128323 ], [ 106.024843, 28.127007 ], [ 106.025433, 28.126151 ], [ 106.026473, 28.125302 ], [ 106.027903999000046, 28.124968 ], [ 106.028746, 28.124574 ], [ 106.029059421000056, 28.123559309000029 ], [ 106.029425750000087, 28.122521063000079 ], [ 106.029871999000079, 28.121375 ], [ 106.030132010000045, 28.12027426700007 ], [ 106.030398999000056, 28.119143999000073 ], [ 106.031091313000047, 28.117896479000024 ], [ 106.031929090000062, 28.116570436000075 ], [ 106.032788119000088, 28.114941273000056 ], [ 106.033299, 28.113146 ], [ 106.033176, 28.112345 ], [ 106.032725, 28.111536999000066 ], [ 106.031821999000044, 28.110957 ], [ 106.030918, 28.110261 ], [ 106.030048071000067, 28.110222909000072 ], [ 106.029364999000052, 28.110192999000049 ], [ 106.028156337000041, 28.110368233000031 ], [ 106.026351065000085, 28.110526484000047 ], [ 106.025082510000061, 28.110594329000037 ], [ 106.024696, 28.110615 ], [ 106.023429, 28.110315 ], [ 106.021849, 28.11002 ], [ 106.020593, 28.110111 ], [ 106.019663, 28.110455 ], [ 106.01864099900007, 28.111183999000048 ], [ 106.017852, 28.112898 ], [ 106.017539789000068, 28.114661031000026 ], [ 106.016809393000074, 28.116513015000066 ], [ 106.015354734000084, 28.118896312000061 ], [ 106.01419351800007, 28.120736130000068 ], [ 106.013503, 28.121805 ], [ 106.012531, 28.122485 ], [ 106.011551, 28.123164 ], [ 106.010989210000048, 28.12319836100005 ], [ 106.009867, 28.123267 ], [ 106.008457193000083, 28.123075656000026 ], [ 106.006722322000087, 28.122738311000035 ], [ 106.004802460000064, 28.122164471000076 ], [ 106.002602, 28.121418 ], [ 106.00149620500008, 28.12123015800006 ], [ 106.000032, 28.120983 ], [ 105.998321, 28.12045099900007 ], [ 105.996269, 28.119361 ], [ 105.995004999000059, 28.119364 ], [ 105.99298, 28.119442 ], [ 105.991977, 28.119193 ], [ 105.990874, 28.119406 ], [ 105.990271502000041, 28.120094949000077 ], [ 105.989515, 28.12096 ], [ 105.988626999000076, 28.121377 ], [ 105.98787212700006, 28.121840778000035 ], [ 105.987862, 28.121847 ], [ 105.987786661000086, 28.121874609000031 ], [ 105.987670928000057, 28.121917021000058 ], [ 105.987580368000067, 28.121950209000033 ], [ 105.987443382000038, 28.122000410000055 ], [ 105.987372679000089, 28.122026320000032 ], [ 105.98727892900007, 28.122060676000046 ], [ 105.987207611000088, 28.122086811000031 ], [ 105.987145465000083, 28.122109586000079 ], [ 105.987079964000088, 28.122133590000033 ], [ 105.987026999000079, 28.122153 ], [ 105.986979790000078, 28.122150149000049 ], [ 105.986873234000086, 28.122143713000071 ], [ 105.986772254000073, 28.122137615000042 ], [ 105.986669605000088, 28.122131415000069 ], [ 105.986608798000077, 28.122127743000078 ], [ 105.986515977000067, 28.122122137000076 ], [ 105.986405284000057, 28.12211545200006 ], [ 105.986339130000033, 28.122111456000027 ], [ 105.986315, 28.122109999000031 ], [ 105.98626783900005, 28.122100676000059 ], [ 105.98620410400008, 28.122088076000068 ], [ 105.986106327000073, 28.122068746000025 ], [ 105.986022824000088, 28.122052238000038 ], [ 105.985942621000049, 28.122036382000033 ], [ 105.98588108000007, 28.122024216000057 ], [ 105.985794, 28.122007 ], [ 105.985735881000039, 28.12198747900004 ], [ 105.985633154000084, 28.121952977000035 ], [ 105.985500210000055, 28.121908326000039 ], [ 105.985395786000083, 28.121873253000047 ], [ 105.985303897000051, 28.12184239100003 ], [ 105.985209761000078, 28.121810774000039 ], [ 105.985135999000079, 28.121786 ], [ 105.985046311000076, 28.121748644000036 ], [ 105.984918708000066, 28.121695497000076 ], [ 105.984795430000077, 28.121644151000055 ], [ 105.984697836000066, 28.121603501000038 ], [ 105.984615, 28.121569 ], [ 105.98451440000008, 28.121474030000059 ], [ 105.984371275000058, 28.12133891600007 ], [ 105.984285460000081, 28.121257904000061 ], [ 105.984240292000038, 28.121213500000067 ], [ 105.984247494000044, 28.121214743000053 ], [ 105.984182548000035, 28.121160752000037 ], [ 105.984117082000068, 28.121098950000032 ], [ 105.984079, 28.121063 ], [ 105.984064053000054, 28.12103872800003 ], [ 105.984014615000035, 28.120958454000061 ], [ 105.98396131700008, 28.120871910000062 ], [ 105.983903375000068, 28.12077782700004 ], [ 105.983891010000036, 28.120742180000036 ], [ 105.983859918000064, 28.120707262000053 ], [ 105.983284866000076, 28.11959514800003 ], [ 105.982800508000082, 28.118389765000074 ], [ 105.982663, 28.118025 ], [ 105.982448, 28.117112 ], [ 105.982334, 28.115972 ], [ 105.982433, 28.11511 ], [ 105.982265, 28.113624999000024 ], [ 105.98192, 28.113000999000064 ], [ 105.981314999000062, 28.112152 ], [ 105.980642, 28.111304999000026 ], [ 105.979769, 28.110463999000046 ], [ 105.97921, 28.110157 ], [ 105.978704, 28.110681999000064 ], [ 105.977917, 28.111478999000042 ], [ 105.977396, 28.112392999000065 ], [ 105.976738, 28.113764 ], [ 105.976278, 28.11439 ], [ 105.975498, 28.114897 ], [ 105.974387, 28.115405 ], [ 105.973024999000074, 28.115964999000028 ], [ 105.972095060000072, 28.116729431000067 ], [ 105.971794551000073, 28.117180374000043 ], [ 105.97165, 28.117126 ], [ 105.971295, 28.11793 ], [ 105.970967, 28.119016 ], [ 105.970763878000071, 28.119707584000025 ], [ 105.970629, 28.120158999000068 ], [ 105.970629787000064, 28.120164209000052 ], [ 105.97017, 28.12176 ], [ 105.969704, 28.123413 ], [ 105.969235, 28.125303 ], [ 105.968701, 28.127592 ], [ 105.968037, 28.130403 ], [ 105.96782, 28.132633 ], [ 105.967286, 28.134808 ], [ 105.965756, 28.136545 ], [ 105.961991, 28.139798 ], [ 105.95977, 28.141449 ], [ 105.958645, 28.142054 ], [ 105.957032, 28.142736 ], [ 105.955151, 28.143247 ], [ 105.954205, 28.143217 ], [ 105.951401, 28.14432 ], [ 105.94883, 28.144694 ], [ 105.94735, 28.145081 ], [ 105.947310419000075, 28.145089244000076 ], [ 105.945577052000033, 28.145450262000054 ], [ 105.945175, 28.145534 ], [ 105.939266, 28.146106 ], [ 105.938042, 28.146322 ], [ 105.93702, 28.146197 ], [ 105.936184, 28.145961 ], [ 105.935612, 28.145442 ], [ 105.93311372800008, 28.144829793000042 ], [ 105.932280917000071, 28.143461603000048 ], [ 105.933797823000077, 28.142242130000056 ], [ 105.935552676000043, 28.141320088000043 ], [ 105.936321, 28.137556 ], [ 105.935177, 28.136804 ], [ 105.933526, 28.135886 ], [ 105.93192, 28.135698 ], [ 105.931218, 28.135696 ], [ 105.929901456000039, 28.135536015000071 ], [ 105.928985363000038, 28.135500323000031 ], [ 105.927141281000047, 28.135381350000046 ], [ 105.926308470000038, 28.135619296000073 ], [ 105.925475658000039, 28.136571081000056 ], [ 105.924653, 28.137692 ], [ 105.924393, 28.137862 ], [ 105.922620305000066, 28.13877208200006 ], [ 105.92172800700007, 28.140318732000026 ], [ 105.921846980000055, 28.142638706000071 ], [ 105.920478790000061, 28.142519733000029 ], [ 105.918099329000086, 28.140675651000038 ], [ 105.916588, 28.138282 ], [ 105.913418, 28.137872 ], [ 105.91161, 28.137928 ], [ 105.90947, 28.137753 ], [ 105.907403, 28.137121 ], [ 105.904035, 28.135397 ], [ 105.900296, 28.132807 ], [ 105.899007, 28.131258 ], [ 105.898107, 28.129366 ], [ 105.89655, 28.127348 ], [ 105.895192, 28.126086 ], [ 105.893712, 28.124822 ], [ 105.891774, 28.123388 ], [ 105.890355, 28.123271 ], [ 105.888539, 28.123726 ], [ 105.886994, 28.124759 ], [ 105.885117, 28.12573 ], [ 105.883164, 28.1268 ], [ 105.88097, 28.127543 ], [ 105.879421, 28.127311 ], [ 105.876061, 28.126737 ], [ 105.876058786000044, 28.126738300000056 ], [ 105.875092, 28.127306 ], [ 105.874989, 28.127398 ], [ 105.873795, 28.128453 ], [ 105.872952, 28.130113 ], [ 105.872624, 28.131832 ], [ 105.872814, 28.13378 ], [ 105.873322, 28.136079 ], [ 105.874352, 28.138599 ], [ 105.874989, 28.140143 ], [ 105.875252, 28.140779 ], [ 105.875313, 28.142031 ], [ 105.874989, 28.143018 ], [ 105.870091324000043, 28.145211697000036 ], [ 105.867978362000088, 28.147324658000059 ], [ 105.863809547000074, 28.148581014000058 ], [ 105.86198212100004, 28.151893223000059 ], [ 105.860839979000048, 28.15491989800006 ], [ 105.857984626000075, 28.156576003000055 ], [ 105.85741355600004, 28.159888212000055 ], [ 105.855871665000052, 28.162115388000075 ], [ 105.856842485000072, 28.164913634000072 ], [ 105.859812052000052, 28.167369238000049 ], [ 105.858098840000082, 28.168911129000037 ], [ 105.856556950000083, 28.172109124000031 ], [ 105.85891, 28.175808 ], [ 105.859245, 28.177139 ], [ 105.85976, 28.178342 ], [ 105.86047, 28.179666 ], [ 105.861042, 28.181385 ], [ 105.861424, 28.183221 ], [ 105.862141, 28.186599 ], [ 105.863358, 28.189579 ], [ 105.86464, 28.19416 ], [ 105.865532, 28.196452 ], [ 105.865792, 28.198289 ], [ 105.866299, 28.200815 ], [ 105.867573, 28.20551 ], [ 105.869302177000066, 28.207048921000023 ], [ 105.869827, 28.207516 ], [ 105.871123380000085, 28.208921858000053 ], [ 105.871544, 28.209378 ], [ 105.873078, 28.211031 ], [ 105.874993, 28.212519 ], [ 105.875073, 28.21258 ], [ 105.87759, 28.215443 ], [ 105.879372, 28.218893 ], [ 105.880463, 28.22199 ], [ 105.882065, 28.225325 ], [ 105.882546, 28.226922 ], [ 105.882874, 28.227433 ], [ 105.883019, 28.228405 ], [ 105.88311, 28.22926 ], [ 105.883133, 28.230634 ], [ 105.883286, 28.232007 ], [ 105.883507, 28.233665 ], [ 105.884045, 28.234977 ], [ 105.884907, 28.236355 ], [ 105.886105, 28.238058 ], [ 105.88683, 28.239022 ], [ 105.887104, 28.239877 ], [ 105.886852, 28.24051 ], [ 105.886357, 28.241267 ], [ 105.885594, 28.242079 ], [ 105.884316, 28.242786 ], [ 105.882767, 28.243479 ], [ 105.880966, 28.244479 ], [ 105.878346, 28.246004 ], [ 105.877056, 28.246594 ], [ 105.876095, 28.247182 ], [ 105.874978, 28.247768 ], [ 105.874413, 28.248071 ], [ 105.873452, 28.248427 ], [ 105.872345, 28.24848 ], [ 105.872063, 28.249988 ], [ 105.871705, 28.251934 ], [ 105.871544, 28.252342 ], [ 105.871136, 28.253471 ], [ 105.871109, 28.25357 ], [ 105.870755, 28.254908 ], [ 105.870762, 28.255882 ], [ 105.870778, 28.257202 ], [ 105.870724, 28.25829 ], [ 105.870739, 28.258481 ], [ 105.870533, 28.258463 ], [ 105.868916, 28.258366 ], [ 105.86789, 28.258608 ], [ 105.867432, 28.258669 ], [ 105.867173, 28.258214 ], [ 105.867104, 28.257756 ], [ 105.86612, 28.257194 ], [ 105.864239, 28.256238 ], [ 105.863003, 28.25579 ], [ 105.861901, 28.255345 ], [ 105.861184, 28.254892 ], [ 105.861184, 28.254549 ], [ 105.86102, 28.254025 ], [ 105.860615, 28.25357 ], [ 105.860001, 28.252904 ], [ 105.859219, 28.252512 ], [ 105.858624, 28.252507 ], [ 105.857586, 28.252578 ], [ 105.855271, 28.253016 ], [ 105.853894, 28.253555 ], [ 105.853604, 28.253673 ], [ 105.852124, 28.254269 ], [ 105.850327, 28.255268 ], [ 105.848149, 28.256504 ], [ 105.846558, 28.257791 ], [ 105.845067, 28.259328 ], [ 105.843419, 28.261464 ], [ 105.842225, 28.26343 ], [ 105.841538, 28.265101 ], [ 105.840795, 28.266839 ], [ 105.839917, 28.268912 ], [ 105.83925, 28.270534 ], [ 105.83899, 28.271135 ], [ 105.837556, 28.274854 ], [ 105.836125, 28.278292 ], [ 105.834634, 28.280648 ], [ 105.832524, 28.283776 ], [ 105.83046, 28.286875 ], [ 105.828625, 28.291396 ], [ 105.826996, 28.295925 ], [ 105.825951, 28.299419 ], [ 105.824078, 28.304173 ], [ 105.822579, 28.307497 ], [ 105.8218, 28.3087 ], [ 105.820683, 28.309832 ], [ 105.819844, 28.310401 ], [ 105.81622, 28.310747 ], [ 105.813897, 28.310574 ], [ 105.811116, 28.310689 ], [ 105.807026, 28.311414 ], [ 105.804608, 28.311732 ], [ 105.801098, 28.312975 ], [ 105.799401, 28.31397 ], [ 105.798504, 28.314577 ], [ 105.796574, 28.315384 ], [ 105.794827, 28.316076 ], [ 105.794248, 28.316658 ], [ 105.793893, 28.319125 ], [ 105.793965, 28.320331 ], [ 105.793656, 28.32148 ], [ 105.792885, 28.322684 ], [ 105.792653, 28.324751 ], [ 105.791947, 28.325962 ], [ 105.790879, 28.328266 ], [ 105.789872, 28.330747 ], [ 105.789109, 28.332301 ], [ 105.788514, 28.333333 ], [ 105.788411, 28.333511 ], [ 105.787774, 28.33432 ], [ 105.787271, 28.334835 ], [ 105.786645, 28.335402 ], [ 105.786332, 28.335376 ], [ 105.786073, 28.33576 ], [ 105.785642, 28.336785 ], [ 105.785356, 28.337467 ], [ 105.784005, 28.339115 ], [ 105.782116, 28.339952 ], [ 105.779625, 28.340051 ], [ 105.777199, 28.339519 ], [ 105.774037, 28.338179 ], [ 105.773716, 28.338174 ], [ 105.771908, 28.337253 ], [ 105.771047, 28.336773 ], [ 105.770352, 28.336389 ], [ 105.769189, 28.335296 ], [ 105.768281, 28.333331 ], [ 105.767777, 28.332247 ], [ 105.767526, 28.330645 ], [ 105.767464, 28.329155 ], [ 105.767937, 28.327272 ], [ 105.768143, 28.325667 ], [ 105.767953, 28.323604 ], [ 105.767727, 28.322918 ], [ 105.769024, 28.322498 ], [ 105.770436, 28.322277 ], [ 105.771405, 28.321654 ], [ 105.771794, 28.32086 ], [ 105.771672, 28.319832 ], [ 105.772198, 28.318408 ], [ 105.773617, 28.317388 ], [ 105.776375, 28.316264 ], [ 105.778359, 28.31582 ], [ 105.780216, 28.315548 ], [ 105.781628, 28.314757 ], [ 105.782536, 28.313905 ], [ 105.783558, 28.313455 ], [ 105.78415, 28.312558 ], [ 105.783062, 28.312249 ], [ 105.78056, 28.312407 ], [ 105.775376, 28.3126 ], [ 105.772556, 28.31275 ], [ 105.769353, 28.312503 ], [ 105.769013, 28.312496 ], [ 105.768758, 28.312414 ], [ 105.767083, 28.312658 ], [ 105.766496, 28.312607 ], [ 105.765397, 28.312671 ], [ 105.764748, 28.312679 ], [ 105.764161, 28.312455 ], [ 105.763383, 28.312292 ], [ 105.762734, 28.312068 ], [ 105.761239, 28.311562 ], [ 105.760941, 28.311491 ], [ 105.76085, 28.311623 ], [ 105.75937, 28.312325 ], [ 105.758488, 28.313128 ], [ 105.75776, 28.312805 ], [ 105.754067, 28.311991 ], [ 105.751938, 28.311528 ], [ 105.750012, 28.311083 ], [ 105.748181, 28.310658 ], [ 105.746438, 28.310236 ], [ 105.744367, 28.309732 ], [ 105.740609, 28.30886 ], [ 105.737042, 28.308275 ], [ 105.734452, 28.306663 ], [ 105.734139, 28.304369 ], [ 105.734929, 28.301788 ], [ 105.735646, 28.300641 ], [ 105.735531, 28.297317 ], [ 105.734506, 28.295254 ], [ 105.734643, 28.2925 ], [ 105.73491, 28.289875 ], [ 105.734849, 28.288382 ], [ 105.735184, 28.284652 ], [ 105.736493, 28.28231 ], [ 105.735982, 28.281562 ], [ 105.73481, 28.280527 ], [ 105.732243, 28.27829 ], [ 105.731213, 28.276851 ], [ 105.730633, 28.276276 ], [ 105.728363, 28.275523 ], [ 105.726487, 28.275633 ], [ 105.724087, 28.276884 ], [ 105.722718, 28.277393 ], [ 105.71925, 28.2785 ], [ 105.716198, 28.279634 ], [ 105.713082, 28.281224 ], [ 105.710102, 28.282765 ], [ 105.708835053000087, 28.284402631000034 ], [ 105.707921340000041, 28.286115843000061 ], [ 105.705694165000068, 28.286115843000061 ], [ 105.702381955000078, 28.285830307000026 ], [ 105.702381955000078, 28.283203382000067 ], [ 105.699526602000049, 28.283203382000067 ], [ 105.696309, 28.284672 ], [ 105.692726, 28.284891 ], [ 105.689545, 28.285794 ], [ 105.689544880000085, 28.285794057000032 ], [ 105.685123, 28.287892 ], [ 105.684078, 28.289548 ], [ 105.683, 28.292311 ], [ 105.68208, 28.294597 ], [ 105.681104, 28.296601 ], [ 105.679597, 28.299122 ], [ 105.67764, 28.301347 ], [ 105.674901, 28.304026 ], [ 105.67236, 28.305903 ], [ 105.670055, 28.308265 ], [ 105.666988, 28.311636 ], [ 105.665619, 28.312949 ], [ 105.664059, 28.313745 ], [ 105.661068, 28.314414 ], [ 105.658959, 28.313965 ], [ 105.655202, 28.313314 ], [ 105.654027, 28.313822 ], [ 105.653748, 28.314051 ], [ 105.653092, 28.31563 ], [ 105.652329, 28.316648 ], [ 105.649304746000041, 28.319120117000068 ], [ 105.646449393000069, 28.321461507000038 ], [ 105.644850395000049, 28.321461507000038 ], [ 105.643479825000043, 28.319405652000057 ], [ 105.641880828000069, 28.316036336000025 ], [ 105.642163, 28.312803 ], [ 105.641723783000089, 28.310816750000072 ], [ 105.640081955000085, 28.311958891000074 ], [ 105.637583521000067, 28.313957638000034 ], [ 105.635584774000051, 28.316170537000062 ], [ 105.636298612000076, 28.320310799000026 ], [ 105.635156471000073, 28.323523072000057 ], [ 105.633586027000035, 28.326592576000053 ], [ 105.637726289000057, 28.331089758000076 ], [ 105.640010571000062, 28.335087252000051 ], [ 105.643609, 28.338888 ], [ 105.645813, 28.342335 ], [ 105.646601678000081, 28.344866837000041 ], [ 105.646934803000079, 28.346389692000059 ], [ 105.647267927000087, 28.349958883000056 ], [ 105.647648641000046, 28.354479859000037 ], [ 105.647886587000073, 28.358334586000069 ], [ 105.648885961000076, 28.363141097000039 ], [ 105.650408816000038, 28.36737653800003 ], [ 105.652645509000081, 28.368090376000055 ], [ 105.654834613000048, 28.368328322000025 ], [ 105.655786398000032, 28.369184928000038 ], [ 105.654633, 28.370368 ], [ 105.653531, 28.37167 ], [ 105.652558, 28.372461 ], [ 105.65133, 28.373763 ], [ 105.649769, 28.375523 ], [ 105.649357, 28.376008 ], [ 105.648728, 28.378906 ], [ 105.646827727000073, 28.381566057000043 ], [ 105.64730361900007, 28.385254222000071 ], [ 105.648033, 28.387666 ], [ 105.647694, 28.390127 ], [ 105.646916, 28.393107 ], [ 105.646485177000045, 28.393851586000039 ], [ 105.645753, 28.395117 ], [ 105.644646, 28.396089 ], [ 105.64288, 28.39734 ], [ 105.640992, 28.398879 ], [ 105.639942, 28.400249 ], [ 105.639355, 28.401333 ], [ 105.635584774000051, 28.403457098000047 ], [ 105.636477072000048, 28.405836559000079 ], [ 105.63951088400006, 28.408929859000068 ], [ 105.642782643000032, 28.412082644000066 ], [ 105.644329293000055, 28.413629294000032 ], [ 105.644883, 28.415923 ], [ 105.644883, 28.416363 ], [ 105.644849, 28.416686 ], [ 105.6447, 28.418141 ], [ 105.644463, 28.420209 ], [ 105.644456, 28.420247 ], [ 105.643902, 28.422561 ], [ 105.643529, 28.424855 ], [ 105.643223, 28.426348 ], [ 105.64272, 28.427958 ], [ 105.642579, 28.429738 ], [ 105.642544, 28.429776 ], [ 105.642022, 28.430692 ], [ 105.64174, 28.433787 ], [ 105.641221, 28.434529 ], [ 105.639981, 28.435487 ], [ 105.638684, 28.436344 ], [ 105.636918, 28.437537 ], [ 105.635597662000066, 28.438726857000063 ], [ 105.633634607000033, 28.439619155000059 ], [ 105.631701295000084, 28.439143263000062 ], [ 105.629708497000081, 28.437090978000072 ], [ 105.627537238000059, 28.435306382000078 ], [ 105.627150576000076, 28.435603815000036 ], [ 105.626876938000066, 28.436615086000074 ], [ 105.625592029000074, 28.437614459000031 ], [ 105.623593282000058, 28.438185530000055 ], [ 105.621872, 28.43892 ], [ 105.621697, 28.438952 ], [ 105.616944, 28.439593 ], [ 105.614277, 28.440557 ], [ 105.611489, 28.441463 ], [ 105.609277, 28.442541 ], [ 105.60809, 28.444079 ], [ 105.607407, 28.445857 ], [ 105.607174, 28.447047 ], [ 105.607045, 28.447648 ], [ 105.607003, 28.447841 ], [ 105.605557, 28.454541 ], [ 105.607548, 28.45948 ], [ 105.609299, 28.463258 ], [ 105.611855, 28.466553 ], [ 105.611527, 28.469282 ], [ 105.611027, 28.470269 ], [ 105.610695, 28.470866 ], [ 105.609345, 28.471797 ], [ 105.608254, 28.472372 ], [ 105.607228, 28.473588 ], [ 105.606518, 28.474223 ], [ 105.606015, 28.475032 ], [ 105.605893, 28.475607 ], [ 105.606167, 28.476581 ], [ 105.606225, 28.476721 ], [ 105.606564, 28.477552 ], [ 105.607098, 28.478404 ], [ 105.6083, 28.480406 ], [ 105.608971, 28.481518 ], [ 105.609391, 28.484399 ], [ 105.609833, 28.48554 ], [ 105.610337, 28.486458 ], [ 105.611355, 28.487839 ], [ 105.612248, 28.48819 ], [ 105.613209, 28.488309 ], [ 105.614174, 28.487979 ], [ 105.61517, 28.487778 ], [ 105.616097, 28.487592 ], [ 105.617512, 28.488007 ], [ 105.618466, 28.488869 ], [ 105.618519, 28.489441 ], [ 105.618321, 28.490125 ], [ 105.617924, 28.491202 ], [ 105.619263, 28.492301 ], [ 105.620217, 28.493506 ], [ 105.621349, 28.4958 ], [ 105.621689, 28.496993 ], [ 105.622021, 28.498195 ], [ 105.622136, 28.499739 ], [ 105.622132, 28.500009 ], [ 105.622128, 28.500881 ], [ 105.622052, 28.502648 ], [ 105.62209, 28.503574 ], [ 105.622276, 28.507705 ], [ 105.622646, 28.508434 ], [ 105.623051, 28.509408 ], [ 105.623074, 28.509838 ], [ 105.624672, 28.511407 ], [ 105.624657, 28.512554 ], [ 105.62394, 28.513803 ], [ 105.623551, 28.514655 ], [ 105.623284, 28.515965 ], [ 105.62323, 28.516824 ], [ 105.622963, 28.517567 ], [ 105.62225, 28.518472 ], [ 105.622245526000086, 28.518477879000045 ], [ 105.621731, 28.519154 ], [ 105.621689, 28.519232 ], [ 105.621151, 28.52018 ], [ 105.620953, 28.520635 ], [ 105.620564, 28.521703 ], [ 105.621357, 28.522503 ], [ 105.621689, 28.522846 ], [ 105.621998, 28.523168 ], [ 105.623566, 28.523497 ], [ 105.625019, 28.523598 ], [ 105.625714, 28.523649 ], [ 105.627793, 28.523512 ], [ 105.630383, 28.522968 ], [ 105.633312, 28.522142 ], [ 105.634503, 28.521769 ], [ 105.635605, 28.521469 ], [ 105.637097, 28.521167 ], [ 105.638657, 28.521096 ], [ 105.639565, 28.521144 ], [ 105.641072, 28.521528 ], [ 105.64225, 28.521978 ], [ 105.644223, 28.522811 ], [ 105.645989, 28.523541 ], [ 105.647389, 28.524202 ], [ 105.648377, 28.524767 ], [ 105.649552, 28.525382 ], [ 105.650601, 28.525715 ], [ 105.651704, 28.525649 ], [ 105.653066, 28.525407 ], [ 105.654824, 28.525331 ], [ 105.656194, 28.525547 ], [ 105.657952, 28.526046 ], [ 105.659825, 28.526523 ], [ 105.661072, 28.527314 ], [ 105.662198, 28.528164 ], [ 105.663445, 28.529063 ], [ 105.664696, 28.530256 ], [ 105.665097, 28.53111 ], [ 105.665181, 28.531972 ], [ 105.665059, 28.532832 ], [ 105.664624, 28.534096 ], [ 105.664498, 28.534843 ], [ 105.664445, 28.535649 ], [ 105.664662, 28.536621 ], [ 105.664937, 28.537706 ], [ 105.665402, 28.538505 ], [ 105.667605719000051, 28.538653847000035 ], [ 105.671119390000058, 28.53904645800003 ], [ 105.679304736000063, 28.538760923000041 ], [ 105.679114379000055, 28.543139131000032 ], [ 105.678162594000071, 28.548088410000048 ], [ 105.677591524000036, 28.556844826000031 ], [ 105.682635981000033, 28.564839815000028 ], [ 105.686204, 28.569233 ], [ 105.686711127000081, 28.570037243000058 ], [ 105.687054, 28.570581 ], [ 105.687661, 28.572615 ], [ 105.688237, 28.575296 ], [ 105.688096, 28.577353 ], [ 105.687947, 28.5806 ], [ 105.688187, 28.584807 ], [ 105.688435, 28.586762 ], [ 105.689042, 28.590666 ], [ 105.689152, 28.59088 ], [ 105.690465, 28.593361 ], [ 105.692105, 28.594908 ], [ 105.692887, 28.595617 ], [ 105.694005, 28.596075 ], [ 105.695061, 28.596222 ], [ 105.695923, 28.596027 ], [ 105.698563, 28.594989 ], [ 105.700848, 28.593453 ], [ 105.703064, 28.591742 ], [ 105.705284, 28.591007 ], [ 105.707112, 28.590499 ], [ 105.708809, 28.590448 ], [ 105.710251, 28.590547 ], [ 105.711682, 28.590837 ], [ 105.71325, 28.591534 ], [ 105.713250827000081, 28.591534582000065 ], [ 105.714478, 28.592398 ], [ 105.716557, 28.5943 ], [ 105.71798, 28.595852 ], [ 105.719853, 28.598154 ], [ 105.720494, 28.599817 ], [ 105.72178, 28.601762 ], [ 105.72313, 28.603765 ], [ 105.723904, 28.605431 ], [ 105.725003, 28.608073 ], [ 105.725777, 28.608994 ], [ 105.727402, 28.609915 ], [ 105.728051, 28.609895 ], [ 105.729611, 28.61005 ], [ 105.730725, 28.610437 ], [ 105.731835, 28.610826 ], [ 105.732621, 28.611334 ], [ 105.733086, 28.611673 ], [ 105.733285, 28.612069 ], [ 105.733357, 28.612471 ], [ 105.733307, 28.613445 ], [ 105.733269, 28.615164 ], [ 105.733285, 28.616363 ], [ 105.73343, 28.616689 ], [ 105.733431526000061, 28.616692855000053 ], [ 105.733468, 28.616785 ], [ 105.733483, 28.616818 ], [ 105.733571, 28.616915 ], [ 105.734139, 28.617552 ], [ 105.735584, 28.618226 ], [ 105.737148, 28.618607 ], [ 105.738728, 28.619335 ], [ 105.740029, 28.619663 ], [ 105.741196, 28.619762 ], [ 105.742623, 28.619574 ], [ 105.743859, 28.619274 ], [ 105.744564, 28.61892 ], [ 105.745205, 28.618511 ], [ 105.745465, 28.618162 ], [ 105.745648, 28.61759 ], [ 105.745751, 28.617346 ], [ 105.745804, 28.617135 ], [ 105.745831, 28.616901 ], [ 105.745644, 28.615924 ], [ 105.745579, 28.614896 ], [ 105.745712, 28.613406 ], [ 105.746422, 28.612495 ], [ 105.747525, 28.611579 ], [ 105.747624, 28.611426 ], [ 105.747647, 28.611311 ], [ 105.747673, 28.611156 ], [ 105.748261, 28.610569 ], [ 105.750012, 28.609227 ], [ 105.750378, 28.608944 ], [ 105.75192, 28.60766 ], [ 105.752946, 28.606444 ], [ 105.753651, 28.605577 ], [ 105.753892, 28.604481 ], [ 105.754002, 28.603104 ], [ 105.754174, 28.601952 ], [ 105.754166, 28.601154 ], [ 105.754208, 28.599717 ], [ 105.75385, 28.597774 ], [ 105.75369, 28.595996 ], [ 105.753545, 28.594854 ], [ 105.753533, 28.594109 ], [ 105.75365867000005, 28.593878606000033 ], [ 105.753659, 28.593878 ], [ 105.754083, 28.593718 ], [ 105.755139, 28.594096 ], [ 105.756287, 28.594389 ], [ 105.758015, 28.594971 ], [ 105.761967, 28.595976 ], [ 105.763886, 28.596503 ], [ 105.766365, 28.597429 ], [ 105.768032, 28.598271 ], [ 105.768402, 28.598792 ], [ 105.769188, 28.599413 ], [ 105.770172, 28.600033 ], [ 105.770889, 28.600308 ], [ 105.771615, 28.600533 ], [ 105.773118, 28.60097 ], [ 105.77377, 28.601421 ], [ 105.775258, 28.604605 ], [ 105.775464, 28.605523 ], [ 105.776074, 28.607232 ], [ 105.776746, 28.608714 ], [ 105.777348, 28.609566 ], [ 105.777211624000074, 28.611362244000077 ], [ 105.778044436000073, 28.612908894000043 ], [ 105.780899789000046, 28.614693489000047 ], [ 105.784052575000032, 28.613741705000052 ], [ 105.786848441000075, 28.611778650000076 ], [ 105.790179687000034, 28.611600190000047 ], [ 105.792916067000078, 28.608982783000044 ], [ 105.792615, 28.606392 ], [ 105.793382, 28.606043 ], [ 105.794099, 28.605865 ], [ 105.794618, 28.606031 ], [ 105.795274, 28.606483 ], [ 105.796185, 28.607452 ], [ 105.796719, 28.608032 ], [ 105.797505, 28.608772 ], [ 105.797764, 28.608887 ], [ 105.798413, 28.608363 ], [ 105.79866, 28.607788 ], [ 105.799629, 28.607432 ], [ 105.800736, 28.60714 ], [ 105.802029, 28.607127 ], [ 105.80378, 28.607053 ], [ 105.805466, 28.606809 ], [ 105.806889, 28.606796 ], [ 105.808251, 28.606669 ], [ 105.808701, 28.606491 ], [ 105.809243, 28.606345 ], [ 105.809311, 28.606449 ], [ 105.809967, 28.606958 ], [ 105.810559, 28.607121 ], [ 105.811924, 28.608733 ], [ 105.813309, 28.611081 ], [ 105.813996, 28.613024 ], [ 105.81469, 28.614459 ], [ 105.815312, 28.615603 ], [ 105.816395, 28.616402 ], [ 105.817480667000041, 28.616521853000052 ], [ 105.817482, 28.616522 ], [ 105.81641, 28.614466 ], [ 105.815861, 28.611951 ], [ 105.815487, 28.610865 ], [ 105.815243, 28.609381 ], [ 105.815213, 28.607611 ], [ 105.815197, 28.606983 ], [ 105.815056, 28.60651 ], [ 105.817051, 28.605928 ], [ 105.818596, 28.605605 ], [ 105.820271, 28.605338 ], [ 105.823273, 28.605574 ], [ 105.824948, 28.605306 ], [ 105.826432, 28.604925 ], [ 105.828679, 28.604017 ], [ 105.831177, 28.603153 ], [ 105.832616, 28.603405 ], [ 105.832951, 28.603514 ], [ 105.833657, 28.60373 ], [ 105.835694, 28.605435 ], [ 105.836492, 28.60616 ], [ 105.837552, 28.607055 ], [ 105.839593, 28.608154 ], [ 105.840764, 28.608416 ], [ 105.842729, 28.609001 ], [ 105.844884, 28.609525 ], [ 105.846181, 28.609553 ], [ 105.84742, 28.609658 ], [ 105.848526, 28.609747 ], [ 105.849804, 28.6092 ], [ 105.850506, 28.608498 ], [ 105.851578, 28.607443 ], [ 105.852776, 28.606265 ], [ 105.853588, 28.605042 ], [ 105.854458, 28.603588 ], [ 105.855363723000039, 28.60171869900006 ], [ 105.855366, 28.601714 ], [ 105.855973, 28.601404 ], [ 105.858395, 28.602718 ], [ 105.858441, 28.602723 ], [ 105.86005, 28.603889 ], [ 105.861359, 28.60437 ], [ 105.863045, 28.604993 ], [ 105.868217, 28.605998 ], [ 105.870831, 28.606356 ], [ 105.871521, 28.606379 ], [ 105.871890378000046, 28.604994211000076 ], [ 105.871842789000084, 28.602947875000041 ], [ 105.873651179000035, 28.600758771000073 ], [ 105.874103277000074, 28.600330468000038 ], [ 105.874781423000059, 28.600163906000034 ], [ 105.875197829000058, 28.599878370000056 ], [ 105.875771, 28.599809 ], [ 105.876473, 28.599227 ], [ 105.877628, 28.598634 ], [ 105.878666, 28.598393 ], [ 105.879574, 28.59838 ], [ 105.880291, 28.598482 ], [ 105.881008, 28.598703 ], [ 105.881596, 28.59898 ], [ 105.882126, 28.599662 ], [ 105.882721, 28.60057 ], [ 105.883461, 28.601879 ], [ 105.884141, 28.603147 ], [ 105.884537, 28.603885 ], [ 105.885338, 28.604905 ], [ 105.885994, 28.605472 ], [ 105.886113, 28.605533 ], [ 105.88749964200008, 28.607219007000026 ], [ 105.889593568000066, 28.607456954000043 ], [ 105.891639904000044, 28.60779007800005 ], [ 105.89230615300005, 28.606314812000051 ], [ 105.895399453000039, 28.605315439000037 ], [ 105.89806444900006, 28.605696152000064 ], [ 105.901490873000057, 28.606695526000067 ], [ 105.901776408000046, 28.60926534400005 ], [ 105.902531, 28.611723 ], [ 105.902009, 28.61523 ], [ 105.899825250000049, 28.616070602000036 ], [ 105.893591062000041, 28.617117565000058 ], [ 105.893162759000063, 28.619116312000074 ], [ 105.891425753000078, 28.622185817000059 ], [ 105.887071339000045, 28.625612241000056 ], [ 105.888213480000047, 28.627682372000038 ], [ 105.888641783000082, 28.629395584000065 ], [ 105.889649, 28.632437 ], [ 105.890068, 28.634778 ], [ 105.889862, 28.636604 ], [ 105.889908, 28.638376 ], [ 105.890862, 28.63935 ], [ 105.889355622000039, 28.642601593000052 ], [ 105.88921285400005, 28.647241542000074 ], [ 105.890569147000065, 28.649668592000069 ], [ 105.893781419000049, 28.652238410000052 ], [ 105.887071339000045, 28.652666713000031 ], [ 105.884144602000049, 28.655165147000048 ], [ 105.884215986000072, 28.658805722000068 ], [ 105.88464428900005, 28.663945358000035 ], [ 105.886999955000078, 28.666729327000041 ], [ 105.887852, 28.669869 ], [ 105.887741, 28.670147 ], [ 105.887196, 28.67152 ], [ 105.886021, 28.673997 ], [ 105.886746, 28.674803 ], [ 105.887211, 28.675367 ], [ 105.888058, 28.67553 ], [ 105.889351, 28.675225 ], [ 105.8909, 28.674627 ], [ 105.89251, 28.673806 ], [ 105.893997, 28.673208 ], [ 105.895416, 28.672562 ], [ 105.896515, 28.672318 ], [ 105.897569, 28.672253 ], [ 105.898545, 28.672414 ], [ 105.900117, 28.672736 ], [ 105.901353, 28.673062 ], [ 105.902406, 28.673738 ], [ 105.904176, 28.674573 ], [ 105.906209, 28.67558 ], [ 105.908238, 28.676584 ], [ 105.911069, 28.678549 ], [ 105.912385, 28.679332 ], [ 105.915139, 28.680902 ], [ 105.918496, 28.682496 ], [ 105.92228, 28.681849 ], [ 105.924145, 28.681521 ], [ 105.925427, 28.68119 ], [ 105.926964, 28.681546 ], [ 105.928494, 28.682358 ], [ 105.929387, 28.682709 ], [ 105.930535, 28.683805 ], [ 105.931077, 28.684591 ], [ 105.932121, 28.685393 ], [ 105.932667, 28.68653 ], [ 105.933209, 28.687959 ], [ 105.93375, 28.688986 ], [ 105.934087, 28.690115 ], [ 105.934163, 28.690573 ], [ 105.934041, 28.691258 ], [ 105.933812, 28.692247 ], [ 105.933766, 28.693165 ], [ 105.932751, 28.694955 ], [ 105.931931, 28.696285 ], [ 105.93103, 28.697324 ], [ 105.930267, 28.698422 ], [ 105.92963, 28.699407 ], [ 105.929386, 28.700266 ], [ 105.929333, 28.701184 ], [ 105.929424, 28.702504 ], [ 105.929501, 28.70353 ], [ 105.929794, 28.704962 ], [ 105.929939, 28.70576 ], [ 105.930802, 28.707068 ], [ 105.931595, 28.70752 ], [ 105.932316, 28.707739 ], [ 105.933354, 28.707668 ], [ 105.933355389000042, 28.707668016000071 ], [ 105.935814, 28.707696 ], [ 105.936596, 28.707745 ], [ 105.938587860000041, 28.713290620000066 ], [ 105.945155172000057, 28.71745943600007 ], [ 105.951494056000058, 28.717630757000052 ], [ 105.952864626000064, 28.718373149000058 ], [ 105.95092, 28.722285 ], [ 105.950808771000084, 28.727510279000057 ], [ 105.952693304000036, 28.729337705000034 ], [ 105.951722484000072, 28.732135951000032 ], [ 105.952579090000086, 28.733335200000056 ], [ 105.95452073000007, 28.733106771000053 ], [ 105.956291049000072, 28.735333947000072 ], [ 105.957646, 28.737171 ], [ 105.958672, 28.738209 ], [ 105.960217, 28.73905 ], [ 105.960663, 28.739968 ], [ 105.960785, 28.740993 ], [ 105.960392, 28.741448 ], [ 105.959942, 28.741731 ], [ 105.958538, 28.743307 ], [ 105.958672, 28.744024 ], [ 105.959095, 28.744676 ], [ 105.959957, 28.745469 ], [ 105.960823, 28.746606 ], [ 105.961167, 28.747515 ], [ 105.96125, 28.748891 ], [ 105.961357, 28.750017 ], [ 105.961411, 28.750551 ], [ 105.961506, 28.751815 ], [ 105.9618, 28.753387 ], [ 105.961857, 28.753698 ], [ 105.962078, 28.754845 ], [ 105.962284, 28.755643 ], [ 105.962368, 28.756793 ], [ 105.962914, 28.758161 ], [ 105.963136, 28.759813 ], [ 105.963029, 28.761136 ], [ 105.962922, 28.762799 ], [ 105.963273, 28.764228 ], [ 105.963677, 28.764798 ], [ 105.964269, 28.765021 ], [ 105.965691, 28.764487 ], [ 105.966855, 28.76373 ], [ 105.967889, 28.762974 ], [ 105.968583, 28.761932 ], [ 105.96922, 28.761008 ], [ 105.969926, 28.75991 ], [ 105.970757, 28.758703 ], [ 105.971447, 28.757146 ], [ 105.971783, 28.756374 ], [ 105.972164, 28.755509 ], [ 105.972863, 28.754413 ], [ 105.973236, 28.753775 ], [ 105.973389, 28.753368 ], [ 105.973553, 28.75292 ], [ 105.973996, 28.75217 ], [ 105.974568, 28.751361 ], [ 105.974892, 28.751013 ], [ 105.974945, 28.750611 ], [ 105.975582, 28.750036 ], [ 105.975716, 28.749917 ], [ 105.977219, 28.749726 ], [ 105.981591, 28.749678 ], [ 105.983151, 28.749373 ], [ 105.983727, 28.74891 ], [ 105.983941, 28.747607 ], [ 105.984116, 28.746808 ], [ 105.984437, 28.746292 ], [ 105.985211, 28.745936 ], [ 105.98671, 28.745921 ], [ 105.98874, 28.746015 ], [ 105.99083, 28.746106 ], [ 105.992463, 28.746259 ], [ 105.994031, 28.746414 ], [ 105.994614, 28.746236 ], [ 105.99495, 28.746083 ], [ 105.995938, 28.746272 ], [ 105.996415, 28.746511 ], [ 105.997290489000079, 28.746933271000046 ], [ 105.997292, 28.746934 ], [ 105.998128, 28.747223 ], [ 105.999031, 28.74638 ], [ 105.999752, 28.744732 ], [ 106.000035, 28.744477 ], [ 106.000378, 28.744172 ], [ 106.00119, 28.744572 ], [ 106.001904, 28.744221 ], [ 106.002999, 28.743234 ], [ 106.003891, 28.74242 ], [ 106.004727, 28.741779 ], [ 106.005276, 28.741507 ], [ 106.005318, 28.739994 ], [ 106.005654, 28.738628 ], [ 106.006497, 28.737491 ], [ 106.00779, 28.736077 ], [ 106.008778, 28.734434 ], [ 106.009244, 28.73303 ], [ 106.009766, 28.731723 ], [ 106.010285, 28.731614 ], [ 106.012284, 28.730607 ], [ 106.013257, 28.729989 ], [ 106.014401, 28.729663 ], [ 106.014382, 28.729595 ], [ 106.01397, 28.728567 ], [ 106.013825, 28.727543 ], [ 106.013871, 28.72674 ], [ 106.014203, 28.725921 ], [ 106.018181, 28.725249 ], [ 106.020882, 28.724764 ], [ 106.022267, 28.72434 ], [ 106.023171, 28.723833 ], [ 106.024395, 28.723505 ], [ 106.02517, 28.722938 ], [ 106.024723, 28.722366 ], [ 106.023697, 28.722069 ], [ 106.022419, 28.721441 ], [ 106.021241, 28.720833 ], [ 106.021469, 28.719777 ], [ 106.022896, 28.71859 ], [ 106.024822, 28.717809 ], [ 106.025223, 28.716957 ], [ 106.023552, 28.71654 ], [ 106.021089, 28.716375 ], [ 106.019097, 28.716242 ], [ 106.017377, 28.714687 ], [ 106.017361, 28.713916 ], [ 106.017544, 28.713229 ], [ 106.018246, 28.712301 ], [ 106.019272, 28.711429 ], [ 106.02089, 28.710724 ], [ 106.022228, 28.710447 ], [ 106.023338, 28.710546 ], [ 106.025368, 28.710811 ], [ 106.026737, 28.711081 ], [ 106.028629, 28.710831 ], [ 106.030251, 28.710696 ], [ 106.031552, 28.710282 ], [ 106.032196, 28.709873 ], [ 106.032387, 28.709472 ], [ 106.031902, 28.708101 ], [ 106.030823, 28.706108 ], [ 106.029946, 28.704511 ], [ 106.029537, 28.70377 ], [ 106.029064, 28.702694 ], [ 106.028595, 28.701781 ], [ 106.027855, 28.700583 ], [ 106.027172, 28.69893 ], [ 106.027096, 28.698297 ], [ 106.027603, 28.69749 ], [ 106.028557, 28.696394 ], [ 106.030045, 28.695458 ], [ 106.031269, 28.694639 ], [ 106.032494, 28.693996 ], [ 106.033592, 28.693408 ], [ 106.034389704000034, 28.69313210200005 ], [ 106.03439, 28.693132 ], [ 106.034913, 28.69318 ], [ 106.035706, 28.693628 ], [ 106.036633, 28.694365 ], [ 106.038621, 28.696176 ], [ 106.039411, 28.696796 ], [ 106.04131, 28.697005 ], [ 106.04287, 28.696812 ], [ 106.043969, 28.696455 ], [ 106.045915, 28.695858 ], [ 106.048859, 28.694984 ], [ 106.05093, 28.6945 ], [ 106.052353, 28.693849 ], [ 106.052605, 28.693445 ], [ 106.052849, 28.692354 ], [ 106.053024, 28.691433 ], [ 106.053593, 28.690575 ], [ 106.054688, 28.689987 ], [ 106.056439, 28.689504 ], [ 106.058068, 28.689313 ], [ 106.060048, 28.689135 ], [ 106.061215, 28.689066 ], [ 106.062318, 28.689048 ], [ 106.063104, 28.689326 ], [ 106.063378, 28.689954 ], [ 106.063325, 28.690582 ], [ 106.063149, 28.691099 ], [ 106.062775, 28.692078 ], [ 106.062332, 28.692943 ], [ 106.06202, 28.69352 ], [ 106.061516, 28.694446 ], [ 106.061398, 28.695306 ], [ 106.061539, 28.695822 ], [ 106.062134, 28.696046 ], [ 106.063042, 28.696203 ], [ 106.064213, 28.695959 ], [ 106.066155, 28.695245 ], [ 106.068287, 28.694471 ], [ 106.07042, 28.693297 ], [ 106.072259, 28.69251 ], [ 106.074071, 28.691857 ], [ 106.076073, 28.691145 ], [ 106.077943, 28.69014 ], [ 106.079098, 28.689321 ], [ 106.080319, 28.688505 ], [ 106.081925, 28.687221 ], [ 106.082558, 28.686351 ], [ 106.083314, 28.684965 ], [ 106.083665, 28.684205 ], [ 106.08416, 28.682531 ], [ 106.084328, 28.681214 ], [ 106.084618, 28.679202 ], [ 106.084847, 28.677426 ], [ 106.085092, 28.676447 ], [ 106.085595, 28.675412 ], [ 106.086488, 28.674478 ], [ 106.086663, 28.673675 ], [ 106.086518, 28.672815 ], [ 106.084962, 28.669855 ], [ 106.084916, 28.669787 ], [ 106.083893, 28.668266 ], [ 106.083462, 28.667166 ], [ 106.082711, 28.666673 ], [ 106.08096, 28.665528 ], [ 106.08099046600006, 28.664046859000052 ], [ 106.082275375000052, 28.662143290000074 ], [ 106.082370554000079, 28.660668024000074 ], [ 106.082798856000068, 28.658669277000058 ], [ 106.087700546000065, 28.658336152000061 ], [ 106.090175186000067, 28.656575351000072 ], [ 106.092031165000037, 28.653386873000045 ], [ 106.091840808000086, 28.649960449000048 ], [ 106.092173933000083, 28.645820187000027 ], [ 106.092982950000078, 28.64334554800007 ], [ 106.095933481000088, 28.641679925000062 ], [ 106.099515, 28.639244 ], [ 106.100487348000058, 28.639004470000032 ], [ 106.101155, 28.63884 ], [ 106.103214632000061, 28.637111360000063 ], [ 106.103167043000042, 28.635540916000025 ], [ 106.10178695500008, 28.634113239000044 ], [ 106.103785703000085, 28.633732525000028 ], [ 106.106688645000077, 28.633732525000028 ], [ 106.109496409000087, 28.634541542000079 ], [ 106.110448193000082, 28.634969845000057 ], [ 106.111699, 28.635644 ], [ 106.113385, 28.635619 ], [ 106.115655, 28.635754 ], [ 106.116891, 28.635906 ], [ 106.117745, 28.636181 ], [ 106.118203, 28.636405 ], [ 106.118737, 28.637084 ], [ 106.119012, 28.638053 ], [ 106.119027, 28.638856 ], [ 106.118844, 28.639545 ], [ 106.118791, 28.640232 ], [ 106.118462, 28.640869 ], [ 106.117569, 28.641683 ], [ 106.116097, 28.642568 ], [ 106.115258, 28.643211 ], [ 106.114495, 28.643852 ], [ 106.113148, 28.64462 ], [ 106.112057, 28.645381 ], [ 106.111737, 28.645673 ], [ 106.111492, 28.646309 ], [ 106.1115, 28.646881 ], [ 106.111775, 28.647567 ], [ 106.112171, 28.647905 ], [ 106.11269, 28.648183 ], [ 106.112957, 28.64818 ], [ 106.113858, 28.647877 ], [ 106.114624, 28.647292 ], [ 106.115525, 28.646761 ], [ 106.115784, 28.6467 ], [ 106.116242, 28.647094 ], [ 106.116776, 28.647603 ], [ 106.117493, 28.648106 ], [ 106.118279, 28.648269 ], [ 106.119507, 28.647791 ], [ 106.120465, 28.647257 ], [ 106.121094, 28.64702 ], [ 106.1219, 28.646738 ], [ 106.122739, 28.646318 ], [ 106.12383, 28.645499 ], [ 106.1242, 28.644863 ], [ 106.124826, 28.643363 ], [ 106.124993, 28.643315 ], [ 106.125466, 28.64318 ], [ 106.126252, 28.643511 ], [ 106.127889, 28.64406 ], [ 106.129125, 28.644266 ], [ 106.131318, 28.643772 ], [ 106.132226, 28.643643 ], [ 106.133203, 28.643683 ], [ 106.134778, 28.643791 ], [ 106.135686, 28.643949 ], [ 106.137048, 28.643982 ], [ 106.137315, 28.644264 ], [ 106.137528, 28.64535 ], [ 106.137742, 28.646207 ], [ 106.138009, 28.646662 ], [ 106.138734, 28.647274 ], [ 106.139844, 28.647714 ], [ 106.140759, 28.647928 ], [ 106.142045, 28.64745 ], [ 106.143334, 28.646969 ], [ 106.144162, 28.646329 ], [ 106.144475, 28.646026 ], [ 106.145016, 28.643099 ], [ 106.144963, 28.64213 ], [ 106.145871, 28.64122 ], [ 106.146904, 28.64101 ], [ 106.147752, 28.639995 ], [ 106.148202, 28.63971 ], [ 106.149922, 28.640466 ], [ 106.150418, 28.641317 ], [ 106.151047, 28.642576 ], [ 106.15149, 28.643324 ], [ 106.153019, 28.643334 ], [ 106.153538, 28.642363 ], [ 106.154515, 28.640712 ], [ 106.15664, 28.63936 ], [ 106.159348, 28.638889 ], [ 106.161912, 28.639448 ], [ 106.161977, 28.639362 ], [ 106.16306, 28.638141 ], [ 106.164071, 28.636806 ], [ 106.165086, 28.635694 ], [ 106.166043, 28.634705 ], [ 106.166539, 28.633777 ], [ 106.167043, 28.632735 ], [ 106.167413, 28.63187 ], [ 106.167321, 28.630667 ], [ 106.166982, 28.629528 ], [ 106.166371, 28.628277 ], [ 106.165799, 28.625709 ], [ 106.165662, 28.625024 ], [ 106.16615, 28.62341 ], [ 106.166573, 28.621685 ], [ 106.16687, 28.620304 ], [ 106.168251, 28.617588 ], [ 106.169506, 28.615729 ], [ 106.170846, 28.614738 ], [ 106.171883, 28.613708 ], [ 106.172886, 28.612088 ], [ 106.174988, 28.610102 ], [ 106.176392, 28.608765 ], [ 106.17754, 28.607771 ], [ 106.178612, 28.606547 ], [ 106.179886, 28.605205 ], [ 106.18103, 28.603867 ], [ 106.1814, 28.602893 ], [ 106.181816, 28.601336 ], [ 106.182053, 28.599958 ], [ 106.182018, 28.59818 ], [ 106.181389, 28.595321 ], [ 106.181301, 28.594405 ], [ 106.181004, 28.592691 ], [ 106.18113, 28.592175 ], [ 106.181488, 28.590909 ], [ 106.182312, 28.58981 ], [ 106.184639, 28.587953 ], [ 106.185322, 28.586849 ], [ 106.185433, 28.586607 ], [ 106.186127, 28.585059 ], [ 106.186627, 28.583675 ], [ 106.186825, 28.583322 ], [ 106.187191, 28.582688 ], [ 106.187687, 28.581936 ], [ 106.188324, 28.581122 ], [ 106.188832, 28.580542 ], [ 106.191132, 28.578782 ], [ 106.192982, 28.577502 ], [ 106.194588, 28.576726 ], [ 106.196205, 28.576184 ], [ 106.197579, 28.575656 ], [ 106.198407, 28.574954 ], [ 106.199169, 28.574138 ], [ 106.199774793000074, 28.572908168000026 ], [ 106.200165, 28.572116 ], [ 106.200795, 28.571531 ], [ 106.201577, 28.571343 ], [ 106.201836, 28.571282 ], [ 106.202824, 28.572185 ], [ 106.203434, 28.573378 ], [ 106.20475, 28.574786 ], [ 106.205151, 28.574896 ], [ 106.206436, 28.57453 ], [ 106.207215, 28.574344 ], [ 106.209179, 28.574342 ], [ 106.209652, 28.575136 ], [ 106.210255, 28.576097 ], [ 106.211037, 28.576545 ], [ 106.212983, 28.576568 ], [ 106.213959, 28.576552 ], [ 106.215054, 28.576306 ], [ 106.216473, 28.575876 ], [ 106.217438, 28.575403 ], [ 106.218598, 28.574983 ], [ 106.218163, 28.572926 ], [ 106.21833, 28.571833 ], [ 106.219475, 28.570495 ], [ 106.220497, 28.56973 ], [ 106.221791, 28.569036 ], [ 106.223607, 28.568603 ], [ 106.224118, 28.568367 ], [ 106.225137, 28.567545 ], [ 106.226853, 28.565458 ], [ 106.227562, 28.565102 ], [ 106.22847, 28.565031 ], [ 106.230595, 28.564309 ], [ 106.231945, 28.563772 ], [ 106.232464, 28.563472 ], [ 106.233143, 28.561687 ], [ 106.233112, 28.56037 ], [ 106.233517, 28.55807 ], [ 106.233975, 28.557492 ], [ 106.234616, 28.556966 ], [ 106.235508, 28.556434 ], [ 106.236477, 28.555903 ], [ 106.237248, 28.555488 ], [ 106.237885, 28.555364 ], [ 106.238152, 28.55559 ], [ 106.239068, 28.555977 ], [ 106.239655, 28.556195 ], [ 106.240372, 28.556183 ], [ 106.241143, 28.555885 ], [ 106.241906, 28.555186 ], [ 106.242539, 28.554199 ], [ 106.243294, 28.553042 ], [ 106.244118, 28.552167 ], [ 106.245469, 28.551457 ], [ 106.245919, 28.551051 ], [ 106.245957, 28.550015 ], [ 106.245804, 28.548815 ], [ 106.245858, 28.548184 ], [ 106.246285, 28.547536 ], [ 106.246415, 28.547328 ], [ 106.24743, 28.54633 ], [ 106.249085, 28.544814 ], [ 106.249787, 28.543942 ], [ 106.249982, 28.543771 ], [ 106.251149, 28.542792 ], [ 106.252538, 28.544087 ], [ 106.253072, 28.544595 ], [ 106.254334, 28.545892 ], [ 106.255189, 28.546513 ], [ 106.255776, 28.546734 ], [ 106.256295, 28.546724 ], [ 106.257043, 28.544992 ], [ 106.25734, 28.543667 ], [ 106.257836, 28.542571 ], [ 106.258935, 28.541694 ], [ 106.261326, 28.540971 ], [ 106.262562, 28.540951 ], [ 106.26347, 28.540936 ], [ 106.264706, 28.540974 ], [ 106.26664, 28.540212 ], [ 106.267785, 28.539106 ], [ 106.269318, 28.537763 ], [ 106.270276, 28.537005 ], [ 106.271237, 28.536357 ], [ 106.27187, 28.536164 ], [ 106.27311, 28.536261 ], [ 106.274468, 28.536297 ], [ 106.275071, 28.537093 ], [ 106.275407, 28.53766 ], [ 106.273942, 28.53917 ], [ 106.273705, 28.540149 ], [ 106.273591, 28.540839 ], [ 106.273674, 28.541462 ], [ 106.273811, 28.541862 ], [ 106.274338, 28.542253 ], [ 106.276028, 28.542172 ], [ 106.276928, 28.541869 ], [ 106.278816, 28.541844 ], [ 106.279595, 28.541946 ], [ 106.281483, 28.541918 ], [ 106.282383, 28.541445 ], [ 106.283898, 28.540732 ], [ 106.285599, 28.540932 ], [ 106.287807, 28.540958 ], [ 106.28846, 28.540889 ], [ 106.288903, 28.540717 ], [ 106.288933, 28.539054 ], [ 106.288712, 28.537452 ], [ 106.288491, 28.53648 ], [ 106.289361, 28.534399 ], [ 106.289666, 28.533306 ], [ 106.289826, 28.531927 ], [ 106.28975, 28.531068 ], [ 106.290253, 28.530312 ], [ 106.292386, 28.52971 ], [ 106.293221, 28.529069 ], [ 106.293518, 28.527696 ], [ 106.293686, 28.526259 ], [ 106.294235, 28.52453 ], [ 106.294804, 28.523378 ], [ 106.29562, 28.522159 ], [ 106.296891, 28.520872 ], [ 106.297974, 28.51988 ], [ 106.298287, 28.519247 ], [ 106.298333, 28.518329 ], [ 106.298104, 28.516668 ], [ 106.297761, 28.515816 ], [ 106.297867, 28.514725 ], [ 106.298241, 28.513977 ], [ 106.30095, 28.51279 ], [ 106.301202, 28.512268 ], [ 106.30169, 28.510885 ], [ 106.301537, 28.509684 ], [ 106.301392, 28.508659 ], [ 106.301697, 28.507911 ], [ 106.303104, 28.506629 ], [ 106.305603, 28.504755 ], [ 106.307736, 28.503351 ], [ 106.308099, 28.503114 ], [ 106.310002, 28.501755 ], [ 106.31186, 28.500018 ], [ 106.312016, 28.499873 ], [ 106.313103, 28.499227 ], [ 106.314202, 28.498981 ], [ 106.315831, 28.498846 ], [ 106.317132, 28.498884 ], [ 106.318753, 28.49863 ], [ 106.319916, 28.498269 ], [ 106.320801, 28.497223 ], [ 106.321522, 28.495924 ], [ 106.32195, 28.49483 ], [ 106.322324, 28.493907 ], [ 106.322423, 28.492646 ], [ 106.32214, 28.491501 ], [ 106.321606, 28.490135 ], [ 106.323204, 28.488965 ], [ 106.324558, 28.488431 ], [ 106.325848, 28.488067 ], [ 106.326096, 28.487376 ], [ 106.326401, 28.486341 ], [ 106.326904, 28.485471 ], [ 106.328838, 28.484698 ], [ 106.32883869300008, 28.484697801000038 ], [ 106.329865, 28.484403 ], [ 106.331418, 28.484151 ], [ 106.333626, 28.483948 ], [ 106.335225, 28.483731 ], [ 106.336594, 28.483995 ], [ 106.337506, 28.483982 ], [ 106.338269, 28.483283 ], [ 106.339417, 28.482062 ], [ 106.339875, 28.482228 ], [ 106.340771, 28.481411 ], [ 106.341775, 28.479733 ], [ 106.342522, 28.478347 ], [ 106.343678, 28.477247 ], [ 106.345231, 28.47711 ], [ 106.345833, 28.477845 ], [ 106.346291, 28.47868 ], [ 106.346578, 28.479764 ], [ 106.346928, 28.481305 ], [ 106.347867, 28.482724 ], [ 106.349053, 28.483568 ], [ 106.350415, 28.48309 ], [ 106.351628, 28.482213 ], [ 106.352204, 28.481859 ], [ 106.353314, 28.481785 ], [ 106.35468, 28.481994 ], [ 106.356645, 28.482538 ], [ 106.358601, 28.483024 ], [ 106.359872, 28.48344 ], [ 106.361112, 28.483596 ], [ 106.36202, 28.483695 ], [ 106.364274, 28.482746 ], [ 106.365239, 28.481983 ], [ 106.366132, 28.481167 ], [ 106.366838, 28.48064 ], [ 106.367349, 28.480462 ], [ 106.368188, 28.480277 ], [ 106.369565, 28.480541 ], [ 106.370671, 28.480869 ], [ 106.37111, 28.481022 ], [ 106.372353, 28.481446 ], [ 106.373929, 28.482225 ], [ 106.374982, 28.482955 ], [ 106.375024, 28.483026 ], [ 106.37518, 28.483295 ], [ 106.375329, 28.483812 ], [ 106.375283, 28.484897 ], [ 106.375024, 28.48607 ], [ 106.374989, 28.486222 ], [ 106.374432, 28.487491 ], [ 106.373929, 28.488532 ], [ 106.37357, 28.489913 ], [ 106.373395, 28.490829 ], [ 106.373235, 28.492378 ], [ 106.373128, 28.493413 ], [ 106.37309, 28.494616 ], [ 106.372216, 28.496523 ], [ 106.371133, 28.497626 ], [ 106.37111, 28.497675 ], [ 106.369939, 28.49841 ], [ 106.368993, 28.49986 ], [ 106.369016, 28.50003 ], [ 106.369096, 28.500447 ], [ 106.369576, 28.501472 ], [ 106.369927, 28.502726 ], [ 106.37042, 28.50325 ], [ 106.370458, 28.503294 ], [ 106.370633, 28.50325 ], [ 106.37111, 28.503136 ], [ 106.371213, 28.503087 ], [ 106.372514, 28.502952 ], [ 106.373284, 28.502883 ], [ 106.374329, 28.502924 ], [ 106.374486, 28.503229 ], [ 106.374745, 28.503722 ], [ 106.372963, 28.505469 ], [ 106.372322, 28.506054 ], [ 106.372208, 28.506916 ], [ 106.372559, 28.507882 ], [ 106.375035, 28.509065 ], [ 106.375576, 28.509327 ], [ 106.376492, 28.509994 ], [ 106.376698, 28.510622 ], [ 106.375935, 28.511322 ], [ 106.375028, 28.511568 ], [ 106.374577, 28.511688 ], [ 106.373155, 28.512113 ], [ 106.371236, 28.513517 ], [ 106.371117, 28.513701 ], [ 106.370694, 28.514174 ], [ 106.370388, 28.514866 ], [ 106.370205, 28.515614 ], [ 106.370099, 28.516815 ], [ 106.370122, 28.518135 ], [ 106.370412, 28.519335 ], [ 106.370885, 28.520414 ], [ 106.370893, 28.520701 ], [ 106.37111, 28.52122 ], [ 106.37148, 28.522161 ], [ 106.371636, 28.523361 ], [ 106.371251, 28.523768 ], [ 106.37111, 28.523998 ], [ 106.370839, 28.524319 ], [ 106.370137, 28.524901 ], [ 106.369817, 28.525252 ], [ 106.36984, 28.526282 ], [ 106.369992, 28.527429 ], [ 106.369885, 28.528233 ], [ 106.370351, 28.528793 ], [ 106.370435, 28.528885 ], [ 106.37111, 28.529612 ], [ 106.372056, 28.530637 ], [ 106.373063, 28.532226 ], [ 106.373807, 28.533589 ], [ 106.37428, 28.534556 ], [ 106.374692, 28.535866 ], [ 106.374592, 28.537071 ], [ 106.374081, 28.537771 ], [ 106.373063, 28.538701 ], [ 106.371842, 28.539238 ], [ 106.371117, 28.539446 ], [ 106.370907, 28.539499 ], [ 106.370266, 28.539855 ], [ 106.369755, 28.540376 ], [ 106.369702, 28.540897 ], [ 106.370762, 28.541795 ], [ 106.371117, 28.542197 ], [ 106.371728, 28.542902 ], [ 106.372399, 28.543695 ], [ 106.373002, 28.544776 ], [ 106.373868, 28.545562 ], [ 106.374455, 28.545671 ], [ 106.375028, 28.545587 ], [ 106.375363, 28.545539 ], [ 106.376573, 28.544545 ], [ 106.377847, 28.54338 ], [ 106.378751, 28.542736 ], [ 106.37946, 28.542609 ], [ 106.380589, 28.543738 ], [ 106.381455, 28.544697 ], [ 106.381867, 28.545836 ], [ 106.38112, 28.547394 ], [ 106.379598, 28.549197 ], [ 106.379933, 28.54965 ], [ 106.382089, 28.550075 ], [ 106.382745, 28.550294 ], [ 106.383717, 28.551072 ], [ 106.384312, 28.551692 ], [ 106.383573, 28.552343 ], [ 106.382805, 28.553501 ], [ 106.382424, 28.554195 ], [ 106.382058, 28.555004 ], [ 106.382126, 28.555347 ], [ 106.38337, 28.55567 ], [ 106.385113, 28.556149 ], [ 106.385899, 28.556479 ], [ 106.385861, 28.557802 ], [ 106.385617, 28.558664 ], [ 106.384724, 28.559249 ], [ 106.383832, 28.559549 ], [ 106.382943, 28.55986 ], [ 106.382012, 28.56165 ], [ 106.382218, 28.562334 ], [ 106.382173, 28.563308 ], [ 106.38205, 28.563654 ], [ 106.381799, 28.564061 ], [ 106.381158, 28.564359 ], [ 106.380509, 28.564542 ], [ 106.379727, 28.564555 ], [ 106.379018, 28.564623 ], [ 106.379025, 28.564911 ], [ 106.379491, 28.565419 ], [ 106.380662, 28.565513 ], [ 106.381898, 28.565495 ], [ 106.383397, 28.56598 ], [ 106.384305, 28.566706 ], [ 106.385442, 28.56812 ], [ 106.386239, 28.568914 ], [ 106.38762, 28.569748 ], [ 106.38881, 28.57076 ], [ 106.390599, 28.572615 ], [ 106.392041, 28.573279 ], [ 106.394402, 28.574212 ], [ 106.395188, 28.574372 ], [ 106.397614, 28.57352 ], [ 106.399285, 28.572859 ], [ 106.400318, 28.572327 ], [ 106.401348, 28.571452 ], [ 106.401669, 28.57116 ], [ 106.402439, 28.570628 ], [ 106.403187, 28.569298 ], [ 106.404408, 28.568477 ], [ 106.40543, 28.56777 ], [ 106.406712, 28.567002 ], [ 106.407932, 28.566524 ], [ 106.409016, 28.566324 ], [ 106.410645, 28.566181 ], [ 106.412197, 28.566095 ], [ 106.414196, 28.565774 ], [ 106.415833, 28.565578 ], [ 106.416932, 28.565444 ], [ 106.417706, 28.565713 ], [ 106.418289, 28.565988 ], [ 106.419258, 28.565858 ], [ 106.420296, 28.565268 ], [ 106.4217, 28.564556 ], [ 106.422783, 28.563676 ], [ 106.423744, 28.56303 ], [ 106.424904, 28.562605 ], [ 106.425801, 28.562191 ], [ 106.426956, 28.561593 ], [ 106.428303, 28.560823 ], [ 106.429196, 28.560235 ], [ 106.430104, 28.559872 ], [ 106.431347, 28.560652 ], [ 106.432724, 28.561316 ], [ 106.43403, 28.561925 ], [ 106.435536, 28.562643 ], [ 106.436704, 28.562848 ], [ 106.437673, 28.562604 ], [ 106.437993, 28.562365 ], [ 106.438371, 28.561958 ], [ 106.438813, 28.561206 ], [ 106.439568, 28.560158 ], [ 106.440392, 28.559229 ], [ 106.441403, 28.558407 ], [ 106.442365, 28.557588 ], [ 106.444283, 28.556518 ], [ 106.445821, 28.555627 ], [ 106.446934, 28.55528 ], [ 106.448349, 28.554911 ], [ 106.449379, 28.554548 ], [ 106.449955, 28.554075 ], [ 106.450069, 28.553673 ], [ 106.450131, 28.55299 ], [ 106.449856, 28.552194 ], [ 106.449566, 28.551049 ], [ 106.449295, 28.550025 ], [ 106.449135, 28.548883 ], [ 106.449181, 28.547965 ], [ 106.449749, 28.54738 ], [ 106.450832, 28.546902 ], [ 106.451416, 28.546833 ], [ 106.451418611000065, 28.546834786000034 ], [ 106.451821, 28.54711 ], [ 106.452546, 28.547667 ], [ 106.453328, 28.547998 ], [ 106.453846, 28.548158 ], [ 106.454754, 28.548087 ], [ 106.45636, 28.547537 ], [ 106.457776, 28.547052 ], [ 106.460106, 28.546111 ], [ 106.461514, 28.545625 ], [ 106.462998, 28.545081 ], [ 106.463379, 28.544845 ], [ 106.464062, 28.543683 ], [ 106.464718, 28.541033 ], [ 106.464688, 28.540001 ], [ 106.46518, 28.538726 ], [ 106.465676, 28.537918 ], [ 106.466618, 28.536695 ], [ 106.467709, 28.535868 ], [ 106.469434, 28.535087 ], [ 106.471459, 28.534451 ], [ 106.473454, 28.534009 ], [ 106.475781, 28.533673 ], [ 106.477791, 28.533805 ], [ 106.478886, 28.533783 ], [ 106.479988, 28.533877 ], [ 106.480255, 28.5341 ], [ 106.480984, 28.535113 ], [ 106.481526, 28.535904 ], [ 106.482052, 28.536469 ], [ 106.482712, 28.53697 ], [ 106.483361, 28.537074 ], [ 106.484181, 28.536809 ], [ 106.485596, 28.536608 ], [ 106.48663, 28.536588 ], [ 106.487164, 28.537261 ], [ 106.487633, 28.53794 ], [ 106.487977, 28.538909 ], [ 106.488335, 28.540334 ], [ 106.488809, 28.541069 ], [ 106.489537, 28.541628 ], [ 106.491658, 28.541127 ], [ 106.492413, 28.540481 ], [ 106.49305, 28.540008 ], [ 106.494008, 28.539357 ], [ 106.495476, 28.538523 ], [ 106.49614, 28.538312 ], [ 106.49667, 28.538201 ], [ 106.49738, 28.537898 ], [ 106.497837, 28.538061 ], [ 106.498688, 28.538559 ], [ 106.499676, 28.539398 ], [ 106.499977, 28.539612 ], [ 106.500294, 28.539836 ], [ 106.500786, 28.540291 ], [ 106.501614, 28.542068 ], [ 106.501728, 28.544159 ], [ 106.501488, 28.545649 ], [ 106.500916, 28.548066 ], [ 106.500294, 28.548768 ], [ 106.50021, 28.548844 ], [ 106.499977, 28.549071 ], [ 106.499009, 28.550014 ], [ 106.497815, 28.55153 ], [ 106.496285, 28.552824 ], [ 106.49614, 28.552913 ], [ 106.495244, 28.55406 ], [ 106.495175, 28.554062 ], [ 106.493577, 28.554958 ], [ 106.490578, 28.557079 ], [ 106.487584, 28.559034 ], [ 106.485043, 28.560802 ], [ 106.483399, 28.562113 ], [ 106.482456, 28.56345 ], [ 106.481709, 28.564898 ], [ 106.481594, 28.565414 ], [ 106.481488, 28.566507 ], [ 106.481571, 28.567479 ], [ 106.481278, 28.56846 ], [ 106.480713, 28.569333 ], [ 106.479496, 28.570159 ], [ 106.478615, 28.570978 ], [ 106.477913, 28.571741 ], [ 106.477238, 28.573359 ], [ 106.476124, 28.57579 ], [ 106.475899, 28.577346 ], [ 106.475586, 28.577695 ], [ 106.475014, 28.578273 ], [ 106.473168, 28.579456 ], [ 106.471569, 28.580636 ], [ 106.470532, 28.58177 ], [ 106.469643, 28.582648 ], [ 106.468644, 28.583289 ], [ 106.467984, 28.583713 ], [ 106.466843, 28.584652 ], [ 106.46558, 28.586109 ], [ 106.465206, 28.586544 ], [ 106.464378, 28.587511 ], [ 106.463753, 28.588325 ], [ 106.463066, 28.589657 ], [ 106.463082, 28.590745 ], [ 106.463425, 28.591769 ], [ 106.463769, 28.592454 ], [ 106.464574, 28.593639 ], [ 106.465581, 28.595396 ], [ 106.466714, 28.596866 ], [ 106.467728, 28.598103 ], [ 106.468464, 28.599464 ], [ 106.469143, 28.600939 ], [ 106.469948, 28.602182 ], [ 106.470474, 28.602459 ], [ 106.471409, 28.602529 ], [ 106.472504, 28.602451 ], [ 106.473336, 28.601805 ], [ 106.474156, 28.600871 ], [ 106.47498, 28.599991 ], [ 106.476433, 28.598473 ], [ 106.477513, 28.597535 ], [ 106.478722, 28.596881 ], [ 106.479131, 28.596774 ], [ 106.48063, 28.595228 ], [ 106.481851, 28.594605 ], [ 106.483704, 28.594192 ], [ 106.484723, 28.593801 ], [ 106.486451, 28.593694 ], [ 106.488301, 28.593986 ], [ 106.488809, 28.594505 ], [ 106.490147, 28.59388 ], [ 106.491372, 28.592977 ], [ 106.492402, 28.592237 ], [ 106.493752, 28.590874 ], [ 106.494977, 28.589165 ], [ 106.496091, 28.586825 ], [ 106.496148, 28.586647 ], [ 106.49622, 28.586659 ], [ 106.496224, 28.586586 ], [ 106.497235, 28.583318 ], [ 106.497959, 28.580999 ], [ 106.498555, 28.578433 ], [ 106.498902, 28.576328 ], [ 106.499985, 28.574695 ], [ 106.500355, 28.57414 ], [ 106.50203, 28.570427 ], [ 106.502804, 28.569694 ], [ 106.503907, 28.568794 ], [ 106.504998, 28.568237 ], [ 106.505635, 28.568245 ], [ 106.506718, 28.568372 ], [ 106.508313, 28.568161 ], [ 106.509503, 28.568263 ], [ 106.511032, 28.568507 ], [ 106.512173, 28.569265 ], [ 106.512612, 28.569728 ], [ 106.512768, 28.570989 ], [ 106.512749, 28.572476 ], [ 106.512417, 28.573956 ], [ 106.511826, 28.575375 ], [ 106.512074, 28.576006 ], [ 106.512955, 28.57699 ], [ 106.514031, 28.577458 ], [ 106.514858, 28.577072 ], [ 106.516071, 28.576347 ], [ 106.516907, 28.575787 ], [ 106.517983, 28.576372 ], [ 106.519119, 28.577128 ], [ 106.520573, 28.577776 ], [ 106.521413, 28.578791 ], [ 106.521588, 28.580452 ], [ 106.521580270000072, 28.580460656000071 ], [ 106.52092, 28.5812 ], [ 106.520317, 28.581236 ], [ 106.519272, 28.581165 ], [ 106.517876, 28.581045 ], [ 106.516495, 28.580981 ], [ 106.516094, 28.580966 ], [ 106.516033, 28.580976 ], [ 106.514565, 28.580831 ], [ 106.512459, 28.580923 ], [ 106.510796, 28.580964 ], [ 106.509129, 28.581233 ], [ 106.508118, 28.581927 ], [ 106.506886, 28.582774 ], [ 106.50644, 28.58329 ], [ 106.505967, 28.58385 ], [ 106.505242, 28.585044 ], [ 106.504589, 28.585952 ], [ 106.504238, 28.586659 ], [ 106.504055, 28.587031 ], [ 106.503388, 28.588569 ], [ 106.502217, 28.589757 ], [ 106.501801, 28.591173 ], [ 106.500347, 28.592071 ], [ 106.499981, 28.592358 ], [ 106.499771, 28.592518 ], [ 106.498387, 28.593706 ], [ 106.497071, 28.595064 ], [ 106.496148, 28.596606 ], [ 106.496121, 28.596657 ], [ 106.495183, 28.597825 ], [ 106.494057, 28.599237 ], [ 106.493252, 28.600292 ], [ 106.491555, 28.601831 ], [ 106.49009, 28.603605 ], [ 106.490521, 28.603834 ], [ 106.491055, 28.604396 ], [ 106.4912, 28.605309 ], [ 106.491032, 28.606461 ], [ 106.4912, 28.608119 ], [ 106.491478, 28.609032 ], [ 106.491692, 28.61006 ], [ 106.492188, 28.611939 ], [ 106.492753, 28.613704 ], [ 106.49297, 28.614904 ], [ 106.49307, 28.616278 ], [ 106.493306, 28.617934 ], [ 106.493581, 28.618732 ], [ 106.49437, 28.619401 ], [ 106.495156, 28.619732 ], [ 106.495808, 28.619833 ], [ 106.496148, 28.619826 ], [ 106.49701, 28.619852 ], [ 106.49804, 28.619542 ], [ 106.498234, 28.619598 ], [ 106.498692, 28.619702 ], [ 106.499089, 28.620152 ], [ 106.499303, 28.620722 ], [ 106.49931, 28.621352 ], [ 106.499325, 28.622318 ], [ 106.499489, 28.623918 ], [ 106.499451, 28.625012 ], [ 106.499218, 28.626161 ], [ 106.49905, 28.627484 ], [ 106.498883, 28.628694 ], [ 106.499119, 28.630349 ], [ 106.499333, 28.631206 ], [ 106.499604, 28.632005 ], [ 106.499981, 28.632742 ], [ 106.500008, 28.632796 ], [ 106.500363, 28.633111 ], [ 106.502392, 28.63395 ], [ 106.50406, 28.635235 ], [ 106.50483, 28.636476 ], [ 106.505406, 28.638103 ], [ 106.50586, 28.641697 ], [ 106.50573, 28.643668 ], [ 106.50578, 28.646269 ], [ 106.505482, 28.648852 ], [ 106.504635, 28.651209 ], [ 106.503834, 28.653183 ], [ 106.503598, 28.656051 ], [ 106.503567, 28.658511 ], [ 106.502709, 28.659852 ], [ 106.501858, 28.66104 ], [ 106.500363, 28.662098 ], [ 106.499985, 28.662294 ], [ 106.499386, 28.662599 ], [ 106.498558, 28.663362 ], [ 106.498574, 28.664107 ], [ 106.498974, 28.664613 ], [ 106.499985, 28.664964 ], [ 106.500214, 28.665046 ], [ 106.500363, 28.665173 ], [ 106.501469, 28.665478 ], [ 106.504265, 28.664822 ], [ 106.506256, 28.664751 ], [ 106.508904, 28.664562 ], [ 106.510903, 28.664107 ], [ 106.512673, 28.664026 ], [ 106.514695, 28.664633 ], [ 106.516373, 28.66545 ], [ 106.517545, 28.666598 ], [ 106.517556, 28.666621 ], [ 106.518502, 28.66832 ], [ 106.518716, 28.669978 ], [ 106.518731, 28.6701 ], [ 106.518834, 28.671361 ], [ 106.519574, 28.672851 ], [ 106.520825, 28.673543 ], [ 106.522031, 28.674503 ], [ 106.523541, 28.674905 ], [ 106.524724, 28.67503 ], [ 106.524827, 28.675047 ], [ 106.5257, 28.675197 ], [ 106.526021, 28.67564 ], [ 106.526009, 28.6764 ], [ 106.525189, 28.67864 ], [ 106.524518, 28.681046 ], [ 106.522366, 28.683564 ], [ 106.520012, 28.685523 ], [ 106.517548, 28.687067 ], [ 106.515408, 28.688277 ], [ 106.513066, 28.689767 ], [ 106.511567, 28.691249 ], [ 106.510388, 28.693141 ], [ 106.510281, 28.693482 ], [ 106.509789, 28.694921 ], [ 106.509518, 28.697097 ], [ 106.509305, 28.698981 ], [ 106.509251, 28.700639 ], [ 106.509885, 28.70229 ], [ 106.510003, 28.703668 ], [ 106.509869, 28.704929 ], [ 106.509148, 28.706153 ], [ 106.509144913000057, 28.706153977000042 ], [ 106.508519, 28.706352 ], [ 106.507474, 28.708306 ], [ 106.506943, 28.710445 ], [ 106.506642, 28.7122 ], [ 106.506611, 28.71236 ], [ 106.506657, 28.714125 ], [ 106.506977, 28.715308 ], [ 106.507496, 28.715873 ], [ 106.508072, 28.716351 ], [ 106.508881, 28.717098 ], [ 106.509404, 28.717863 ], [ 106.509648, 28.718509 ], [ 106.50945, 28.719473 ], [ 106.508187, 28.720364 ], [ 106.505844, 28.72068 ], [ 106.503121, 28.721135 ], [ 106.501431, 28.721348 ], [ 106.500367, 28.721638 ], [ 106.500119, 28.721613 ], [ 106.499985, 28.721615 ], [ 106.498501, 28.721643 ], [ 106.496888, 28.721849 ], [ 106.496125, 28.722085 ], [ 106.49574, 28.722235 ], [ 106.494782, 28.722883 ], [ 106.493836, 28.72405 ], [ 106.492772, 28.725848 ], [ 106.491471, 28.728452 ], [ 106.489857, 28.731867 ], [ 106.489434, 28.733024 ], [ 106.488702, 28.735217 ], [ 106.488114, 28.736789 ], [ 106.488034, 28.737007 ], [ 106.487416, 28.738569 ], [ 106.486924, 28.73955 ], [ 106.486939, 28.740301 ], [ 106.487023, 28.741154 ], [ 106.487252, 28.742812 ], [ 106.486817, 28.743738 ], [ 106.486184, 28.744322 ], [ 106.485158, 28.744745 ], [ 106.484322, 28.745223 ], [ 106.482495, 28.746247 ], [ 106.480313, 28.747835 ], [ 106.478325, 28.748796 ], [ 106.47691, 28.749396 ], [ 106.476216, 28.749966 ], [ 106.475762, 28.750337 ], [ 106.474309, 28.751744 ], [ 106.473492, 28.75315 ], [ 106.473374, 28.753366 ], [ 106.472569, 28.754874 ], [ 106.471433, 28.756331 ], [ 106.470642, 28.757112 ], [ 106.468983, 28.758348 ], [ 106.467392, 28.759753 ], [ 106.465542, 28.761167 ], [ 106.462971, 28.762482 ], [ 106.46106, 28.763952 ], [ 106.45979, 28.765183 ], [ 106.459164, 28.766456 ], [ 106.458535, 28.767875 ], [ 106.458497, 28.768966 ], [ 106.458199, 28.770291 ], [ 106.457513, 28.771565 ], [ 106.456692, 28.77256 ], [ 106.455544, 28.773496 ], [ 106.453625, 28.774795 ], [ 106.452267, 28.775167 ], [ 106.451173, 28.775416 ], [ 106.45002, 28.776184 ], [ 106.449322, 28.777061 ], [ 106.448636, 28.778156 ], [ 106.44827, 28.77954 ], [ 106.448052, 28.781033 ], [ 106.447961, 28.782757 ], [ 106.447991, 28.784189 ], [ 106.447953, 28.785388 ], [ 106.447777, 28.786538 ], [ 106.447556, 28.788033 ], [ 106.446946, 28.789938 ], [ 106.446389, 28.791435 ], [ 106.446164, 28.79276 ], [ 106.446511, 28.794014 ], [ 106.446511747000045, 28.794015011000056 ], [ 106.447182, 28.794922 ], [ 106.447846, 28.795364 ], [ 106.448657492000052, 28.795933426000033 ], [ 106.449847223000063, 28.796218961000079 ], [ 106.450799007000057, 28.796885210000028 ], [ 106.452274273000057, 28.797123157000044 ], [ 106.453854, 28.796853 ], [ 106.45622417800007, 28.795838248000052 ], [ 106.459222299000032, 28.796456907000049 ], [ 106.461506582000084, 28.798503244000074 ], [ 106.461268636000057, 28.800264045000063 ], [ 106.459702, 28.802438 ], [ 106.459328, 28.803297 ], [ 106.457761, 28.803193 ], [ 106.456723, 28.803328 ], [ 106.455819, 28.80375 ], [ 106.455247, 28.804391 ], [ 106.455529, 28.805075 ], [ 106.456269, 28.806436 ], [ 106.456422, 28.807178 ], [ 106.456368, 28.80804 ], [ 106.455987, 28.808447 ], [ 106.455674, 28.808798 ], [ 106.454964, 28.80904 ], [ 106.453671, 28.809351 ], [ 106.452569, 28.809313 ], [ 106.451005, 28.809292 ], [ 106.449773, 28.809313 ], [ 106.448746, 28.80985 ], [ 106.447533, 28.810847 ], [ 106.44748, 28.811192 ], [ 106.448273, 28.812037 ], [ 106.449277, 28.813163 ], [ 106.450604, 28.81457 ], [ 106.450749, 28.8152 ], [ 106.450558, 28.815884 ], [ 106.449856, 28.816471 ], [ 106.448242, 28.816847 ], [ 106.44682, 28.817104 ], [ 106.445698, 28.817443 ], [ 106.445948873000077, 28.818125866000059 ], [ 106.446948246000034, 28.819517850000068 ], [ 106.448937942000043, 28.819894216000023 ], [ 106.453979553000067, 28.822480279000047 ], [ 106.456977674000086, 28.824371951000046 ], [ 106.46033271400006, 28.827370072000065 ], [ 106.463437911000085, 28.828048218000049 ], [ 106.462795457000084, 28.829404511000064 ], [ 106.461082245000057, 28.83204571300007 ], [ 106.458084124000038, 28.83215278800003 ], [ 106.456696, 28.833299 ], [ 106.45773, 28.834252 ], [ 106.460183, 28.835832 ], [ 106.461399, 28.836396 ], [ 106.46267, 28.836986 ], [ 106.464695, 28.837347 ], [ 106.465866, 28.837381 ], [ 106.465866480000045, 28.837380868000025 ], [ 106.467671, 28.836885 ], [ 106.468441, 28.836396 ], [ 106.468697, 28.836234 ], [ 106.469643, 28.834893 ], [ 106.470677, 28.83328 ], [ 106.470837, 28.833031 ], [ 106.471035, 28.832675 ], [ 106.471249, 28.831965 ], [ 106.471634, 28.829887 ], [ 106.471993, 28.828903 ], [ 106.472672, 28.827742 ], [ 106.474072, 28.826956 ], [ 106.475152, 28.82618 ], [ 106.476468, 28.824878 ], [ 106.479359, 28.821984 ], [ 106.482159, 28.818231 ], [ 106.483445, 28.816016 ], [ 106.484933, 28.812636 ], [ 106.485535, 28.811011 ], [ 106.486249, 28.809897 ], [ 106.486394, 28.809669 ], [ 106.487603, 28.808948 ], [ 106.489339, 28.808325 ], [ 106.491895, 28.807277 ], [ 106.493878, 28.806471 ], [ 106.496125, 28.80553 ], [ 106.496411, 28.805461 ], [ 106.497681, 28.804504 ], [ 106.498681, 28.803329 ], [ 106.49931, 28.802452 ], [ 106.499986, 28.802012 ], [ 106.500363, 28.801763 ], [ 106.503259, 28.799869 ], [ 106.505105, 28.798979 ], [ 106.508271, 28.798205 ], [ 106.510758, 28.797569 ], [ 106.5131, 28.796989 ], [ 106.514534, 28.797193 ], [ 106.515866, 28.797521 ], [ 106.516896, 28.79734 ], [ 106.517502, 28.797071 ], [ 106.517701, 28.796713 ], [ 106.516995, 28.795355 ], [ 106.51709, 28.794908 ], [ 106.517502, 28.794275 ], [ 106.519139, 28.79329 ], [ 106.518227, 28.79166 ], [ 106.518013, 28.790938 ], [ 106.518113, 28.78995 ], [ 106.518727, 28.788602 ], [ 106.519242, 28.78716 ], [ 106.518937, 28.785354 ], [ 106.519032, 28.784543 ], [ 106.519658, 28.783645 ], [ 106.521424, 28.783594 ], [ 106.52153, 28.783451 ], [ 106.52367, 28.783777 ], [ 106.525509, 28.783871 ], [ 106.527146, 28.783782 ], [ 106.528881, 28.783418 ], [ 106.529492, 28.782965 ], [ 106.529801, 28.782421 ], [ 106.529389, 28.779804 ], [ 106.528942, 28.776245 ], [ 106.52924, 28.775294 ], [ 106.529694, 28.7746 ], [ 106.529808, 28.774503 ], [ 106.53085, 28.773903 ], [ 106.531071, 28.773773 ], [ 106.534374, 28.772592 ], [ 106.537117, 28.772276 ], [ 106.539047, 28.772587 ], [ 106.540344, 28.772775 ], [ 106.54163, 28.77325 ], [ 106.543121, 28.773665 ], [ 106.544296, 28.77322 ], [ 106.545069290000072, 28.772477136000077 ], [ 106.545948, 28.771633 ], [ 106.547516, 28.770144 ], [ 106.551342, 28.766515 ], [ 106.553704, 28.764764 ], [ 106.555493, 28.762775 ], [ 106.557015, 28.761247 ], [ 106.558164, 28.759485 ], [ 106.558998, 28.756763 ], [ 106.559699766000051, 28.753905952000025 ], [ 106.5597, 28.753905 ], [ 106.559799, 28.753404 ], [ 106.560082, 28.751677 ], [ 106.560013, 28.749999 ], [ 106.559998, 28.749612 ], [ 106.559586, 28.747311 ], [ 106.559044, 28.744895 ], [ 106.558106, 28.742164 ], [ 106.55711, 28.739915 ], [ 106.556118, 28.737263 ], [ 106.555584, 28.734964 ], [ 106.555493, 28.732671 ], [ 106.555523, 28.730777 ], [ 106.555962, 28.728038 ], [ 106.556179, 28.726377 ], [ 106.556618, 28.724142 ], [ 106.55761, 28.72272 ], [ 106.558991432000084, 28.720930327000076 ], [ 106.558994, 28.720927 ], [ 106.560482, 28.71933 ], [ 106.561947, 28.717515 ], [ 106.563412, 28.71577 ], [ 106.564877, 28.714242 ], [ 106.56609, 28.713164 ], [ 106.567406, 28.712721 ], [ 106.568665, 28.712619 ], [ 106.569687, 28.712635 ], [ 106.570477, 28.712533 ], [ 106.570564, 28.711671 ], [ 106.569798, 28.710857 ], [ 106.569096, 28.710392 ], [ 106.568653, 28.709473 ], [ 106.569477, 28.707932 ], [ 106.570973, 28.7068 ], [ 106.573301399000059, 28.705893565000054 ], [ 106.577346483000042, 28.705774592000068 ], [ 106.579725944000074, 28.703276158000051 ], [ 106.580677728000069, 28.700420804000032 ], [ 106.582405, 28.698057 ], [ 106.583088, 28.696854 ], [ 106.583478, 28.695826 ], [ 106.583664, 28.695025 ], [ 106.583344, 28.694338 ], [ 106.582764, 28.693481 ], [ 106.582634, 28.692795 ], [ 106.582501, 28.692164 ], [ 106.582676, 28.691625 ], [ 106.583512, 28.692011 ], [ 106.584695, 28.692899 ], [ 106.586625, 28.694301 ], [ 106.587971, 28.695066 ], [ 106.589791, 28.696063 ], [ 106.592381, 28.695982 ], [ 106.594468, 28.695379 ], [ 106.596245, 28.693797 ], [ 106.597497, 28.691405 ], [ 106.598431, 28.690221 ], [ 106.600369, 28.688983 ], [ 106.60249, 28.688558 ], [ 106.60429, 28.689326 ], [ 106.60598, 28.690781 ], [ 106.607629, 28.692003 ], [ 106.609165, 28.6931 ], [ 106.610767, 28.694328 ], [ 106.612389, 28.694699 ], [ 106.613564, 28.694656 ], [ 106.61473484000004, 28.693930437000063 ], [ 106.614742, 28.693926 ], [ 106.615559, 28.692678 ], [ 106.615719, 28.690739 ], [ 106.615658, 28.690538 ], [ 106.615284, 28.689127 ], [ 106.614075, 28.687731 ], [ 106.612862, 28.686398 ], [ 106.611458, 28.684885 ], [ 106.610619, 28.68379 ], [ 106.610394, 28.682521 ], [ 106.610279, 28.681201 ], [ 106.610691, 28.679775 ], [ 106.611458, 28.679047 ], [ 106.611958, 28.678589 ], [ 106.613159, 28.677344 ], [ 106.613678, 28.676378 ], [ 106.614121, 28.675521 ], [ 106.613796, 28.672296 ], [ 106.614014, 28.670809 ], [ 106.614514, 28.670146 ], [ 106.615868, 28.668355 ], [ 106.617951, 28.666667 ], [ 106.618389, 28.666313 ], [ 106.620632, 28.664477 ], [ 106.621338, 28.664019 ], [ 106.623242, 28.662776 ], [ 106.625015, 28.662076 ], [ 106.625481, 28.661896 ], [ 106.627365, 28.661341 ], [ 106.629669, 28.661377 ], [ 106.631603, 28.661977 ], [ 106.633217, 28.66332 ], [ 106.634507, 28.665279 ], [ 106.635415, 28.666673 ], [ 106.636349, 28.668056 ], [ 106.63752, 28.668588 ], [ 106.638882, 28.668438 ], [ 106.640004098000077, 28.667825131000029 ], [ 106.640008, 28.667823 ], [ 106.640938, 28.666681 ], [ 106.64161, 28.665864 ], [ 106.643014, 28.6637 ], [ 106.644223, 28.661576 ], [ 106.645501, 28.658956 ], [ 106.646241, 28.657623 ], [ 106.6469, 28.656176 ], [ 106.647434, 28.654747 ], [ 106.647664, 28.652907 ], [ 106.64697, 28.65158 ], [ 106.645791, 28.650384 ], [ 106.643918, 28.649268 ], [ 106.641713, 28.64866 ], [ 106.639634, 28.64806 ], [ 106.637486, 28.647688 ], [ 106.634747, 28.647653 ], [ 106.632046, 28.647846 ], [ 106.627087, 28.648749 ], [ 106.625023, 28.649115 ], [ 106.623757, 28.649339 ], [ 106.621346, 28.64948 ], [ 106.620099, 28.649551 ], [ 106.618531, 28.649531 ], [ 106.616578, 28.649274 ], [ 106.614964, 28.648564 ], [ 106.614064, 28.647804 ], [ 106.613705, 28.646706 ], [ 106.613457, 28.645617 ], [ 106.613411, 28.644354 ], [ 106.613701, 28.64269 ], [ 106.615234, 28.640797 ], [ 106.617916, 28.640021 ], [ 106.620525, 28.639174 ], [ 106.621338, 28.639037 ], [ 106.623345, 28.638705 ], [ 106.624947, 28.63799 ], [ 106.624947, 28.637911 ], [ 106.624817, 28.63711 ], [ 106.624687, 28.636197 ], [ 106.624489, 28.635284 ], [ 106.624428, 28.634477 ], [ 106.624367, 28.633963 ], [ 106.624489, 28.633622 ], [ 106.62468, 28.633279 ], [ 106.625015, 28.633254 ], [ 106.62545, 28.633221 ], [ 106.626423, 28.633226 ], [ 106.627445, 28.633396 ], [ 106.628731, 28.633452 ], [ 106.629501, 28.633399 ], [ 106.630375, 28.633432 ], [ 106.631008, 28.632753 ], [ 106.631939, 28.631217 ], [ 106.632485, 28.629907 ], [ 106.63324, 28.628315 ], [ 106.633202, 28.626766 ], [ 106.632526, 28.624925168000061 ], [ 106.632523, 28.624917 ], [ 106.631627, 28.623241 ], [ 106.63113, 28.621864 ], [ 106.631416, 28.620491 ], [ 106.632477, 28.618668 ], [ 106.632832, 28.616778 ], [ 106.632336, 28.614992 ], [ 106.631275, 28.612912 ], [ 106.629925, 28.611172 ], [ 106.62793, 28.609429 ], [ 106.625996, 28.608312 ], [ 106.625015, 28.608048 ], [ 106.624184, 28.607829 ], [ 106.62236, 28.60786 ], [ 106.621338, 28.60825 ], [ 106.620201, 28.608685 ], [ 106.618107, 28.609987 ], [ 106.616139, 28.611223 ], [ 106.61443, 28.612174 ], [ 106.612797, 28.612787 ], [ 106.611031, 28.612993 ], [ 106.609417, 28.612398 ], [ 106.608219, 28.61129 ], [ 106.607342, 28.609557 ], [ 106.607048, 28.607716 ], [ 106.60656, 28.605585 ], [ 106.605824, 28.60334 ], [ 106.604188, 28.599475 ], [ 106.60344, 28.597857 ], [ 106.603054, 28.596364 ], [ 106.60302, 28.594469 ], [ 106.60342, 28.593098 ], [ 106.60437, 28.590991 ], [ 106.60582, 28.588946 ], [ 106.607025, 28.587354 ], [ 106.607296, 28.586863 ], [ 106.608097, 28.585419 ], [ 106.609085, 28.583361 ], [ 106.609093, 28.58333 ], [ 106.609633950000045, 28.580731043000071 ], [ 106.609635, 28.580726 ], [ 106.609997, 28.578722 ], [ 106.610089, 28.577518 ], [ 106.610604, 28.573739 ], [ 106.610882, 28.57231 ], [ 106.611351, 28.570999 ], [ 106.612087, 28.569346 ], [ 106.612824, 28.567922 ], [ 106.613171, 28.566378 ], [ 106.612889, 28.564768 ], [ 106.612519, 28.562929 ], [ 106.612286, 28.561256 ], [ 106.612183, 28.558915 ], [ 106.611992, 28.554952 ], [ 106.61163, 28.553226 ], [ 106.610032, 28.551769 ], [ 106.607075, 28.550532 ], [ 106.599684406000051, 28.548462695000069 ], [ 106.599170442000059, 28.545378913000036 ], [ 106.599284656000066, 28.542751988000077 ], [ 106.597856980000074, 28.540753241000061 ], [ 106.596886160000054, 28.539782421000041 ], [ 106.59494452000007, 28.539097136000066 ], [ 106.594230681000056, 28.538930574000062 ], [ 106.593683405000036, 28.53871642200005 ], [ 106.593083, 28.538546 ], [ 106.589951, 28.536763 ], [ 106.586983, 28.535753 ], [ 106.585312, 28.534985 ], [ 106.584561, 28.534062 ], [ 106.584446, 28.533091 ], [ 106.584732, 28.531369 ], [ 106.584698, 28.52982 ], [ 106.58392, 28.528553 ], [ 106.582756, 28.527552 ], [ 106.581017, 28.526842 ], [ 106.580895, 28.526806 ], [ 106.580719, 28.526817 ], [ 106.578789, 28.527089 ], [ 106.578278, 28.527272 ], [ 106.576439, 28.527547 ], [ 106.575421, 28.527915 ], [ 106.574299, 28.52807 ], [ 106.574093, 28.527824 ], [ 106.572052, 28.527468 ], [ 106.568784, 28.527181 ], [ 106.567651, 28.527272 ], [ 106.564996, 28.527191 ], [ 106.564275, 28.526919 ], [ 106.563062, 28.525207 ], [ 106.562566, 28.524948 ], [ 106.562653, 28.523147 ], [ 106.56112, 28.521698 ], [ 106.559639, 28.520475 ], [ 106.558667, 28.51941 ], [ 106.557458, 28.518192 ], [ 106.556638, 28.516921 ], [ 106.556454, 28.515771 ], [ 106.556741, 28.514397 ], [ 106.557812, 28.512861 ], [ 106.559704, 28.511936 ], [ 106.561589, 28.511554 ], [ 106.562832, 28.511282 ], [ 106.563683, 28.510603 ], [ 106.564221, 28.50952 ], [ 106.564301, 28.50883 ], [ 106.563595, 28.508078 ], [ 106.562375, 28.507259 ], [ 106.56065, 28.505746 ], [ 106.559453, 28.503838 ], [ 106.559411, 28.503532 ], [ 106.559106, 28.501658 ], [ 106.559033, 28.501012 ], [ 106.559964, 28.5 ], [ 106.560021, 28.499936 ], [ 106.561131, 28.498123 ], [ 106.561238, 28.497764 ], [ 106.561131, 28.496409 ], [ 106.560422, 28.494693 ], [ 106.560422, 28.493701 ], [ 106.560826, 28.49234 ], [ 106.560521, 28.490363 ], [ 106.560292, 28.490083 ], [ 106.561130947000038, 28.488829079000027 ], [ 106.561131, 28.488829 ], [ 106.562581, 28.488046 ], [ 106.564401, 28.487606 ], [ 106.566991, 28.488043 ], [ 106.568578, 28.488445 ], [ 106.569829, 28.488763 ], [ 106.573433, 28.490612 ], [ 106.575947, 28.491902 ], [ 106.577824, 28.492444 ], [ 106.580098, 28.4927 ], [ 106.581715, 28.492433 ], [ 106.583798, 28.49206 ], [ 106.585568, 28.491972 ], [ 106.587109, 28.492852 ], [ 106.588261, 28.493959 ], [ 106.588559, 28.495395 ], [ 106.588444, 28.497573 ], [ 106.588154, 28.499292 ], [ 106.588143, 28.499999 ], [ 106.588116, 28.501182 ], [ 106.587895, 28.502674 ], [ 106.587235, 28.503562 ], [ 106.587193, 28.503638 ], [ 106.585408, 28.504703 ], [ 106.583554, 28.505651 ], [ 106.582169, 28.506894 ], [ 106.581253, 28.508033 ], [ 106.580891, 28.509173 ], [ 106.57990347100008, 28.510858645000042 ], [ 106.581559576000075, 28.512514750000037 ], [ 106.584985999000082, 28.515255889000059 ], [ 106.58824110200004, 28.515084568000077 ], [ 106.589897207000035, 28.517997028000025 ], [ 106.591953061000083, 28.517540171000064 ], [ 106.593095202000086, 28.514913246000049 ], [ 106.595421, 28.510628 ], [ 106.597848, 28.509514 ], [ 106.600258, 28.508914 ], [ 106.6017, 28.508128 ], [ 106.602894, 28.506882 ], [ 106.604092, 28.505003 ], [ 106.604787, 28.50357 ], [ 106.60497, 28.503189 ], [ 106.605511, 28.502108 ], [ 106.606549, 28.501546 ], [ 106.608758, 28.502092 ], [ 106.610726, 28.503256 ], [ 106.611432, 28.503559 ], [ 106.613633, 28.504496 ], [ 106.615311, 28.505267 ], [ 106.616986, 28.506093 ], [ 106.618542, 28.506172 ], [ 106.619851, 28.506075 ], [ 106.620568, 28.505625 ], [ 106.621346, 28.504916 ], [ 106.621434, 28.504835 ], [ 106.623456, 28.504229 ], [ 106.625016, 28.504794 ], [ 106.625271, 28.504886 ], [ 106.627392, 28.506521 ], [ 106.628354, 28.507055 ], [ 106.62912, 28.507121 ], [ 106.629754, 28.506633 ], [ 106.629792, 28.506584 ], [ 106.629799, 28.506534 ], [ 106.629799433000073, 28.50653167300004 ], [ 106.629826, 28.506389 ], [ 106.629712, 28.505811 ], [ 106.629593, 28.505216 ], [ 106.629578, 28.504985 ], [ 106.629616, 28.504764 ], [ 106.629857, 28.504463 ], [ 106.630303, 28.504283 ], [ 106.63094, 28.5041 ], [ 106.631196, 28.503937 ], [ 106.631299, 28.503562 ], [ 106.631295, 28.503435 ], [ 106.631322, 28.503341 ], [ 106.631398, 28.50329 ], [ 106.631497, 28.503257 ], [ 106.631905, 28.503308 ], [ 106.631963, 28.503287 ], [ 106.63197, 28.503242 ], [ 106.631898, 28.503183 ], [ 106.631753, 28.503109 ], [ 106.631555, 28.503058 ], [ 106.631375, 28.503079 ], [ 106.631211, 28.503132 ], [ 106.63115, 28.503155 ], [ 106.630898, 28.503252 ], [ 106.630612, 28.503249 ], [ 106.630361, 28.503219 ], [ 106.629853, 28.503117 ], [ 106.629365, 28.502924 ], [ 106.629014, 28.502723 ], [ 106.628465, 28.50241 ], [ 106.627786, 28.502026 ], [ 106.627271, 28.501606 ], [ 106.627194, 28.50153 ], [ 106.626706, 28.501054 ], [ 106.626588, 28.500126 ], [ 106.626584, 28.499874 ], [ 106.626584, 28.499066 ], [ 106.626588, 28.498939 ], [ 106.626553, 28.498178 ], [ 106.626629, 28.49728 ], [ 106.62666, 28.49711 ], [ 106.626851, 28.496034 ], [ 106.627011, 28.494706 ], [ 106.627106, 28.493867 ], [ 106.62753, 28.492789 ], [ 106.627785, 28.492145 ], [ 106.629548, 28.490815 ], [ 106.630295, 28.490322 ], [ 106.630463, 28.49005 ], [ 106.63081, 28.489183 ], [ 106.631211, 28.488885 ], [ 106.631791, 28.488638 ], [ 106.633484, 28.488206 ], [ 106.635678, 28.488222 ], [ 106.63815, 28.488026 ], [ 106.640057, 28.487078 ], [ 106.642044, 28.485618 ], [ 106.643349, 28.484544 ], [ 106.644403921000048, 28.483645770000066 ], [ 106.644406, 28.483644 ], [ 106.646096, 28.483151 ], [ 106.648137, 28.48396 ], [ 106.648613, 28.484173 ], [ 106.650269, 28.484911 ], [ 106.652272, 28.485969 ], [ 106.654061, 28.487945 ], [ 106.655587, 28.489862 ], [ 106.656403, 28.491819 ], [ 106.656823, 28.494006 ], [ 106.657383, 28.495451 ], [ 106.658207, 28.496664 ], [ 106.658776, 28.497246 ], [ 106.659478, 28.4973 ], [ 106.660004, 28.497134 ], [ 106.660535, 28.496572 ], [ 106.66116, 28.494858 ], [ 106.661828, 28.492859 ], [ 106.662843, 28.491153 ], [ 106.664551, 28.489513 ], [ 106.666531, 28.488107 ], [ 106.668496, 28.486873 ], [ 106.670273, 28.486098 ], [ 106.672329, 28.485184 ], [ 106.674618, 28.484874 ], [ 106.677144, 28.485367 ], [ 106.681031, 28.486634 ], [ 106.682252, 28.487448 ], [ 106.683484, 28.487984 ], [ 106.684479, 28.488153 ], [ 106.68546, 28.487937 ], [ 106.687043, 28.48647 ], [ 106.688626, 28.485229 ], [ 106.690598, 28.484227 ], [ 106.691792, 28.483271 ], [ 106.692925, 28.481908 ], [ 106.693859, 28.480143 ], [ 106.693901, 28.478253 ], [ 106.693482, 28.476298 ], [ 106.693039, 28.474744 ], [ 106.693031, 28.473841 ], [ 106.693008, 28.472788 ], [ 106.693115, 28.470327 ], [ 106.692757, 28.468432 ], [ 106.691101, 28.466227 ], [ 106.688527, 28.464244 ], [ 106.687958, 28.463204 ], [ 106.688496, 28.462179 ], [ 106.689168, 28.460928 ], [ 106.689481, 28.460018 ], [ 106.691087, 28.459934 ], [ 106.691799, 28.459645 ], [ 106.693283, 28.45936 ], [ 106.694054, 28.459307 ], [ 106.694698, 28.459363 ], [ 106.69566, 28.459535 ], [ 106.697175, 28.459691 ], [ 106.69814, 28.459754 ], [ 106.698853, 28.459582 ], [ 106.699875, 28.459295 ], [ 106.699936, 28.458494 ], [ 106.699936, 28.457637 ], [ 106.699875, 28.456952 ], [ 106.699875, 28.45638 ], [ 106.700127, 28.455923 ], [ 106.700902, 28.455696 ], [ 106.702431, 28.455048 ], [ 106.704259, 28.455508 ], [ 106.706376, 28.456853 ], [ 106.707112, 28.457494 ], [ 106.70818, 28.458427 ], [ 106.710091, 28.459362 ], [ 106.712357, 28.459847 ], [ 106.714886, 28.45971 ], [ 106.717511, 28.459123 ], [ 106.719532, 28.458289 ], [ 106.721413, 28.457897 ], [ 106.723096, 28.458147 ], [ 106.725152, 28.459893 ], [ 106.726422, 28.461518 ], [ 106.727055, 28.463131 ], [ 106.727086, 28.464679 ], [ 106.727109, 28.465107 ], [ 106.727361, 28.465361 ], [ 106.728074, 28.466274 ], [ 106.729035, 28.467014 ], [ 106.730256, 28.467362 ], [ 106.732053, 28.46765 ], [ 106.733407, 28.467823 ], [ 106.734406, 28.468151 ], [ 106.736141, 28.46855 ], [ 106.737484, 28.468838 ], [ 106.737485115000084, 28.468838303000041 ], [ 106.739159, 28.469293 ], [ 106.740441, 28.469293 ], [ 106.741463, 28.46939 ], [ 106.741661, 28.46941 ], [ 106.742493, 28.469695 ], [ 106.742756, 28.470099 ], [ 106.742886, 28.470954 ], [ 106.742818, 28.472202 ], [ 106.742815003000032, 28.472207362000063 ], [ 106.741883, 28.473875 ], [ 106.741906, 28.473967 ], [ 106.741425, 28.475567 ], [ 106.740685, 28.477507 ], [ 106.740837, 28.479866 ], [ 106.741242, 28.482499 ], [ 106.741601, 28.484971 ], [ 106.74128, 28.488353 ], [ 106.741197, 28.490525 ], [ 106.740945, 28.493278 ], [ 106.739991, 28.496246 ], [ 106.739236, 28.49893 ], [ 106.738587, 28.500011 ], [ 106.738107, 28.50081 ], [ 106.736463, 28.502104 ], [ 106.734403, 28.503391 ], [ 106.734223, 28.503504 ], [ 106.732339, 28.504643 ], [ 106.731153, 28.505487 ], [ 106.730092, 28.507021 ], [ 106.729077, 28.509814 ], [ 106.728005, 28.51221 ], [ 106.726395, 28.515402 ], [ 106.72466, 28.517793 ], [ 106.723389, 28.520301 ], [ 106.722192, 28.522007 ], [ 106.721035, 28.525955 ], [ 106.720525, 28.528469 ], [ 106.720212, 28.531503 ], [ 106.720128, 28.533336 ], [ 106.721261, 28.535348 ], [ 106.722321, 28.537886 ], [ 106.72326, 28.540427 ], [ 106.723531, 28.542656 ], [ 106.724328, 28.545418 ], [ 106.726117, 28.547802 ], [ 106.728421, 28.550352 ], [ 106.729764, 28.55169 ], [ 106.731298, 28.553654 ], [ 106.732881, 28.555971 ], [ 106.733472, 28.556724 ], [ 106.734204, 28.55735 ], [ 106.734849, 28.557874 ], [ 106.735764, 28.557998 ], [ 106.737587, 28.557162 ], [ 106.739739, 28.556559 ], [ 106.741887, 28.55664 ], [ 106.743882, 28.558103 ], [ 106.745999, 28.559446 ], [ 106.746079, 28.559494 ], [ 106.74812, 28.560728 ], [ 106.750012, 28.561542 ], [ 106.750443, 28.56173 ], [ 106.753045, 28.562046 ], [ 106.755112, 28.561901 ], [ 106.757405, 28.561067 ], [ 106.759548, 28.56097 ], [ 106.761234, 28.561563 ], [ 106.762585, 28.563127 ], [ 106.763455, 28.564744 ], [ 106.765267, 28.565794 ], [ 106.767929, 28.566285 ], [ 106.769867, 28.566364 ], [ 106.772186, 28.566398 ], [ 106.774139, 28.566476 ], [ 106.775948, 28.567186 ], [ 106.776894, 28.568572 ], [ 106.778412, 28.57157 ], [ 106.778656, 28.573066 ], [ 106.778496, 28.574614 ], [ 106.777893, 28.576326 ], [ 106.777016, 28.578266 ], [ 106.774922, 28.579604 ], [ 106.772236, 28.580608 ], [ 106.769985, 28.580868 ], [ 106.767384, 28.580952 ], [ 106.764832, 28.582353 ], [ 106.763088, 28.583338 ], [ 106.762726, 28.583541 ], [ 106.760686, 28.585239 ], [ 106.759362, 28.586686 ], [ 106.758973, 28.587108 ], [ 106.757668, 28.588356 ], [ 106.75621, 28.58977 ], [ 106.754689, 28.591538 ], [ 106.754342, 28.593369 ], [ 106.755082, 28.5955 ], [ 106.755765, 28.597513 ], [ 106.755811, 28.599405 ], [ 106.755719, 28.601066 ], [ 106.754387, 28.603736 ], [ 106.754101, 28.605399 ], [ 106.753594, 28.608665 ], [ 106.753297, 28.610608 ], [ 106.75329731100004, 28.610609644000078 ], [ 106.753667, 28.612564 ], [ 106.755132, 28.614471 ], [ 106.757389, 28.615929 ], [ 106.760048, 28.616877 ], [ 106.762177, 28.617248 ], [ 106.764328, 28.617152 ], [ 106.766407, 28.616605 ], [ 106.7683, 28.615825 ], [ 106.769994, 28.615326 ], [ 106.771091, 28.615341 ], [ 106.772389, 28.616269 ], [ 106.773388, 28.618113 ], [ 106.773228, 28.62012 ], [ 106.773087, 28.62282 ], [ 106.773346, 28.623965 ], [ 106.773987, 28.625104 ], [ 106.775021, 28.626475 ], [ 106.775982, 28.627731 ], [ 106.776421, 28.628365 ], [ 106.777321, 28.629105 ], [ 106.778412, 28.629675 ], [ 106.779312, 28.629787 ], [ 106.780464, 28.629845 ], [ 106.783188, 28.629675 ], [ 106.784466, 28.628993 ], [ 106.785332, 28.626586 ], [ 106.785667, 28.625108 ], [ 106.787476, 28.620908 ], [ 106.788556, 28.617587 ], [ 106.789631, 28.612107 ], [ 106.800507, 28.597294 ], [ 106.803776, 28.594219 ], [ 106.804852, 28.593945 ], [ 106.805008, 28.593955 ], [ 106.805088, 28.59396 ], [ 106.806313, 28.59385 ], [ 106.808327, 28.593789 ], [ 106.809952, 28.594404 ], [ 106.811627, 28.596034 ], [ 106.813526, 28.599144 ], [ 106.814488, 28.600303 ], [ 106.815304, 28.600634 ], [ 106.81535, 28.600652 ], [ 106.816239, 28.601008 ], [ 106.818752, 28.601318 ], [ 106.820831, 28.601511 ], [ 106.823163, 28.602013 ], [ 106.823864, 28.602766 ], [ 106.823582, 28.60436 ], [ 106.823296, 28.606593 ], [ 106.824112, 28.607982 ], [ 106.825585, 28.609426 ], [ 106.827443, 28.61128 ], [ 106.82853, 28.612956 ], [ 106.829205, 28.6148 ], [ 106.829373, 28.616633 ], [ 106.827599, 28.618103 ], [ 106.825512, 28.618772 ], [ 106.824845, 28.62014 ], [ 106.824349, 28.622317 ], [ 106.824524, 28.623754 ], [ 106.82518, 28.624791 ], [ 106.826306, 28.625872 ], [ 106.827557, 28.626633 ], [ 106.828442, 28.62707 ], [ 106.829273, 28.62724 ], [ 106.832066, 28.62738 ], [ 106.834942, 28.628225 ], [ 106.836346, 28.628989 ], [ 106.83815, 28.629981 ], [ 106.83963, 28.630284 ], [ 106.841198, 28.630238 ], [ 106.84251, 28.629165 ], [ 106.844411, 28.628029 ], [ 106.846772, 28.627339 ], [ 106.848847, 28.628049 ], [ 106.850575, 28.629205 ], [ 106.852894, 28.630489 ], [ 106.855427, 28.630975 ], [ 106.857056, 28.630415 ], [ 106.858769, 28.62994 ], [ 106.860382, 28.630011 ], [ 106.863464, 28.630044 ], [ 106.86346448200004, 28.630048441000042 ], [ 106.863651, 28.631768 ], [ 106.863758, 28.632849 ], [ 106.863865, 28.634113 ], [ 106.863972, 28.634831 ], [ 106.864174, 28.635734 ], [ 106.864182, 28.636817 ], [ 106.864494, 28.638173 ], [ 106.864601, 28.639343 ], [ 106.864815, 28.640424 ], [ 106.86501, 28.641057 ], [ 106.865117, 28.642227 ], [ 106.86543, 28.643399 ], [ 106.865735, 28.644663 ], [ 106.865735, 28.644846 ], [ 106.865948, 28.645296 ], [ 106.865948030000084, 28.645302078000043 ], [ 106.865964, 28.648533 ], [ 106.865975, 28.649891 ], [ 106.86567, 28.651066 ], [ 106.864857, 28.651971 ], [ 106.862912, 28.653421 ], [ 106.863187, 28.655951 ], [ 106.864255, 28.658255 ], [ 106.865712, 28.660333 ], [ 106.867642, 28.662302 ], [ 106.869412, 28.665819 ], [ 106.869413011000063, 28.66582186100004 ], [ 106.869702, 28.66664 ], [ 106.870465, 28.668758 ], [ 106.871045, 28.670104 ], [ 106.871117, 28.670223 ], [ 106.871884, 28.671708 ], [ 106.872624, 28.674006 ], [ 106.872914, 28.67659 ], [ 106.874028, 28.679182 ], [ 106.874989, 28.680838 ], [ 106.8755, 28.681718 ], [ 106.876697054000033, 28.683497567000074 ], [ 106.875355909000064, 28.687432497000032 ], [ 106.87624820700006, 28.691001689000075 ], [ 106.880293291000044, 28.692667312000026 ], [ 106.881958913000062, 28.695879584000068 ], [ 106.882553778000045, 28.700103127000034 ], [ 106.881185588000051, 28.700816966000048 ], [ 106.877675883000052, 28.697485720000032 ], [ 106.87196517700005, 28.69873493700004 ], [ 106.867206255000042, 28.698378018000028 ], [ 106.862566306000076, 28.695046773000058 ], [ 106.859829926000089, 28.691239635000045 ], [ 106.855368436000049, 28.688205822000043 ], [ 106.854476139000042, 28.691001689000075 ], [ 106.854297679000069, 28.695284719000028 ], [ 106.85144232600004, 28.699389289000067 ], [ 106.848289540000053, 28.702898994000066 ], [ 106.84876543200005, 28.709501998000064 ], [ 106.852572570000063, 28.711405567000043 ], [ 106.857747898000071, 28.712476325000068 ], [ 106.856617654000047, 28.716878327000074 ], [ 106.854917, 28.721373 ], [ 106.854356, 28.722055 ], [ 106.852056, 28.724037 ], [ 106.850367603000052, 28.725718025000049 ], [ 106.849035104000052, 28.727526415000057 ], [ 106.847369482000033, 28.729192038000065 ], [ 106.845085199000039, 28.73133355300007 ], [ 106.842943684000033, 28.732618462000062 ], [ 106.839800813000068, 28.733135995000055 ], [ 106.837193, 28.731601 ], [ 106.834268566000048, 28.733076508000067 ], [ 106.834447026000078, 28.735336996000058 ], [ 106.834922918000075, 28.736824159000037 ], [ 106.835217, 28.737833 ], [ 106.833237, 28.738604 ], [ 106.831886, 28.737617 ], [ 106.830536, 28.736801 ], [ 106.828514, 28.736668 ], [ 106.826824, 28.73763 ], [ 106.825375, 28.739395 ], [ 106.824429, 28.741046 ], [ 106.823739, 28.744482 ], [ 106.8233, 28.747746 ], [ 106.822582, 28.749984 ], [ 106.822548, 28.750096 ], [ 106.821739, 28.752151 ], [ 106.821213, 28.753318 ], [ 106.820385, 28.755091 ], [ 106.820038, 28.756792 ], [ 106.820122, 28.759455 ], [ 106.820126437000056, 28.75946076200006 ], [ 106.821385, 28.761095 ], [ 106.822034, 28.761952 ], [ 106.824021, 28.764495 ], [ 106.826531, 28.766836 ], [ 106.827788501000043, 28.77060457400006 ], [ 106.828359571000078, 28.773459927000033 ], [ 106.830215551000038, 28.772460554000077 ], [ 106.833141, 28.769247 ], [ 106.834728, 28.770128 ], [ 106.835212419000072, 28.772888857000055 ], [ 106.832999520000044, 28.775387291000072 ], [ 106.83421304500007, 28.778742331000046 ], [ 106.838281924000057, 28.783168128000057 ], [ 106.842493570000045, 28.784738572000037 ], [ 106.844849236000073, 28.781526300000053 ], [ 106.847990124000034, 28.782811209000045 ], [ 106.852487306000057, 28.785095492000039 ], [ 106.855913730000054, 28.786166249000075 ], [ 106.858483548000038, 28.785024108000073 ], [ 106.859078, 28.782831 ], [ 106.858834, 28.781165 ], [ 106.858788, 28.779845 ], [ 106.859208, 28.778703 ], [ 106.860714, 28.777857 ], [ 106.862976, 28.777936 ], [ 106.865437, 28.778874 ], [ 106.86813, 28.780789 ], [ 106.870377, 28.783111 ], [ 106.871117, 28.784306 ], [ 106.872101, 28.785896 ], [ 106.872546162000049, 28.789900813000031 ], [ 106.874030946000062, 28.792527738000047 ], [ 106.879855866000071, 28.795268877000069 ], [ 106.884938395000063, 28.799609014000055 ], [ 106.887850855000067, 28.802121725000063 ], [ 106.89070620800004, 28.803206759000034 ], [ 106.891186, 28.800734 ], [ 106.893333133000056, 28.79903794300003 ], [ 106.896702450000078, 28.802007511000056 ], [ 106.898041, 28.801637 ], [ 106.899998, 28.800627 ], [ 106.901528, 28.799554 ], [ 106.903397, 28.80032 ], [ 106.905766, 28.802924 ], [ 106.907418, 28.804321 ], [ 106.91443419400008, 28.809759795000048 ], [ 106.918645840000067, 28.814423538000028 ], [ 106.920906328000058, 28.815137376000052 ], [ 106.923285789000033, 28.811925104000068 ], [ 106.926141142000063, 28.806214398000066 ], [ 106.931477, 28.800523 ], [ 106.933068, 28.798191 ], [ 106.934521, 28.795795 ], [ 106.935269, 28.793394 ], [ 106.935551, 28.791619 ], [ 106.935788, 28.790028 ], [ 106.936131, 28.788657 ], [ 106.93721, 28.786773 ], [ 106.938401, 28.785583 ], [ 106.940087, 28.784632 ], [ 106.942078, 28.78392 ], [ 106.942258, 28.783853 ], [ 106.94548913400007, 28.783502442000042 ], [ 106.948344487000043, 28.782859988000041 ], [ 106.948844174000044, 28.78050432200007 ], [ 106.946709, 28.777425 ], [ 106.9468, 28.775642 ], [ 106.946297, 28.774035 ], [ 106.946648, 28.772374 ], [ 106.94693, 28.771172 ], [ 106.94785, 28.770384 ], [ 106.950978, 28.770481 ], [ 106.953316, 28.770972 ], [ 106.955853, 28.771803 ], [ 106.957787, 28.772346 ], [ 106.959953, 28.77349 ], [ 106.961243, 28.775054 ], [ 106.96278, 28.776626 ], [ 106.96389, 28.777498 ], [ 106.965852561000077, 28.779195618000074 ], [ 106.968136844000071, 28.779576332000033 ], [ 106.969624, 28.777287 ], [ 106.971893, 28.776718 ], [ 106.972229, 28.775747 ], [ 106.973361298000043, 28.77444280900005 ], [ 106.973362, 28.774442 ], [ 106.975514, 28.77464 ], [ 106.979558257000065, 28.774468422000041 ], [ 106.984935839000059, 28.775943688000041 ], [ 106.988219495000067, 28.773564227000065 ], [ 106.988980922000053, 28.77437324400006 ], [ 106.986458694000078, 28.776990651000062 ], [ 106.986601461000078, 28.780464664000078 ], [ 106.982508788000075, 28.782368233000057 ], [ 106.978368526000054, 28.783891088000075 ], [ 106.976798082000073, 28.785366353000029 ], [ 106.978082991000065, 28.786651262000078 ], [ 106.980795576000048, 28.785794656000064 ], [ 106.983936465000056, 28.787983761000078 ], [ 106.985459320000075, 28.789411437000069 ], [ 106.98512, 28.79039 ], [ 106.98462, 28.791471 ], [ 106.984421, 28.792013 ], [ 106.984124, 28.792465 ], [ 106.984009, 28.792829 ], [ 106.982948, 28.795212 ], [ 106.981823, 28.797826 ], [ 106.981121, 28.799995 ], [ 106.980705, 28.800806 ], [ 106.980194, 28.80117 ], [ 106.979275, 28.801259 ], [ 106.979057, 28.801351 ], [ 106.978974, 28.801623 ], [ 106.979695, 28.803248 ], [ 106.979695, 28.803877 ], [ 106.979298, 28.804599 ], [ 106.978981, 28.805593 ], [ 106.978684, 28.806043 ], [ 106.978172, 28.807577 ], [ 106.977764, 28.80821 ], [ 106.977459, 28.809204 ], [ 106.977261, 28.811364 ], [ 106.977261, 28.812089 ], [ 106.977483, 28.813622 ], [ 106.977582, 28.814525 ], [ 106.977902, 28.815787 ], [ 106.978425, 28.818049 ], [ 106.978631, 28.818861 ], [ 106.97873, 28.819944 ], [ 106.979184, 28.821025 ], [ 106.979268, 28.821203 ], [ 106.979153, 28.821386 ], [ 106.979481, 28.822101 ], [ 106.98021, 28.823362 ], [ 106.980316, 28.824629 ], [ 106.980019, 28.826165 ], [ 106.980332, 28.826704 ], [ 106.981671, 28.827515 ], [ 106.983567, 28.829455 ], [ 106.984185, 28.830447 ], [ 106.984483, 28.831826 ], [ 106.984212, 28.832706 ], [ 106.983987, 28.833349 ], [ 106.983899, 28.833608 ], [ 106.983701, 28.834331 ], [ 106.983201, 28.836626 ], [ 106.983155, 28.836812 ], [ 106.982453, 28.839971 ], [ 106.981247, 28.845653 ], [ 106.980942, 28.846736 ], [ 106.980644, 28.847729 ], [ 106.979939, 28.850252 ], [ 106.97974, 28.852245 ], [ 106.979954, 28.853237 ], [ 106.980576, 28.854316 ], [ 106.98243, 28.855219 ], [ 106.982430549000071, 28.855219103000024 ], [ 106.984116, 28.855534 ], [ 106.986787, 28.85562 ], [ 106.989262, 28.855529 ], [ 106.991731, 28.855346 ], [ 106.995126, 28.855618 ], [ 106.995942, 28.85574 ], [ 106.997444, 28.855943 ], [ 106.998478, 28.856301 ], [ 106.999722, 28.85729 ], [ 107.000035, 28.857936 ], [ 107.000764, 28.859447 ], [ 107.000863, 28.860441 ], [ 107.001107, 28.862491 ], [ 107.003804, 28.861988 ], [ 107.00464, 28.861764 ], [ 107.005994, 28.861769 ], [ 107.007474, 28.861998 ], [ 107.008847, 28.861787 ], [ 107.010071, 28.861734 ], [ 107.011811, 28.86151 ], [ 107.012776, 28.861744 ], [ 107.013871, 28.862143 ], [ 107.014645, 28.862776 ], [ 107.014966, 28.863865 ], [ 107.014966, 28.865007 ], [ 107.014645, 28.868087 ], [ 107.014073, 28.87043 ], [ 107.013935, 28.872369 ], [ 107.013554, 28.874024 ], [ 107.013294, 28.875797 ], [ 107.013039, 28.877109 ], [ 107.012215, 28.878584 ], [ 107.01199, 28.879411 ], [ 107.012036, 28.879601 ], [ 107.012566, 28.881316 ], [ 107.012978, 28.882129 ], [ 107.013089, 28.88276 ], [ 107.013615, 28.884924 ], [ 107.013821, 28.885463 ], [ 107.013882, 28.886017 ], [ 107.014023, 28.886058 ], [ 107.015347, 28.88631 ], [ 107.019078, 28.8863 ], [ 107.022034, 28.886131 ], [ 107.024391, 28.885874 ], [ 107.028198, 28.885406 ], [ 107.030479, 28.884918 ], [ 107.032387, 28.884258 ], [ 107.033738, 28.882814 ], [ 107.034592, 28.881049 ], [ 107.034371, 28.879507 ], [ 107.033997, 28.878116 ], [ 107.033604, 28.876405 ], [ 107.033146, 28.874493 ], [ 107.032826, 28.873178 ], [ 107.032562, 28.871917 ], [ 107.032555, 28.870781 ], [ 107.032746, 28.869408 ], [ 107.032807, 28.868495 ], [ 107.03307, 28.867867 ], [ 107.033673, 28.867201 ], [ 107.034768, 28.866804 ], [ 107.036378, 28.86698 ], [ 107.038308, 28.867728 ], [ 107.039472, 28.868302 ], [ 107.041077, 28.869162 ], [ 107.042554, 28.869795 ], [ 107.042748, 28.869831 ], [ 107.043843, 28.870027 ], [ 107.044873, 28.870487 ], [ 107.046037, 28.870854 ], [ 107.047131, 28.871315 ], [ 107.047883, 28.871508 ], [ 107.049695, 28.871681 ], [ 107.052651, 28.871834 ], [ 107.054394, 28.872027 ], [ 107.053445, 28.87235 ], [ 107.051968, 28.87292 ], [ 107.050492, 28.873606 ], [ 107.048947, 28.874344 ], [ 107.04728, 28.875028 ], [ 107.045792, 28.875598 ], [ 107.044575, 28.876186 ], [ 107.044423, 28.87626 ], [ 107.043259, 28.876883 ], [ 107.042233, 28.877511 ], [ 107.041653, 28.877854 ], [ 107.041333, 28.878022 ], [ 107.041077, 28.878818 ], [ 107.041592, 28.879904 ], [ 107.042302, 28.880705 ], [ 107.043267, 28.881908 ], [ 107.043911, 28.882824 ], [ 107.044491, 28.883798 ], [ 107.044877, 28.885111 ], [ 107.044877, 28.886255 ], [ 107.045136, 28.888083 ], [ 107.045327, 28.889058 ], [ 107.045987, 28.890555 ], [ 107.046761, 28.891585 ], [ 107.047154, 28.893075 ], [ 107.048249, 28.894163 ], [ 107.049142, 28.89485 ], [ 107.05082, 28.895079 ], [ 107.052564, 28.894906 ], [ 107.054616, 28.895259 ], [ 107.055962, 28.895544 ], [ 107.057126, 28.895776 ], [ 107.057698, 28.895778 ], [ 107.058446, 28.895587 ], [ 107.05935, 28.896332 ], [ 107.060558, 28.897069 ], [ 107.061462, 28.897697 ], [ 107.062225, 28.898381 ], [ 107.062675, 28.897125 ], [ 107.063657, 28.896052 ], [ 107.064881, 28.894737 ], [ 107.065774, 28.893652 ], [ 107.066678, 28.892398 ], [ 107.067895, 28.889996 ], [ 107.068215, 28.889427 ], [ 107.068795, 28.889084 ], [ 107.069695, 28.888857 ], [ 107.070531, 28.888801 ], [ 107.071724, 28.888959 ], [ 107.072686, 28.88913 ], [ 107.072495, 28.88873 ], [ 107.072174, 28.888161 ], [ 107.071011, 28.886787 ], [ 107.070531, 28.886055 ], [ 107.070332, 28.885259 ], [ 107.071256, 28.88416 ], [ 107.07171, 28.883132 ], [ 107.071839, 28.882044 ], [ 107.070744, 28.881014 ], [ 107.069176, 28.880457 ], [ 107.067693, 28.880167 ], [ 107.066216, 28.879709 ], [ 107.065064, 28.878908 ], [ 107.064144, 28.878001 ], [ 107.063179, 28.876915 ], [ 107.061565, 28.875255 ], [ 107.060543, 28.87411 ], [ 107.06028, 28.873538 ], [ 107.059727, 28.871741 ], [ 107.060315, 28.871662 ], [ 107.062363, 28.870826 ], [ 107.063103099000045, 28.870401389000051 ], [ 107.063733, 28.87004 ], [ 107.065507, 28.869198 ], [ 107.067281, 28.868875 ], [ 107.068841, 28.86958 ], [ 107.069855, 28.871314 ], [ 107.070538, 28.873045 ], [ 107.071946, 28.873788 ], [ 107.074552, 28.873874 ], [ 107.077424, 28.87408 ], [ 107.079831, 28.874449 ], [ 107.0827, 28.87528 ], [ 107.084408, 28.876301 ], [ 107.085885, 28.878096 ], [ 107.086839, 28.880683 ], [ 107.088345, 28.882982 ], [ 107.08968, 28.884398 ], [ 107.092141, 28.886377 ], [ 107.094952, 28.888505 ], [ 107.098752, 28.891101 ], [ 107.099869, 28.891696 ], [ 107.101258, 28.891958 ], [ 107.104165, 28.891843 ], [ 107.106106, 28.89177 ], [ 107.111127, 28.891585 ], [ 107.11797, 28.8913 ], [ 107.120568, 28.891254 ], [ 107.122273, 28.891229 ], [ 107.125004, 28.891214 ], [ 107.126244, 28.891206 ], [ 107.128784, 28.891224 ], [ 107.131001, 28.890957 ], [ 107.13216, 28.89054 ], [ 107.134381, 28.890641 ], [ 107.136559, 28.890753 ], [ 107.137582, 28.890753 ], [ 107.138544920000072, 28.890522456000042 ], [ 107.138551, 28.890521 ], [ 107.139294, 28.890014 ], [ 107.139744, 28.889442 ], [ 107.139683, 28.888643 ], [ 107.139423, 28.887501 ], [ 107.139423, 28.885271 ], [ 107.139484, 28.884414 ], [ 107.139675, 28.8835 ], [ 107.140064, 28.882528 ], [ 107.140316, 28.881613 ], [ 107.141407, 28.879896 ], [ 107.141914, 28.879383 ], [ 107.142426, 28.879266 ], [ 107.144608, 28.879263 ], [ 107.146222, 28.879564 ], [ 107.1484, 28.880075 ], [ 107.148789, 28.880589 ], [ 107.14911, 28.881731 ], [ 107.14911, 28.882415 ], [ 107.149621, 28.883674 ], [ 107.150254, 28.884634 ], [ 107.150574, 28.885148 ], [ 107.151471, 28.886005 ], [ 107.152821, 28.88646 ], [ 107.153264, 28.886628 ], [ 107.154034, 28.886628 ], [ 107.154992, 28.886279 ], [ 107.156662, 28.885763 ], [ 107.158162, 28.885212 ], [ 107.159383, 28.88464 ], [ 107.161172, 28.884069 ], [ 107.162198, 28.883724 ], [ 107.16277, 28.883665 ], [ 107.165009, 28.88366 ], [ 107.165971, 28.883713 ], [ 107.168088, 28.884335 ], [ 107.169179, 28.884617 ], [ 107.170518, 28.884902 ], [ 107.172459, 28.885607 ], [ 107.174313, 28.886459 ], [ 107.175721, 28.887598 ], [ 107.176942, 28.888511 ], [ 107.177899, 28.889538 ], [ 107.178288, 28.89022 ], [ 107.178799, 28.890108 ], [ 107.17912, 28.889762 ], [ 107.179379, 28.88919 ], [ 107.179249, 28.888335 ], [ 107.178609, 28.887364 ], [ 107.178479, 28.886509 ], [ 107.178281, 28.885993 ], [ 107.177899, 28.884625 ], [ 107.177899, 28.884283 ], [ 107.178029, 28.883769 ], [ 107.17809, 28.883426 ], [ 107.178471, 28.882798 ], [ 107.179112, 28.882622 ], [ 107.179757, 28.883022 ], [ 107.180009, 28.883823 ], [ 107.180718, 28.88519 ], [ 107.181679, 28.886387 ], [ 107.182, 28.887016 ], [ 107.182767, 28.887984 ], [ 107.183812, 28.889021 ], [ 107.184456, 28.889479 ], [ 107.18586, 28.890729 ], [ 107.186821, 28.8917 ], [ 107.187462, 28.891924 ], [ 107.188099, 28.892041 ], [ 107.188485, 28.892036 ], [ 107.189255, 28.891866 ], [ 107.189835, 28.891347 ], [ 107.190216, 28.890721 ], [ 107.190346, 28.88998 ], [ 107.190472, 28.889352 ], [ 107.190659, 28.888838 ], [ 107.190911, 28.888093 ], [ 107.191491, 28.887236 ], [ 107.192002, 28.886092 ], [ 107.192643, 28.885059 ], [ 107.193795, 28.883006 ], [ 107.194115, 28.881518 ], [ 107.193531, 28.881121 ], [ 107.192253, 28.881121 ], [ 107.19014, 28.880557 ], [ 107.189694, 28.880325 ], [ 107.189694, 28.879697 ], [ 107.190461, 28.879181 ], [ 107.190972, 28.878894 ], [ 107.191933, 28.878321 ], [ 107.193073, 28.87781 ], [ 107.194035, 28.877181 ], [ 107.194935, 28.87678 ], [ 107.196297, 28.876163 ], [ 107.196877, 28.875878 ], [ 107.197647, 28.875591 ], [ 107.198421640000049, 28.875079241000037 ], [ 107.198864, 28.874787 ], [ 107.199825, 28.874101 ], [ 107.200207, 28.87347 ], [ 107.200398, 28.873015 ], [ 107.200909, 28.872326 ], [ 107.201608, 28.871816 ], [ 107.20205, 28.871412 ], [ 107.20218, 28.871127 ], [ 107.201859, 28.869756 ], [ 107.200841, 28.868785 ], [ 107.200131, 28.867414 ], [ 107.198338, 28.863649 ], [ 107.19693, 28.860564 ], [ 107.195496, 28.857135 ], [ 107.194019, 28.85405 ], [ 107.192555, 28.850508 ], [ 107.192105, 28.848738 ], [ 107.191586, 28.846803 ], [ 107.191586, 28.844919 ], [ 107.190888, 28.842803 ], [ 107.190689, 28.84189 ], [ 107.190819, 28.841203 ], [ 107.191586, 28.841142 ], [ 107.194977, 28.84114 ], [ 107.197293, 28.841488 ], [ 107.199605, 28.841371 ], [ 107.201455, 28.841427 ], [ 107.203763, 28.841361 ], [ 107.206834, 28.840725 ], [ 107.208459, 28.84002 ], [ 107.209489, 28.839621 ], [ 107.210576, 28.839046 ], [ 107.211598, 28.838756 ], [ 107.212949, 28.839041 ], [ 107.214677, 28.839097 ], [ 107.215638, 28.839038 ], [ 107.216279, 28.839265 ], [ 107.217431, 28.839834 ], [ 107.218911, 28.839946 ], [ 107.22057, 28.83989 ], [ 107.221997, 28.840005 ], [ 107.222501918000034, 28.83992084700003 ], [ 107.222699, 28.839888 ], [ 107.223218, 28.839145 ], [ 107.222256, 28.838917 ], [ 107.221226, 28.838288 ], [ 107.221150652000063, 28.838225596000029 ], [ 107.22012, 28.837372 ], [ 107.21993, 28.836747 ], [ 107.219911, 28.836482 ], [ 107.219861, 28.835834 ], [ 107.2198, 28.834344 ], [ 107.219861, 28.833314 ], [ 107.21967, 28.832685 ], [ 107.218709, 28.832688 ], [ 107.216081, 28.832462 ], [ 107.21531, 28.832406 ], [ 107.213899, 28.832009 ], [ 107.21275, 28.831841 ], [ 107.212033, 28.831345 ], [ 107.21201, 28.830811 ], [ 107.211385, 28.828281 ], [ 107.209347, 28.825248 ], [ 107.208496, 28.824564 ], [ 107.207642, 28.822741 ], [ 107.206795, 28.820667 ], [ 107.206261, 28.817867 ], [ 107.206223, 28.811464 ], [ 107.206612, 28.808126 ], [ 107.207008, 28.80686 ], [ 107.207905, 28.804507 ], [ 107.208432, 28.802725 ], [ 107.20892, 28.799831 ], [ 107.209241, 28.798346 ], [ 107.210637, 28.796983 ], [ 107.212342, 28.795568 ], [ 107.213601, 28.793628 ], [ 107.214471, 28.791917 ], [ 107.21489, 28.790087 ], [ 107.214585, 28.787902 ], [ 107.213639, 28.785715 ], [ 107.212738, 28.784224 ], [ 107.212391473000082, 28.783030671000063 ], [ 107.212303, 28.782726 ], [ 107.212708, 28.781643 ], [ 107.21344, 28.780102 ], [ 107.214916, 28.775928 ], [ 107.217922, 28.774687 ], [ 107.2221, 28.773637 ], [ 107.225499, 28.772516 ], [ 107.227925, 28.771507 ], [ 107.230473, 28.769976 ], [ 107.23309, 28.768789 ], [ 107.236363, 28.767388 ], [ 107.239102, 28.766322 ], [ 107.24062, 28.765593 ], [ 107.242375, 28.765153 ], [ 107.24413, 28.765069 ], [ 107.245541, 28.766137 ], [ 107.24569, 28.766259 ], [ 107.247845, 28.768031 ], [ 107.248616, 28.769058 ], [ 107.24926, 28.770032 ], [ 107.249581, 28.771286 ], [ 107.249771, 28.772607 ], [ 107.249901, 28.773576 ], [ 107.249771, 28.774662 ], [ 107.249989, 28.776 ], [ 107.250031, 28.776267 ], [ 107.249989, 28.776664 ], [ 107.249901, 28.777465 ], [ 107.249467, 28.778488 ], [ 107.249077, 28.779574 ], [ 107.248826, 28.780604 ], [ 107.248566, 28.781461 ], [ 107.248246, 28.782661 ], [ 107.248124, 28.783806 ], [ 107.248635, 28.784885 ], [ 107.248757857000044, 28.786552827000037 ], [ 107.248757857000044, 28.788218450000045 ], [ 107.249376516000041, 28.790455143000031 ], [ 107.249519284000087, 28.793929156000047 ], [ 107.250137944000073, 28.796689331000039 ], [ 107.252755351000076, 28.796451385000069 ], [ 107.257038381000086, 28.794738173000042 ], [ 107.260226859000056, 28.794119513000055 ], [ 107.26146417800004, 28.795356833000028 ], [ 107.265038, 28.798541 ], [ 107.267693, 28.799886 ], [ 107.269559, 28.801051 ], [ 107.272862, 28.802398 ], [ 107.276372, 28.803115 ], [ 107.280533, 28.803899 ], [ 107.282628, 28.804034 ], [ 107.285146, 28.80428 ], [ 107.287499, 28.804763 ], [ 107.28996, 28.805762 ], [ 107.2921, 28.806871 ], [ 107.294122, 28.807977 ], [ 107.295926, 28.808898 ], [ 107.297745, 28.809549 ], [ 107.300282, 28.809969 ], [ 107.30523, 28.810358 ], [ 107.309186, 28.810258 ], [ 107.312512, 28.810464 ], [ 107.315175, 28.81113 ], [ 107.317967, 28.811855 ], [ 107.320988, 28.812729 ], [ 107.323395, 28.814196 ], [ 107.324993, 28.815822 ], [ 107.326611, 28.817277 ], [ 107.328171, 28.818737 ], [ 107.32946, 28.820423 ], [ 107.330105, 28.821806 ], [ 107.330811, 28.823276 ], [ 107.330994, 28.823657 ], [ 107.331764, 28.824814 ], [ 107.333165, 28.825674 ], [ 107.335168, 28.826449 ], [ 107.337136, 28.826884 ], [ 107.338635, 28.827535 ], [ 107.339398, 28.828282 ], [ 107.340508, 28.829266 ], [ 107.340882, 28.830304 ], [ 107.340722, 28.832707 ], [ 107.340302, 28.833363 ], [ 107.339738, 28.834246 ], [ 107.338033, 28.835319 ], [ 107.335347, 28.836377 ], [ 107.335248, 28.83643 ], [ 107.333234, 28.837496 ], [ 107.331482, 28.838174 ], [ 107.32859, 28.840876 ], [ 107.327988, 28.842593 ], [ 107.327591, 28.844304 ], [ 107.327828, 28.845456 ], [ 107.329762, 28.847433 ], [ 107.329771791000042, 28.847437104000051 ], [ 107.332608, 28.848626 ], [ 107.335393, 28.848935 ], [ 107.338215, 28.848271 ], [ 107.340439, 28.847549 ], [ 107.343049, 28.847689 ], [ 107.346069, 28.848674 ], [ 107.34861, 28.849668 ], [ 107.351467, 28.850841 ], [ 107.353611, 28.852069 ], [ 107.355438, 28.853058 ], [ 107.35667, 28.852845 ], [ 107.357975, 28.851764 ], [ 107.358964, 28.850199 ], [ 107.359948, 28.848714 ], [ 107.361596, 28.848098 ], [ 107.362775, 28.848052 ], [ 107.365174, 28.849049 ], [ 107.367703, 28.850735 ], [ 107.368676, 28.851371 ], [ 107.370492, 28.851549 ], [ 107.371891, 28.851666 ], [ 107.37183, 28.851697 ], [ 107.375015, 28.852009 ], [ 107.375401, 28.852045 ], [ 107.384377, 28.858609 ], [ 107.384835, 28.859723 ], [ 107.386135, 28.860422 ], [ 107.38802, 28.861643 ], [ 107.389893, 28.862688 ], [ 107.390847, 28.863901 ], [ 107.390373, 28.865613 ], [ 107.389114, 28.868128 ], [ 107.388458, 28.86883 ], [ 107.387455, 28.869891 ], [ 107.387386, 28.871498 ], [ 107.38932, 28.873917 ], [ 107.3908, 28.87599 ], [ 107.391827, 28.87846 ], [ 107.39217, 28.879025 ], [ 107.393307, 28.880823 ], [ 107.394768, 28.883587 ], [ 107.397583, 28.887552 ], [ 107.400391, 28.892729 ], [ 107.401554, 28.894514 ], [ 107.402981, 28.895155 ], [ 107.402997185000061, 28.895150689000047 ], [ 107.404862, 28.894654 ], [ 107.406258, 28.893288 ], [ 107.410661, 28.892762 ], [ 107.410832, 28.892952 ], [ 107.411508, 28.893708 ], [ 107.412396, 28.896819 ], [ 107.41108, 28.899252 ], [ 107.410313, 28.901674 ], [ 107.411324, 28.903583 ], [ 107.411637, 28.905264 ], [ 107.410607, 28.907004 ], [ 107.410111, 28.909979 ], [ 107.410294, 28.912385 ], [ 107.409249, 28.914452 ], [ 107.410188, 28.916658 ], [ 107.410264, 28.916841 ], [ 107.412518, 28.919596 ], [ 107.412988, 28.92017 ], [ 107.413079, 28.92028 ], [ 107.414483, 28.922175 ], [ 107.414484141000059, 28.922179709000034 ], [ 107.415093, 28.924693 ], [ 107.415673, 28.926489 ], [ 107.416543, 28.92828 ], [ 107.417122, 28.929714 ], [ 107.417969, 28.931021 ], [ 107.419159, 28.932275 ], [ 107.420609, 28.933501 ], [ 107.422955, 28.934536 ], [ 107.424955754000052, 28.934786110000061 ], [ 107.425919436000072, 28.937534387000028 ], [ 107.428025259000037, 28.940211281000074 ], [ 107.42823941100005, 28.943387861000076 ], [ 107.431344607000085, 28.94581491100007 ], [ 107.434164268000075, 28.948777340000049 ], [ 107.434235652000041, 28.952346532000035 ], [ 107.433807349000062, 28.954630814000041 ], [ 107.434271344000081, 28.955915723000032 ], [ 107.432772284000066, 28.957950162000031 ], [ 107.430809228000044, 28.956915097000035 ], [ 107.42649050700004, 28.95652248600004 ], [ 107.423016, 28.95711 ], [ 107.41977, 28.957031 ], [ 107.416962, 28.957473 ], [ 107.41428, 28.958775 ], [ 107.412, 28.959669 ], [ 107.41023, 28.960977 ], [ 107.408383, 28.963085 ], [ 107.404876673000047, 28.964726273000053 ], [ 107.403448996000066, 28.968495339000071 ], [ 107.401164713000071, 28.971636227000033 ], [ 107.399508609000065, 28.97506265100003 ], [ 107.398602, 28.978372 ], [ 107.401029084000072, 28.980002412000033 ], [ 107.400136786000076, 28.982143927000038 ], [ 107.397697839000045, 28.985951065000052 ], [ 107.396032216000037, 28.98720028200006 ], [ 107.395080432000043, 28.988211553000042 ], [ 107.393417, 28.990043 ], [ 107.391571, 28.99238 ], [ 107.38979, 28.994201 ], [ 107.387104, 28.9955 ], [ 107.383625, 28.996505 ], [ 107.379144, 28.996758 ], [ 107.378957, 28.996769 ], [ 107.377385, 28.996855 ], [ 107.375016, 28.996702 ], [ 107.374131, 28.996652 ], [ 107.371403, 28.996238 ], [ 107.370484, 28.996101 ], [ 107.369286, 28.9959 ], [ 107.367711, 28.99617 ], [ 107.36593, 28.99683 ], [ 107.365928564000058, 28.996831483000051 ], [ 107.364606, 28.998198 ], [ 107.36461, 29.000019 ], [ 107.36461, 29.000098 ], [ 107.363652, 29.002916 ], [ 107.362729, 29.005648 ], [ 107.359975, 29.010551 ], [ 107.35965, 29.011853 ], [ 107.359688, 29.012532 ], [ 107.360043, 29.013468 ], [ 107.360726, 29.014302 ], [ 107.362389, 29.01577 ], [ 107.363538, 29.016914 ], [ 107.364266, 29.017964 ], [ 107.365559, 29.0202 ], [ 107.366753, 29.02182 ], [ 107.36786, 29.022768 ], [ 107.370469, 29.024096 ], [ 107.371121, 29.024104 ], [ 107.372628, 29.023592 ], [ 107.37333, 29.023618 ], [ 107.373643, 29.023824 ], [ 107.373872, 29.024142 ], [ 107.373997, 29.02479 ], [ 107.373803, 29.025879 ], [ 107.372734, 29.028058 ], [ 107.372597, 29.029139 ], [ 107.372788, 29.02967 ], [ 107.375027, 29.031595 ], [ 107.377533, 29.032747 ], [ 107.383168, 29.035345 ], [ 107.384507, 29.035872 ], [ 107.385964, 29.036452 ], [ 107.387368, 29.037148 ], [ 107.388394, 29.038084 ], [ 107.38931, 29.039488 ], [ 107.390042, 29.04105 ], [ 107.390629, 29.04252 ], [ 107.390904, 29.044117 ], [ 107.390675, 29.046134 ], [ 107.390172, 29.047988 ], [ 107.389966, 29.049201 ], [ 107.389531, 29.050997 ], [ 107.389271, 29.052439 ], [ 107.389027, 29.05394 ], [ 107.388569, 29.055389 ], [ 107.387981, 29.056673 ], [ 107.387394, 29.058126 ], [ 107.386799, 29.059465 ], [ 107.386464, 29.060569 ], [ 107.386307, 29.061607 ], [ 107.386033, 29.062591 ], [ 107.385934, 29.062924 ], [ 107.3853, 29.062331 ], [ 107.383851, 29.062039 ], [ 107.382084, 29.061475 ], [ 107.380112, 29.061142 ], [ 107.378853, 29.060987 ], [ 107.378334, 29.060918 ], [ 107.376881, 29.060628 ], [ 107.3755, 29.060275 ], [ 107.373617693000085, 29.059603314000071 ], [ 107.371690330000035, 29.060091104000037 ], [ 107.371309616000076, 29.062470565000069 ], [ 107.371071670000049, 29.066039756000066 ], [ 107.37151, 29.070731 ], [ 107.371545, 29.072267 ], [ 107.371838, 29.075362 ], [ 107.371556, 29.077633 ], [ 107.37121181200007, 29.078601604000028 ], [ 107.370469, 29.080692 ], [ 107.369489, 29.083369 ], [ 107.369389, 29.083631 ], [ 107.368405, 29.08618 ], [ 107.365201, 29.094487 ], [ 107.365059, 29.0951 ], [ 107.365227, 29.096311 ], [ 107.365907, 29.097486 ], [ 107.366582, 29.098246 ], [ 107.368363368000075, 29.099152336000031 ], [ 107.369177143000059, 29.099166612000033 ], [ 107.37060482000004, 29.099428353000064 ], [ 107.369091483000034, 29.100708503000078 ], [ 107.36860607300008, 29.10166504700004 ], [ 107.369319911000048, 29.104472811000051 ], [ 107.370319285000051, 29.105186649000075 ], [ 107.371842140000069, 29.102569242000072 ], [ 107.372603567000056, 29.099856656000043 ], [ 107.374126422000074, 29.098524158000032 ], [ 107.377219721000074, 29.098333801000024 ], [ 107.379714210000088, 29.099769455000057 ], [ 107.379716, 29.099769 ], [ 107.383034, 29.09853 ], [ 107.384694, 29.097668 ], [ 107.386204, 29.096579 ], [ 107.387676, 29.095724 ], [ 107.388893, 29.095223 ], [ 107.389992, 29.094956 ], [ 107.391563, 29.094956 ], [ 107.393475, 29.095287 ], [ 107.395497, 29.095714 ], [ 107.397668, 29.096037 ], [ 107.397670137000034, 29.096037341000056 ], [ 107.399713, 29.096363 ], [ 107.401368, 29.097099 ], [ 107.402764, 29.097623 ], [ 107.403946, 29.097753 ], [ 107.404923, 29.097659 ], [ 107.40693, 29.097356 ], [ 107.40841, 29.096637 ], [ 107.408623, 29.097291 ], [ 107.408669, 29.098209 ], [ 107.408974, 29.099058 ], [ 107.40963, 29.100526 ], [ 107.410218, 29.101996 ], [ 107.411072, 29.103615 ], [ 107.411713, 29.104739 ], [ 107.412491, 29.105972 ], [ 107.413658, 29.107134 ], [ 107.414276, 29.107801 ], [ 107.414574, 29.108536 ], [ 107.414834, 29.109668 ], [ 107.414902, 29.1111 ], [ 107.415207, 29.112123 ], [ 107.415658, 29.113252 ], [ 107.416123, 29.114785 ], [ 107.41729, 29.116226 ], [ 107.418091, 29.117976 ], [ 107.418709, 29.11996 ], [ 107.419647, 29.121813 ], [ 107.420571, 29.123728 ], [ 107.421364, 29.125304 ], [ 107.42183, 29.126721 ], [ 107.422089, 29.128148 ], [ 107.422753, 29.129671 ], [ 107.423256, 29.130686 ], [ 107.423607, 29.131169 ], [ 107.423294, 29.131428 ], [ 107.422799, 29.131965 ], [ 107.421982, 29.132626 ], [ 107.420968, 29.133353 ], [ 107.420029, 29.134125 ], [ 107.419625, 29.135117 ], [ 107.4189, 29.136345 ], [ 107.417928, 29.137876 ], [ 107.416982, 29.13854 ], [ 107.415883, 29.138815 ], [ 107.414647, 29.138916 ], [ 107.413274, 29.138853 ], [ 107.411633, 29.138629 ], [ 107.409856, 29.138464 ], [ 107.408299, 29.138637 ], [ 107.407086, 29.13886 ], [ 107.40588, 29.139651 ], [ 107.405141, 29.140367 ], [ 107.404523, 29.141135 ], [ 107.403844, 29.142076 ], [ 107.403439, 29.143126 ], [ 107.403295, 29.144164 ], [ 107.403226, 29.145486 ], [ 107.403477, 29.146788 ], [ 107.403561, 29.148619 ], [ 107.403706, 29.150221 ], [ 107.404049, 29.152045 ], [ 107.404393, 29.153692 ], [ 107.405697, 29.156339 ], [ 107.4063, 29.158096 ], [ 107.406777, 29.159861 ], [ 107.407456, 29.161727 ], [ 107.408333, 29.163753 ], [ 107.407216, 29.165521 ], [ 107.40635, 29.165783 ], [ 107.405789, 29.166668 ], [ 107.405602, 29.166968 ], [ 107.403752, 29.169405 ], [ 107.40313, 29.170224 ], [ 107.398705, 29.175261 ], [ 107.397358, 29.177517 ], [ 107.396939, 29.178702 ], [ 107.396725, 29.180545 ], [ 107.396988, 29.187449 ], [ 107.399796, 29.190626 ], [ 107.400872, 29.191348 ], [ 107.403676, 29.191925 ], [ 107.408166, 29.192478 ], [ 107.410096, 29.192766 ], [ 107.411042, 29.19318 ], [ 107.412171, 29.19403 ], [ 107.412793, 29.194327 ], [ 107.413762, 29.19449 ], [ 107.415726, 29.194353 ], [ 107.416978, 29.193788 ], [ 107.418603, 29.192743 ], [ 107.419438, 29.192512 ], [ 107.421441, 29.192721 ], [ 107.422463, 29.193059 ], [ 107.423871, 29.193886 ], [ 107.425931, 29.195905 ], [ 107.428173, 29.19866 ], [ 107.429406, 29.199965 ], [ 107.434193, 29.204235 ], [ 107.434719, 29.204914 ], [ 107.435375, 29.205873 ], [ 107.435887, 29.2063 ], [ 107.436859, 29.206696 ], [ 107.438828, 29.206722 ], [ 107.442059, 29.206137 ], [ 107.443653, 29.205578 ], [ 107.450074, 29.201846 ], [ 107.456609, 29.199621 ], [ 107.458569, 29.198876 ], [ 107.459434458000032, 29.198220440000057 ], [ 107.459439, 29.198217 ], [ 107.459649, 29.19783 ], [ 107.459591, 29.197009 ], [ 107.459049, 29.195611 ], [ 107.458038, 29.193767 ], [ 107.457818, 29.19283 ], [ 107.457894, 29.192368 ], [ 107.458416, 29.191483 ], [ 107.45982, 29.189697 ], [ 107.460125, 29.188781 ], [ 107.460064, 29.187545 ], [ 107.459488, 29.18501 ], [ 107.458546, 29.183567 ], [ 107.457013, 29.181703 ], [ 107.456796, 29.180785 ], [ 107.456963, 29.180358 ], [ 107.457776, 29.179633 ], [ 107.461426, 29.178208 ], [ 107.465329, 29.176846 ], [ 107.465832, 29.176368 ], [ 107.466248, 29.175463 ], [ 107.466565, 29.175051 ], [ 107.467888, 29.173924 ], [ 107.468544, 29.173799 ], [ 107.469715, 29.1744 ], [ 107.472027, 29.176416 ], [ 107.473625, 29.178231 ], [ 107.473995, 29.178187 ], [ 107.474797, 29.177566 ], [ 107.475239, 29.176991 ], [ 107.47657, 29.176948 ], [ 107.478371, 29.177385 ], [ 107.479271, 29.177472 ], [ 107.48024, 29.177317 ], [ 107.481533, 29.17706 ], [ 107.482186, 29.177085 ], [ 107.483804, 29.177569 ], [ 107.486664, 29.179121 ], [ 107.48983, 29.181549 ], [ 107.493454, 29.18379 ], [ 107.495507, 29.185008 ], [ 107.498406, 29.186738 ], [ 107.499985, 29.187844 ], [ 107.500721, 29.188355 ], [ 107.50604, 29.193151 ], [ 107.509427, 29.195769 ], [ 107.509911, 29.196336 ], [ 107.510503, 29.197127 ], [ 107.51093, 29.197417 ], [ 107.512006, 29.19761 ], [ 107.513493, 29.197491 ], [ 107.514222, 29.197506 ], [ 107.517354, 29.197987 ], [ 107.518903, 29.198371 ], [ 107.520104, 29.198869 ], [ 107.523350969000035, 29.196919940000043 ], [ 107.52534971700004, 29.196015745000068 ], [ 107.527300875000037, 29.197062708000033 ], [ 107.528710705000037, 29.199390614000038 ], [ 107.529446, 29.200912 ], [ 107.529885, 29.20108 ], [ 107.529885332000049, 29.201080327000057 ], [ 107.532043, 29.203206 ], [ 107.534684, 29.204673 ], [ 107.538297, 29.206494 ], [ 107.539964, 29.20758 ], [ 107.541257, 29.208633 ], [ 107.543617, 29.210959 ], [ 107.54525, 29.213075 ], [ 107.545926, 29.214244 ], [ 107.546212, 29.215393 ], [ 107.546284, 29.216989 ], [ 107.546468, 29.217765 ], [ 107.547391, 29.219629 ], [ 107.547993, 29.220496 ], [ 107.54913, 29.221737 ], [ 107.550088, 29.22248 ], [ 107.552285, 29.223521 ], [ 107.554085, 29.224009 ], [ 107.557702, 29.224294 ], [ 107.558182678000037, 29.224258366000072 ], [ 107.561452, 29.224016 ], [ 107.563268, 29.223464 ], [ 107.565034, 29.22246 ], [ 107.565907, 29.221739 ], [ 107.566277, 29.221177 ], [ 107.566319, 29.220042 ], [ 107.565811, 29.219041 ], [ 107.564881, 29.217726 ], [ 107.564964, 29.21709 ], [ 107.566242, 29.215415 ], [ 107.569149, 29.212335 ], [ 107.569901, 29.21171 ], [ 107.570901, 29.210901 ], [ 107.571213, 29.210374 ], [ 107.571305, 29.209111 ], [ 107.570821, 29.207391 ], [ 107.570652474000042, 29.206510478000041 ], [ 107.570652, 29.206508 ], [ 107.570477, 29.203133 ] ] ] } }
]
}
